[
  {
    "frequency": 1,
    "overriddenMethods": []
  },
  {
    "frequency": 1,
    "overriddenMethods": [
      "Lorg/eclipse/jface/wizard/ProgressMonitorPart.attachToCancelComponent(Lorg/eclipse/swt/widgets/Control;)V",
      "Lorg/eclipse/jface/wizard/ProgressMonitorPart.beginTask(Ljava/lang/String;I)V",
      "Lorg/eclipse/jface/wizard/ProgressMonitorPart.clearBlocked()V",
      "Lorg/eclipse/jface/wizard/ProgressMonitorPart.done()V",
      "Lorg/eclipse/jface/wizard/ProgressMonitorPart.initialize(Lorg/eclipse/swt/widgets/Layout;I)V",
      "Lorg/eclipse/jface/wizard/ProgressMonitorPart.internalWorked(D)V",
      "Lorg/eclipse/jface/wizard/ProgressMonitorPart.isCanceled()Z",
      "Lorg/eclipse/jface/wizard/ProgressMonitorPart.removeFromCancelComponent(Lorg/eclipse/swt/widgets/Control;)V",
      "Lorg/eclipse/jface/wizard/ProgressMonitorPart.setBlocked(Lorg/eclipse/core/runtime/IStatus;)V",
      "Lorg/eclipse/jface/wizard/ProgressMonitorPart.setCanceled(Z)V",
      "Lorg/eclipse/jface/wizard/ProgressMonitorPart.setFont(Lorg/eclipse/swt/graphics/Font;)V",
      "Lorg/eclipse/jface/wizard/ProgressMonitorPart.setTaskName(Ljava/lang/String;)V",
      "Lorg/eclipse/jface/wizard/ProgressMonitorPart.subTask(Ljava/lang/String;)V",
      "Lorg/eclipse/jface/wizard/ProgressMonitorPart.updateLabel()V",
      "Lorg/eclipse/jface/wizard/ProgressMonitorPart.worked(I)V"
    ]
  },
  {
    "frequency": 3,
    "overriddenMethods": [
      "Lorg/eclipse/jface/wizard/ProgressMonitorPart.beginTask(Ljava/lang/String;I)V",
      "Lorg/eclipse/jface/wizard/ProgressMonitorPart.clearBlocked()V",
      "Lorg/eclipse/jface/wizard/ProgressMonitorPart.setBlocked(Lorg/eclipse/core/runtime/IStatus;)V",
      "Lorg/eclipse/jface/wizard/ProgressMonitorPart.setTaskName(Ljava/lang/String;)V",
      "Lorg/eclipse/jface/wizard/ProgressMonitorPart.subTask(Ljava/lang/String;)V"
    ]
  },
  {
    "frequency": 1,
    "overriddenMethods": [
      "Lorg/eclipse/jface/wizard/ProgressMonitorPart.beginTask(Ljava/lang/String;I)V",
      "Lorg/eclipse/jface/wizard/ProgressMonitorPart.done()V",
      "Lorg/eclipse/jface/wizard/ProgressMonitorPart.internalWorked(D)V",
      "Lorg/eclipse/jface/wizard/ProgressMonitorPart.setFont(Lorg/eclipse/swt/graphics/Font;)V",
      "Lorg/eclipse/jface/wizard/ProgressMonitorPart.updateLabel()V"
    ]
  }
]