[
  {
    "frequency": 12,
    "overriddenMethods": []
  },
  {
    "frequency": 1,
    "overriddenMethods": [
      "Lorg/eclipse/jface/wizard/Wizard.addPages()V",
      "Lorg/eclipse/jface/wizard/Wizard.getDefaultPageImage()Lorg/eclipse/swt/graphics/Image;",
      "Lorg/eclipse/jface/wizard/Wizard.performFinish()Z"
    ]
  },
  {
    "frequency": 20,
    "overriddenMethods": [
      "Lorg/eclipse/jface/wizard/Wizard.addPages()V",
      "Lorg/eclipse/jface/wizard/Wizard.getNextPage(Lorg/eclipse/jface/wizard/IWizardPage;)Lorg/eclipse/jface/wizard/IWizardPage;",
      "Lorg/eclipse/jface/wizard/Wizard.performFinish()Z"
    ]
  },
  {
    "frequency": 2,
    "overriddenMethods": [
      "Lorg/eclipse/jface/wizard/Wizard.addPages()V",
      "Lorg/eclipse/jface/wizard/Wizard.needsProgressMonitor()Z",
      "Lorg/eclipse/jface/wizard/Wizard.performCancel()Z",
      "Lorg/eclipse/jface/wizard/Wizard.performFinish()Z"
    ]
  },
  {
    "frequency": 23,
    "overriddenMethods": [
      "Lorg/eclipse/jface/wizard/Wizard.addPages()V",
      "Lorg/eclipse/jface/wizard/Wizard.dispose()V",
      "Lorg/eclipse/jface/wizard/Wizard.performFinish()Z"
    ]
  },
  {
    "frequency": 1,
    "overriddenMethods": [
      "Lorg/eclipse/jface/wizard/Wizard.addPages()V",
      "Lorg/eclipse/jface/wizard/Wizard.canFinish()Z",
      "Lorg/eclipse/jface/wizard/Wizard.needsPreviousAndNextButtons()Z",
      "Lorg/eclipse/jface/wizard/Wizard.performCancel()Z",
      "Lorg/eclipse/jface/wizard/Wizard.performFinish()Z"
    ]
  },
  {
    "frequency": 7,
    "overriddenMethods": [
      "Lorg/eclipse/jface/wizard/Wizard.addPages()V",
      "Lorg/eclipse/jface/wizard/Wizard.canFinish()Z",
      "Lorg/eclipse/jface/wizard/Wizard.performCancel()Z",
      "Lorg/eclipse/jface/wizard/Wizard.performFinish()Z"
    ]
  },
  {
    "frequency": 1,
    "overriddenMethods": [
      "Lorg/eclipse/jface/wizard/Wizard.addPages()V",
      "Lorg/eclipse/jface/wizard/Wizard.canFinish()Z",
      "Lorg/eclipse/jface/wizard/Wizard.getPreviousPage(Lorg/eclipse/jface/wizard/IWizardPage;)Lorg/eclipse/jface/wizard/IWizardPage;",
      "Lorg/eclipse/jface/wizard/Wizard.performFinish()Z"
    ]
  },
  {
    "frequency": 2,
    "overriddenMethods": [
      "Lorg/eclipse/jface/wizard/Wizard.addPages()V",
      "Lorg/eclipse/jface/wizard/Wizard.performFinish()Z",
      "Lorg/eclipse/jface/wizard/Wizard.setContainer(Lorg/eclipse/jface/wizard/IWizardContainer;)V"
    ]
  },
  {
    "frequency": 1,
    "overriddenMethods": [
      "Lorg/eclipse/jface/wizard/Wizard.addPages()V",
      "Lorg/eclipse/jface/wizard/Wizard.getNextPage(Lorg/eclipse/jface/wizard/IWizardPage;)Lorg/eclipse/jface/wizard/IWizardPage;",
      "Lorg/eclipse/jface/wizard/Wizard.getShell()Lorg/eclipse/swt/widgets/Shell;",
      "Lorg/eclipse/jface/wizard/Wizard.performFinish()Z"
    ]
  },
  {
    "frequency": 1,
    "overriddenMethods": [
      "Lorg/eclipse/jface/wizard/Wizard.addPages()V",
      "Lorg/eclipse/jface/wizard/Wizard.canFinish()Z",
      "Lorg/eclipse/jface/wizard/Wizard.createPageControls(Lorg/eclipse/swt/widgets/Composite;)V",
      "Lorg/eclipse/jface/wizard/Wizard.getNextPage(Lorg/eclipse/jface/wizard/IWizardPage;)Lorg/eclipse/jface/wizard/IWizardPage;",
      "Lorg/eclipse/jface/wizard/Wizard.getPreviousPage(Lorg/eclipse/jface/wizard/IWizardPage;)Lorg/eclipse/jface/wizard/IWizardPage;",
      "Lorg/eclipse/jface/wizard/Wizard.needsPreviousAndNextButtons()Z",
      "Lorg/eclipse/jface/wizard/Wizard.performFinish()Z"
    ]
  },
  {
    "frequency": 1,
    "overriddenMethods": [
      "Lorg/eclipse/jface/wizard/Wizard.addPages()V",
      "Lorg/eclipse/jface/wizard/Wizard.canFinish()Z",
      "Lorg/eclipse/jface/wizard/Wizard.createPageControls(Lorg/eclipse/swt/widgets/Composite;)V",
      "Lorg/eclipse/jface/wizard/Wizard.dispose()V",
      "Lorg/eclipse/jface/wizard/Wizard.getNextPage(Lorg/eclipse/jface/wizard/IWizardPage;)Lorg/eclipse/jface/wizard/IWizardPage;",
      "Lorg/eclipse/jface/wizard/Wizard.performFinish()Z"
    ]
  },
  {
    "frequency": 3,
    "overriddenMethods": [
      "Lorg/eclipse/jface/wizard/Wizard.addPages()V",
      "Lorg/eclipse/jface/wizard/Wizard.getNextPage(Lorg/eclipse/jface/wizard/IWizardPage;)Lorg/eclipse/jface/wizard/IWizardPage;",
      "Lorg/eclipse/jface/wizard/Wizard.performCancel()Z",
      "Lorg/eclipse/jface/wizard/Wizard.performFinish()Z"
    ]
  },
  {
    "frequency": 5,
    "overriddenMethods": [
      "Lorg/eclipse/jface/wizard/Wizard.addPages()V",
      "Lorg/eclipse/jface/wizard/Wizard.canFinish()Z",
      "Lorg/eclipse/jface/wizard/Wizard.getNextPage(Lorg/eclipse/jface/wizard/IWizardPage;)Lorg/eclipse/jface/wizard/IWizardPage;",
      "Lorg/eclipse/jface/wizard/Wizard.getPreviousPage(Lorg/eclipse/jface/wizard/IWizardPage;)Lorg/eclipse/jface/wizard/IWizardPage;",
      "Lorg/eclipse/jface/wizard/Wizard.performFinish()Z"
    ]
  },
  {
    "frequency": 1,
    "overriddenMethods": [
      "Lorg/eclipse/jface/wizard/Wizard.addPages()V",
      "Lorg/eclipse/jface/wizard/Wizard.getNextPage(Lorg/eclipse/jface/wizard/IWizardPage;)Lorg/eclipse/jface/wizard/IWizardPage;",
      "Lorg/eclipse/jface/wizard/Wizard.getWindowTitle()Ljava/lang/String;",
      "Lorg/eclipse/jface/wizard/Wizard.performFinish()Z"
    ]
  },
  {
    "frequency": 13,
    "overriddenMethods": [
      "Lorg/eclipse/jface/wizard/Wizard.addPages()V",
      "Lorg/eclipse/jface/wizard/Wizard.canFinish()Z",
      "Lorg/eclipse/jface/wizard/Wizard.getWindowTitle()Ljava/lang/String;",
      "Lorg/eclipse/jface/wizard/Wizard.performFinish()Z"
    ]
  },
  {
    "frequency": 2,
    "overriddenMethods": [
      "Lorg/eclipse/jface/wizard/Wizard.addPages()V",
      "Lorg/eclipse/jface/wizard/Wizard.canFinish()Z",
      "Lorg/eclipse/jface/wizard/Wizard.isHelpAvailable()Z",
      "Lorg/eclipse/jface/wizard/Wizard.performFinish()Z"
    ]
  },
  {
    "frequency": 5,
    "overriddenMethods": [
      "Lorg/eclipse/jface/wizard/Wizard.addPages()V",
      "Lorg/eclipse/jface/wizard/Wizard.canFinish()Z",
      "Lorg/eclipse/jface/wizard/Wizard.getNextPage(Lorg/eclipse/jface/wizard/IWizardPage;)Lorg/eclipse/jface/wizard/IWizardPage;",
      "Lorg/eclipse/jface/wizard/Wizard.performCancel()Z",
      "Lorg/eclipse/jface/wizard/Wizard.performFinish()Z"
    ]
  },
  {
    "frequency": 1,
    "overriddenMethods": [
      "Ljava/lang/Object.toString()Ljava/lang/String;",
      "Lorg/eclipse/jface/wizard/Wizard.addPages()V",
      "Lorg/eclipse/jface/wizard/Wizard.getWindowTitle()Ljava/lang/String;",
      "Lorg/eclipse/jface/wizard/Wizard.performFinish()Z"
    ]
  },
  {
    "frequency": 132,
    "overriddenMethods": [
      "Lorg/eclipse/jface/wizard/Wizard.performFinish()Z"
    ]
  },
  {
    "frequency": 3,
    "overriddenMethods": [
      "Lorg/eclipse/jface/wizard/Wizard.addPages()V",
      "Lorg/eclipse/jface/wizard/Wizard.canFinish()Z",
      "Lorg/eclipse/jface/wizard/Wizard.needsPreviousAndNextButtons()Z",
      "Lorg/eclipse/jface/wizard/Wizard.performFinish()Z"
    ]
  },
  {
    "frequency": 1,
    "overriddenMethods": [
      "Lorg/eclipse/jface/wizard/Wizard.addPages()V",
      "Lorg/eclipse/jface/wizard/Wizard.canFinish()Z",
      "Lorg/eclipse/jface/wizard/Wizard.createPageControls(Lorg/eclipse/swt/widgets/Composite;)V",
      "Lorg/eclipse/jface/wizard/Wizard.getNextPage(Lorg/eclipse/jface/wizard/IWizardPage;)Lorg/eclipse/jface/wizard/IWizardPage;",
      "Lorg/eclipse/jface/wizard/Wizard.performCancel()Z",
      "Lorg/eclipse/jface/wizard/Wizard.performFinish()Z"
    ]
  },
  {
    "frequency": 1,
    "overriddenMethods": [
      "Lorg/eclipse/jface/wizard/Wizard.addPages()V",
      "Lorg/eclipse/jface/wizard/Wizard.canFinish()Z",
      "Lorg/eclipse/jface/wizard/Wizard.createPageControls(Lorg/eclipse/swt/widgets/Composite;)V",
      "Lorg/eclipse/jface/wizard/Wizard.dispose()V",
      "Lorg/eclipse/jface/wizard/Wizard.getNextPage(Lorg/eclipse/jface/wizard/IWizardPage;)Lorg/eclipse/jface/wizard/IWizardPage;",
      "Lorg/eclipse/jface/wizard/Wizard.getPages()[Lorg/eclipse/jface/wizard/IWizardPage;",
      "Lorg/eclipse/jface/wizard/Wizard.getPreviousPage(Lorg/eclipse/jface/wizard/IWizardPage;)Lorg/eclipse/jface/wizard/IWizardPage;",
      "Lorg/eclipse/jface/wizard/Wizard.getStartingPage()Lorg/eclipse/jface/wizard/IWizardPage;",
      "Lorg/eclipse/jface/wizard/Wizard.needsPreviousAndNextButtons()Z",
      "Lorg/eclipse/jface/wizard/Wizard.performFinish()Z"
    ]
  },
  {
    "frequency": 1,
    "overriddenMethods": [
      "Lorg/eclipse/jface/wizard/Wizard.addPages()V",
      "Lorg/eclipse/jface/wizard/Wizard.canFinish()Z",
      "Lorg/eclipse/jface/wizard/Wizard.createPageControls(Lorg/eclipse/swt/widgets/Composite;)V",
      "Lorg/eclipse/jface/wizard/Wizard.performCancel()Z",
      "Lorg/eclipse/jface/wizard/Wizard.performFinish()Z"
    ]
  },
  {
    "frequency": 1,
    "overriddenMethods": [
      "Lorg/eclipse/jface/wizard/Wizard.addPages()V",
      "Lorg/eclipse/jface/wizard/Wizard.canFinish()Z",
      "Lorg/eclipse/jface/wizard/Wizard.getNextPage(Lorg/eclipse/jface/wizard/IWizardPage;)Lorg/eclipse/jface/wizard/IWizardPage;",
      "Lorg/eclipse/jface/wizard/Wizard.getPreviousPage(Lorg/eclipse/jface/wizard/IWizardPage;)Lorg/eclipse/jface/wizard/IWizardPage;",
      "Lorg/eclipse/jface/wizard/Wizard.performCancel()Z",
      "Lorg/eclipse/jface/wizard/Wizard.performFinish()Z",
      "Lorg/eclipse/jface/wizard/Wizard.setContainer(Lorg/eclipse/jface/wizard/IWizardContainer;)V"
    ]
  },
  {
    "frequency": 1,
    "overriddenMethods": [
      "Lorg/eclipse/jface/wizard/Wizard.addPages()V",
      "Lorg/eclipse/jface/wizard/Wizard.isHelpAvailable()Z",
      "Lorg/eclipse/jface/wizard/Wizard.performCancel()Z",
      "Lorg/eclipse/jface/wizard/Wizard.performFinish()Z"
    ]
  },
  {
    "frequency": 2,
    "overriddenMethods": [
      "Lorg/eclipse/jface/wizard/Wizard.addPages()V",
      "Lorg/eclipse/jface/wizard/Wizard.canFinish()Z",
      "Lorg/eclipse/jface/wizard/Wizard.getNextPage(Lorg/eclipse/jface/wizard/IWizardPage;)Lorg/eclipse/jface/wizard/IWizardPage;",
      "Lorg/eclipse/jface/wizard/Wizard.getPreviousPage(Lorg/eclipse/jface/wizard/IWizardPage;)Lorg/eclipse/jface/wizard/IWizardPage;",
      "Lorg/eclipse/jface/wizard/Wizard.performCancel()Z",
      "Lorg/eclipse/jface/wizard/Wizard.performFinish()Z"
    ]
  },
  {
    "frequency": 1,
    "overriddenMethods": [
      "Lorg/eclipse/jface/wizard/Wizard.addPages()V",
      "Lorg/eclipse/jface/wizard/Wizard.canFinish()Z",
      "Lorg/eclipse/jface/wizard/Wizard.getNextPage(Lorg/eclipse/jface/wizard/IWizardPage;)Lorg/eclipse/jface/wizard/IWizardPage;",
      "Lorg/eclipse/jface/wizard/Wizard.performCancel()Z",
      "Lorg/eclipse/jface/wizard/Wizard.performFinish()Z",
      "Lorg/eclipse/jface/wizard/Wizard.setContainer(Lorg/eclipse/jface/wizard/IWizardContainer;)V"
    ]
  },
  {
    "frequency": 1,
    "overriddenMethods": [
      "Lorg/eclipse/jface/wizard/Wizard.canFinish()Z",
      "Lorg/eclipse/jface/wizard/Wizard.needsProgressMonitor()Z",
      "Lorg/eclipse/jface/wizard/Wizard.performFinish()Z"
    ]
  },
  {
    "frequency": 11,
    "overriddenMethods": [
      "Lorg/eclipse/jface/wizard/Wizard.addPages()V",
      "Lorg/eclipse/jface/wizard/Wizard.createPageControls(Lorg/eclipse/swt/widgets/Composite;)V",
      "Lorg/eclipse/jface/wizard/Wizard.performFinish()Z"
    ]
  },
  {
    "frequency": 3,
    "overriddenMethods": [
      "Lorg/eclipse/jface/wizard/Wizard.addPages()V",
      "Lorg/eclipse/jface/wizard/Wizard.createPageControls(Lorg/eclipse/swt/widgets/Composite;)V",
      "Lorg/eclipse/jface/wizard/Wizard.performCancel()Z",
      "Lorg/eclipse/jface/wizard/Wizard.performFinish()Z"
    ]
  },
  {
    "frequency": 1,
    "overriddenMethods": [
      "Lorg/eclipse/jface/wizard/Wizard.addPages()V",
      "Lorg/eclipse/jface/wizard/Wizard.getNextPage(Lorg/eclipse/jface/wizard/IWizardPage;)Lorg/eclipse/jface/wizard/IWizardPage;",
      "Lorg/eclipse/jface/wizard/Wizard.getStartingPage()Lorg/eclipse/jface/wizard/IWizardPage;",
      "Lorg/eclipse/jface/wizard/Wizard.performFinish()Z"
    ]
  },
  {
    "frequency": 7,
    "overriddenMethods": [
      "Lorg/eclipse/jface/wizard/Wizard.addPages()V",
      "Lorg/eclipse/jface/wizard/Wizard.canFinish()Z",
      "Lorg/eclipse/jface/wizard/Wizard.dispose()V",
      "Lorg/eclipse/jface/wizard/Wizard.performCancel()Z",
      "Lorg/eclipse/jface/wizard/Wizard.performFinish()Z"
    ]
  },
  {
    "frequency": 1,
    "overriddenMethods": [
      "Lorg/eclipse/jface/wizard/Wizard.addPages()V",
      "Lorg/eclipse/jface/wizard/Wizard.canFinish()Z",
      "Lorg/eclipse/jface/wizard/Wizard.createPageControls(Lorg/eclipse/swt/widgets/Composite;)V",
      "Lorg/eclipse/jface/wizard/Wizard.getDefaultPageImage()Lorg/eclipse/swt/graphics/Image;",
      "Lorg/eclipse/jface/wizard/Wizard.performFinish()Z"
    ]
  },
  {
    "frequency": 1,
    "overriddenMethods": [
      "Lorg/eclipse/jface/wizard/Wizard.addPages()V",
      "Lorg/eclipse/jface/wizard/Wizard.getStartingPage()Lorg/eclipse/jface/wizard/IWizardPage;",
      "Lorg/eclipse/jface/wizard/Wizard.performFinish()Z"
    ]
  },
  {
    "frequency": 1,
    "overriddenMethods": [
      "Lorg/eclipse/jface/wizard/Wizard.canFinish()Z",
      "Lorg/eclipse/jface/wizard/Wizard.dispose()V",
      "Lorg/eclipse/jface/wizard/Wizard.performFinish()Z"
    ]
  },
  {
    "frequency": 2,
    "overriddenMethods": [
      "Lorg/eclipse/jface/wizard/Wizard.addPages()V",
      "Lorg/eclipse/jface/wizard/Wizard.canFinish()Z",
      "Lorg/eclipse/jface/wizard/Wizard.createPageControls(Lorg/eclipse/swt/widgets/Composite;)V",
      "Lorg/eclipse/jface/wizard/Wizard.getNextPage(Lorg/eclipse/jface/wizard/IWizardPage;)Lorg/eclipse/jface/wizard/IWizardPage;",
      "Lorg/eclipse/jface/wizard/Wizard.performFinish()Z"
    ]
  },
  {
    "frequency": 1,
    "overriddenMethods": [
      "Lorg/eclipse/jface/wizard/Wizard.addPages()V",
      "Lorg/eclipse/jface/wizard/Wizard.createPageControls(Lorg/eclipse/swt/widgets/Composite;)V",
      "Lorg/eclipse/jface/wizard/Wizard.getDialogSettings()Lorg/eclipse/jface/dialogs/IDialogSettings;",
      "Lorg/eclipse/jface/wizard/Wizard.performFinish()Z"
    ]
  },
  {
    "frequency": 1,
    "overriddenMethods": [
      "Lorg/eclipse/jface/wizard/Wizard.addPages()V",
      "Lorg/eclipse/jface/wizard/Wizard.canFinish()Z",
      "Lorg/eclipse/jface/wizard/Wizard.getNextPage(Lorg/eclipse/jface/wizard/IWizardPage;)Lorg/eclipse/jface/wizard/IWizardPage;",
      "Lorg/eclipse/jface/wizard/Wizard.needsProgressMonitor()Z",
      "Lorg/eclipse/jface/wizard/Wizard.performCancel()Z",
      "Lorg/eclipse/jface/wizard/Wizard.performFinish()Z"
    ]
  },
  {
    "frequency": 1,
    "overriddenMethods": [
      "Lorg/eclipse/jface/wizard/Wizard.addPages()V",
      "Lorg/eclipse/jface/wizard/Wizard.canFinish()Z",
      "Lorg/eclipse/jface/wizard/Wizard.getStartingPage()Lorg/eclipse/jface/wizard/IWizardPage;",
      "Lorg/eclipse/jface/wizard/Wizard.performFinish()Z"
    ]
  },
  {
    "frequency": 1,
    "overriddenMethods": [
      "Lorg/eclipse/jface/wizard/Wizard.addPages()V",
      "Lorg/eclipse/jface/wizard/Wizard.canFinish()Z",
      "Lorg/eclipse/jface/wizard/Wizard.createPageControls(Lorg/eclipse/swt/widgets/Composite;)V",
      "Lorg/eclipse/jface/wizard/Wizard.performFinish()Z"
    ]
  },
  {
    "frequency": 22,
    "overriddenMethods": [
      "Lorg/eclipse/jface/wizard/Wizard.addPages()V",
      "Lorg/eclipse/jface/wizard/Wizard.canFinish()Z",
      "Lorg/eclipse/jface/wizard/Wizard.getNextPage(Lorg/eclipse/jface/wizard/IWizardPage;)Lorg/eclipse/jface/wizard/IWizardPage;",
      "Lorg/eclipse/jface/wizard/Wizard.performFinish()Z"
    ]
  },
  {
    "frequency": 1,
    "overriddenMethods": [
      "Lorg/eclipse/jface/wizard/Wizard.getDialogSettings()Lorg/eclipse/jface/dialogs/IDialogSettings;",
      "Lorg/eclipse/jface/wizard/Wizard.performFinish()Z"
    ]
  },
  {
    "frequency": 1,
    "overriddenMethods": [
      "Lorg/eclipse/jface/wizard/Wizard.addPages()V",
      "Lorg/eclipse/jface/wizard/Wizard.isHelpAvailable()Z",
      "Lorg/eclipse/jface/wizard/Wizard.performFinish()Z"
    ]
  },
  {
    "frequency": 1,
    "overriddenMethods": [
      "Lorg/eclipse/jface/wizard/Wizard.canFinish()Z",
      "Lorg/eclipse/jface/wizard/Wizard.dispose()V",
      "Lorg/eclipse/jface/wizard/Wizard.performCancel()Z",
      "Lorg/eclipse/jface/wizard/Wizard.performFinish()Z"
    ]
  },
  {
    "frequency": 1,
    "overriddenMethods": [
      "Lorg/eclipse/jface/wizard/Wizard.addPages()V",
      "Lorg/eclipse/jface/wizard/Wizard.performFinish()Z",
      "Lorg/eclipse/jface/wizard/Wizard.setWindowTitle(Ljava/lang/String;)V"
    ]
  },
  {
    "frequency": 1,
    "overriddenMethods": [
      "Lorg/eclipse/jface/wizard/Wizard.addPages()V",
      "Lorg/eclipse/jface/wizard/Wizard.canFinish()Z",
      "Lorg/eclipse/jface/wizard/Wizard.createPageControls(Lorg/eclipse/swt/widgets/Composite;)V",
      "Lorg/eclipse/jface/wizard/Wizard.performFinish()Z",
      "Lorg/eclipse/jface/wizard/Wizard.setContainer(Lorg/eclipse/jface/wizard/IWizardContainer;)V"
    ]
  },
  {
    "frequency": 3,
    "overriddenMethods": [
      "Lorg/eclipse/jface/wizard/Wizard.addPages()V",
      "Lorg/eclipse/jface/wizard/Wizard.canFinish()Z",
      "Lorg/eclipse/jface/wizard/Wizard.dispose()V",
      "Lorg/eclipse/jface/wizard/Wizard.getNextPage(Lorg/eclipse/jface/wizard/IWizardPage;)Lorg/eclipse/jface/wizard/IWizardPage;",
      "Lorg/eclipse/jface/wizard/Wizard.performFinish()Z"
    ]
  },
  {
    "frequency": 4,
    "overriddenMethods": [
      "Lorg/eclipse/jface/wizard/Wizard.dispose()V",
      "Lorg/eclipse/jface/wizard/Wizard.performFinish()Z"
    ]
  },
  {
    "frequency": 20,
    "overriddenMethods": [
      "Lorg/eclipse/jface/wizard/Wizard.addPages()V",
      "Lorg/eclipse/jface/wizard/Wizard.getWindowTitle()Ljava/lang/String;",
      "Lorg/eclipse/jface/wizard/Wizard.performFinish()Z"
    ]
  },
  {
    "frequency": 734,
    "overriddenMethods": [
      "Lorg/eclipse/jface/wizard/Wizard.addPages()V",
      "Lorg/eclipse/jface/wizard/Wizard.performFinish()Z"
    ]
  },
  {
    "frequency": 1,
    "overriddenMethods": [
      "Lorg/eclipse/jface/wizard/Wizard.addPages()V",
      "Lorg/eclipse/jface/wizard/Wizard.createPageControls(Lorg/eclipse/swt/widgets/Composite;)V",
      "Lorg/eclipse/jface/wizard/Wizard.dispose()V",
      "Lorg/eclipse/jface/wizard/Wizard.performFinish()Z"
    ]
  },
  {
    "frequency": 120,
    "overriddenMethods": [
      "Lorg/eclipse/jface/wizard/Wizard.addPages()V",
      "Lorg/eclipse/jface/wizard/Wizard.canFinish()Z",
      "Lorg/eclipse/jface/wizard/Wizard.performFinish()Z"
    ]
  },
  {
    "frequency": 4,
    "overriddenMethods": [
      "Lorg/eclipse/jface/wizard/Wizard.addPages()V",
      "Lorg/eclipse/jface/wizard/Wizard.getNextPage(Lorg/eclipse/jface/wizard/IWizardPage;)Lorg/eclipse/jface/wizard/IWizardPage;",
      "Lorg/eclipse/jface/wizard/Wizard.getPreviousPage(Lorg/eclipse/jface/wizard/IWizardPage;)Lorg/eclipse/jface/wizard/IWizardPage;",
      "Lorg/eclipse/jface/wizard/Wizard.performFinish()Z"
    ]
  },
  {
    "frequency": 30,
    "overriddenMethods": [
      "Lorg/eclipse/jface/wizard/Wizard.addPages()V",
      "Lorg/eclipse/jface/wizard/Wizard.performCancel()Z",
      "Lorg/eclipse/jface/wizard/Wizard.performFinish()Z"
    ]
  },
  {
    "frequency": 2,
    "overriddenMethods": [
      "Lorg/eclipse/jface/wizard/Wizard.addPages()V",
      "Lorg/eclipse/jface/wizard/Wizard.getNextPage(Lorg/eclipse/jface/wizard/IWizardPage;)Lorg/eclipse/jface/wizard/IWizardPage;",
      "Lorg/eclipse/jface/wizard/Wizard.getPreviousPage(Lorg/eclipse/jface/wizard/IWizardPage;)Lorg/eclipse/jface/wizard/IWizardPage;",
      "Lorg/eclipse/jface/wizard/Wizard.performCancel()Z",
      "Lorg/eclipse/jface/wizard/Wizard.performFinish()Z"
    ]
  },
  {
    "frequency": 8,
    "overriddenMethods": [
      "Lorg/eclipse/jface/wizard/Wizard.addPages()V",
      "Lorg/eclipse/jface/wizard/Wizard.needsProgressMonitor()Z",
      "Lorg/eclipse/jface/wizard/Wizard.performFinish()Z"
    ]
  },
  {
    "frequency": 1,
    "overriddenMethods": [
      "Lorg/eclipse/jface/wizard/Wizard.canFinish()Z",
      "Lorg/eclipse/jface/wizard/Wizard.dispose()V",
      "Lorg/eclipse/jface/wizard/Wizard.getNextPage(Lorg/eclipse/jface/wizard/IWizardPage;)Lorg/eclipse/jface/wizard/IWizardPage;",
      "Lorg/eclipse/jface/wizard/Wizard.getPreviousPage(Lorg/eclipse/jface/wizard/IWizardPage;)Lorg/eclipse/jface/wizard/IWizardPage;",
      "Lorg/eclipse/jface/wizard/Wizard.performCancel()Z",
      "Lorg/eclipse/jface/wizard/Wizard.performFinish()Z"
    ]
  },
  {
    "frequency": 8,
    "overriddenMethods": [
      "Lorg/eclipse/jface/wizard/Wizard.addPages()V",
      "Lorg/eclipse/jface/wizard/Wizard.canFinish()Z",
      "Lorg/eclipse/jface/wizard/Wizard.dispose()V",
      "Lorg/eclipse/jface/wizard/Wizard.performFinish()Z"
    ]
  },
  {
    "frequency": 1,
    "overriddenMethods": [
      "Lorg/eclipse/jface/wizard/Wizard.addPages()V",
      "Lorg/eclipse/jface/wizard/Wizard.canFinish()Z",
      "Lorg/eclipse/jface/wizard/Wizard.dispose()V",
      "Lorg/eclipse/jface/wizard/Wizard.getDefaultPageImage()Lorg/eclipse/swt/graphics/Image;",
      "Lorg/eclipse/jface/wizard/Wizard.getNextPage(Lorg/eclipse/jface/wizard/IWizardPage;)Lorg/eclipse/jface/wizard/IWizardPage;",
      "Lorg/eclipse/jface/wizard/Wizard.performFinish()Z"
    ]
  },
  {
    "frequency": 2,
    "overriddenMethods": [
      "Lorg/eclipse/jface/wizard/Wizard.addPages()V",
      "Lorg/eclipse/jface/wizard/Wizard.canFinish()Z",
      "Lorg/eclipse/jface/wizard/Wizard.getNextPage(Lorg/eclipse/jface/wizard/IWizardPage;)Lorg/eclipse/jface/wizard/IWizardPage;",
      "Lorg/eclipse/jface/wizard/Wizard.needsProgressMonitor()Z",
      "Lorg/eclipse/jface/wizard/Wizard.performFinish()Z"
    ]
  },
  {
    "frequency": 2,
    "overriddenMethods": [
      "Lorg/eclipse/jface/wizard/Wizard.addPages()V"
    ]
  },
  {
    "frequency": 2,
    "overriddenMethods": [
      "Lorg/eclipse/jface/wizard/Wizard.addPages()V",
      "Lorg/eclipse/jface/wizard/Wizard.canFinish()Z",
      "Lorg/eclipse/jface/wizard/Wizard.createPageControls(Lorg/eclipse/swt/widgets/Composite;)V",
      "Lorg/eclipse/jface/wizard/Wizard.getNextPage(Lorg/eclipse/jface/wizard/IWizardPage;)Lorg/eclipse/jface/wizard/IWizardPage;",
      "Lorg/eclipse/jface/wizard/Wizard.getPreviousPage(Lorg/eclipse/jface/wizard/IWizardPage;)Lorg/eclipse/jface/wizard/IWizardPage;",
      "Lorg/eclipse/jface/wizard/Wizard.performFinish()Z"
    ]
  },
  {
    "frequency": 1,
    "overriddenMethods": [
      "Lorg/eclipse/jface/wizard/Wizard.addPage(Lorg/eclipse/jface/wizard/IWizardPage;)V",
      "Lorg/eclipse/jface/wizard/Wizard.addPages()V",
      "Lorg/eclipse/jface/wizard/Wizard.canFinish()Z",
      "Lorg/eclipse/jface/wizard/Wizard.performFinish()Z"
    ]
  },
  {
    "frequency": 1,
    "overriddenMethods": [
      "Lorg/eclipse/jface/wizard/Wizard.addPages()V",
      "Lorg/eclipse/jface/wizard/Wizard.canFinish()Z",
      "Lorg/eclipse/jface/wizard/Wizard.dispose()V",
      "Lorg/eclipse/jface/wizard/Wizard.getStartingPage()Lorg/eclipse/jface/wizard/IWizardPage;",
      "Lorg/eclipse/jface/wizard/Wizard.performFinish()Z"
    ]
  },
  {
    "frequency": 1,
    "overriddenMethods": [
      "Lorg/eclipse/jface/wizard/Wizard.addPages()V",
      "Lorg/eclipse/jface/wizard/Wizard.canFinish()Z",
      "Lorg/eclipse/jface/wizard/Wizard.getNextPage(Lorg/eclipse/jface/wizard/IWizardPage;)Lorg/eclipse/jface/wizard/IWizardPage;",
      "Lorg/eclipse/jface/wizard/Wizard.getPageCount()I",
      "Lorg/eclipse/jface/wizard/Wizard.getPages()[Lorg/eclipse/jface/wizard/IWizardPage;",
      "Lorg/eclipse/jface/wizard/Wizard.getPreviousPage(Lorg/eclipse/jface/wizard/IWizardPage;)Lorg/eclipse/jface/wizard/IWizardPage;",
      "Lorg/eclipse/jface/wizard/Wizard.getStartingPage()Lorg/eclipse/jface/wizard/IWizardPage;",
      "Lorg/eclipse/jface/wizard/Wizard.performFinish()Z"
    ]
  },
  {
    "frequency": 7,
    "overriddenMethods": [
      "Lorg/eclipse/jface/wizard/Wizard.canFinish()Z",
      "Lorg/eclipse/jface/wizard/Wizard.performFinish()Z"
    ]
  },
  {
    "frequency": 2,
    "overriddenMethods": [
      "Lorg/eclipse/jface/wizard/Wizard.addPages()V",
      "Lorg/eclipse/jface/wizard/Wizard.canFinish()Z",
      "Lorg/eclipse/jface/wizard/Wizard.getNextPage(Lorg/eclipse/jface/wizard/IWizardPage;)Lorg/eclipse/jface/wizard/IWizardPage;",
      "Lorg/eclipse/jface/wizard/Wizard.getWindowTitle()Ljava/lang/String;",
      "Lorg/eclipse/jface/wizard/Wizard.performFinish()Z"
    ]
  },
  {
    "frequency": 1,
    "overriddenMethods": [
      "Lorg/eclipse/jface/wizard/Wizard.addPages()V",
      "Lorg/eclipse/jface/wizard/Wizard.canFinish()Z",
      "Lorg/eclipse/jface/wizard/Wizard.dispose()V",
      "Lorg/eclipse/jface/wizard/Wizard.getDefaultPageImage()Lorg/eclipse/swt/graphics/Image;",
      "Lorg/eclipse/jface/wizard/Wizard.performFinish()Z"
    ]
  },
  {
    "frequency": 3,
    "overriddenMethods": [
      "Lorg/eclipse/jface/wizard/Wizard.addPages()V",
      "Lorg/eclipse/jface/wizard/Wizard.canFinish()Z",
      "Lorg/eclipse/jface/wizard/Wizard.getDefaultPageImage()Lorg/eclipse/swt/graphics/Image;",
      "Lorg/eclipse/jface/wizard/Wizard.performFinish()Z"
    ]
  },
  {
    "frequency": 1,
    "overriddenMethods": [
      "Lorg/eclipse/jface/wizard/Wizard.canFinish()Z",
      "Lorg/eclipse/jface/wizard/Wizard.getNextPage(Lorg/eclipse/jface/wizard/IWizardPage;)Lorg/eclipse/jface/wizard/IWizardPage;",
      "Lorg/eclipse/jface/wizard/Wizard.getStartingPage()Lorg/eclipse/jface/wizard/IWizardPage;",
      "Lorg/eclipse/jface/wizard/Wizard.performCancel()Z",
      "Lorg/eclipse/jface/wizard/Wizard.performFinish()Z"
    ]
  },
  {
    "frequency": 1,
    "overriddenMethods": [
      "Lorg/eclipse/jface/wizard/Wizard.addPages()V",
      "Lorg/eclipse/jface/wizard/Wizard.canFinish()Z",
      "Lorg/eclipse/jface/wizard/Wizard.createPageControls(Lorg/eclipse/swt/widgets/Composite;)V",
      "Lorg/eclipse/jface/wizard/Wizard.dispose()V",
      "Lorg/eclipse/jface/wizard/Wizard.getNextPage(Lorg/eclipse/jface/wizard/IWizardPage;)Lorg/eclipse/jface/wizard/IWizardPage;",
      "Lorg/eclipse/jface/wizard/Wizard.getPage(Ljava/lang/String;)Lorg/eclipse/jface/wizard/IWizardPage;",
      "Lorg/eclipse/jface/wizard/Wizard.getPageCount()I",
      "Lorg/eclipse/jface/wizard/Wizard.getPages()[Lorg/eclipse/jface/wizard/IWizardPage;",
      "Lorg/eclipse/jface/wizard/Wizard.getPreviousPage(Lorg/eclipse/jface/wizard/IWizardPage;)Lorg/eclipse/jface/wizard/IWizardPage;",
      "Lorg/eclipse/jface/wizard/Wizard.getStartingPage()Lorg/eclipse/jface/wizard/IWizardPage;",
      "Lorg/eclipse/jface/wizard/Wizard.performFinish()Z"
    ]
  },
  {
    "frequency": 1,
    "overriddenMethods": [
      "Lorg/eclipse/jface/wizard/Wizard.createPageControls(Lorg/eclipse/swt/widgets/Composite;)V",
      "Lorg/eclipse/jface/wizard/Wizard.performFinish()Z"
    ]
  },
  {
    "frequency": 1,
    "overriddenMethods": [
      "Lorg/eclipse/jface/wizard/Wizard.addPages()V",
      "Lorg/eclipse/jface/wizard/Wizard.getNextPage(Lorg/eclipse/jface/wizard/IWizardPage;)Lorg/eclipse/jface/wizard/IWizardPage;",
      "Lorg/eclipse/jface/wizard/Wizard.needsProgressMonitor()Z",
      "Lorg/eclipse/jface/wizard/Wizard.performFinish()Z"
    ]
  },
  {
    "frequency": 2,
    "overriddenMethods": [
      "Lorg/eclipse/jface/wizard/Wizard.canFinish()Z",
      "Lorg/eclipse/jface/wizard/Wizard.getNextPage(Lorg/eclipse/jface/wizard/IWizardPage;)Lorg/eclipse/jface/wizard/IWizardPage;",
      "Lorg/eclipse/jface/wizard/Wizard.performFinish()Z"
    ]
  },
  {
    "frequency": 1,
    "overriddenMethods": [
      "Lorg/eclipse/jface/wizard/Wizard.addPages()V",
      "Lorg/eclipse/jface/wizard/Wizard.canFinish()Z",
      "Lorg/eclipse/jface/wizard/Wizard.getNextPage(Lorg/eclipse/jface/wizard/IWizardPage;)Lorg/eclipse/jface/wizard/IWizardPage;",
      "Lorg/eclipse/jface/wizard/Wizard.getPreviousPage(Lorg/eclipse/jface/wizard/IWizardPage;)Lorg/eclipse/jface/wizard/IWizardPage;",
      "Lorg/eclipse/jface/wizard/Wizard.getStartingPage()Lorg/eclipse/jface/wizard/IWizardPage;",
      "Lorg/eclipse/jface/wizard/Wizard.performFinish()Z"
    ]
  },
  {
    "frequency": 1,
    "overriddenMethods": [
      "Lorg/eclipse/jface/wizard/Wizard.addPages()V",
      "Lorg/eclipse/jface/wizard/Wizard.dispose()V",
      "Lorg/eclipse/jface/wizard/Wizard.needsProgressMonitor()Z",
      "Lorg/eclipse/jface/wizard/Wizard.performFinish()Z"
    ]
  },
  {
    "frequency": 1,
    "overriddenMethods": [
      "Lorg/eclipse/jface/wizard/Wizard.createPageControls(Lorg/eclipse/swt/widgets/Composite;)V",
      "Lorg/eclipse/jface/wizard/Wizard.dispose()V",
      "Lorg/eclipse/jface/wizard/Wizard.performCancel()Z",
      "Lorg/eclipse/jface/wizard/Wizard.performFinish()Z"
    ]
  },
  {
    "frequency": 2,
    "overriddenMethods": [
      "Lorg/eclipse/jface/wizard/Wizard.getDefaultPageImage()Lorg/eclipse/swt/graphics/Image;",
      "Lorg/eclipse/jface/wizard/Wizard.performFinish()Z"
    ]
  }
]