[
  {
    "frequency": 1,
    "overriddenMethods": [
      "Lorg/eclipse/jface/dialogs/DialogPage.dispose()V",
      "Lorg/eclipse/jface/dialogs/DialogPage.setVisible(Z)V",
      "Lorg/eclipse/jface/wizard/WizardPage.getContainer()Lorg/eclipse/jface/wizard/IWizardContainer;",
      "Lorg/eclipse/jface/wizard/WizardPage.isPageComplete()Z"
    ]
  },
  {
    "frequency": 756,
    "overriddenMethods": []
  },
  {
    "frequency": 1,
    "overriddenMethods": [
      "Lorg/eclipse/jface/dialogs/DialogPage.dispose()V",
      "Lorg/eclipse/jface/dialogs/DialogPage.performHelp()V"
    ]
  },
  {
    "frequency": 1,
    "overriddenMethods": [
      "Lorg/eclipse/jface/dialogs/DialogPage.setVisible(Z)V",
      "Lorg/eclipse/jface/wizard/WizardPage.setErrorMessage(Ljava/lang/String;)V"
    ]
  },
  {
    "frequency": 1,
    "overriddenMethods": [
      "Lorg/eclipse/jface/dialogs/DialogPage.getControl()Lorg/eclipse/swt/widgets/Control;",
      "Lorg/eclipse/jface/dialogs/DialogPage.getErrorMessage()Ljava/lang/String;",
      "Lorg/eclipse/jface/dialogs/DialogPage.getMessage()Ljava/lang/String;",
      "Lorg/eclipse/jface/dialogs/DialogPage.getTitle()Ljava/lang/String;",
      "Lorg/eclipse/jface/dialogs/DialogPage.setVisible(Z)V",
      "Lorg/eclipse/jface/wizard/WizardPage.getName()Ljava/lang/String;",
      "Lorg/eclipse/jface/wizard/WizardPage.getNextPage()Lorg/eclipse/jface/wizard/IWizardPage;"
    ]
  },
  {
    "frequency": 2,
    "overriddenMethods": [
      "Lorg/eclipse/jface/dialogs/DialogPage.dispose()V",
      "Lorg/eclipse/jface/wizard/WizardPage.canFlipToNextPage()Z"
    ]
  },
  {
    "frequency": 7,
    "overriddenMethods": [
      "Lorg/eclipse/jface/wizard/WizardPage.getNextPage()Lorg/eclipse/jface/wizard/IWizardPage;",
      "Lorg/eclipse/jface/wizard/WizardPage.isPageComplete()Z"
    ]
  },
  {
    "frequency": 1,
    "overriddenMethods": [
      "Lorg/eclipse/jface/dialogs/DialogPage.dispose()V",
      "Lorg/eclipse/jface/dialogs/DialogPage.performHelp()V",
      "Lorg/eclipse/jface/wizard/WizardPage.getWizard()Lorg/eclipse/jface/wizard/IWizard;"
    ]
  },
  {
    "frequency": 1,
    "overriddenMethods": [
      "Lorg/eclipse/jface/dialogs/DialogPage.setVisible(Z)V",
      "Lorg/eclipse/jface/wizard/WizardPage.canFlipToNextPage()Z",
      "Lorg/eclipse/jface/wizard/WizardPage.setErrorMessage(Ljava/lang/String;)V"
    ]
  },
  {
    "frequency": 3,
    "overriddenMethods": [
      "Lorg/eclipse/jface/wizard/WizardPage.setPreviousPage(Lorg/eclipse/jface/wizard/IWizardPage;)V"
    ]
  },
  {
    "frequency": 5,
    "overriddenMethods": [
      "Lorg/eclipse/jface/dialogs/DialogPage.dispose()V",
      "Lorg/eclipse/jface/dialogs/DialogPage.setVisible(Z)V",
      "Lorg/eclipse/jface/wizard/WizardPage.isPageComplete()Z"
    ]
  },
  {
    "frequency": 11,
    "overriddenMethods": [
      "Lorg/eclipse/jface/dialogs/DialogPage.setVisible(Z)V",
      "Lorg/eclipse/jface/wizard/WizardPage.getNextPage()Lorg/eclipse/jface/wizard/IWizardPage;"
    ]
  },
  {
    "frequency": 6,
    "overriddenMethods": [
      "Lorg/eclipse/jface/wizard/WizardPage.getNextPage()Lorg/eclipse/jface/wizard/IWizardPage;",
      "Lorg/eclipse/jface/wizard/WizardPage.getPreviousPage()Lorg/eclipse/jface/wizard/IWizardPage;"
    ]
  },
  {
    "frequency": 1,
    "overriddenMethods": [
      "Lorg/eclipse/jface/wizard/WizardPage.getWizard()Lorg/eclipse/jface/wizard/IWizard;"
    ]
  },
  {
    "frequency": 1,
    "overriddenMethods": [
      "Lorg/eclipse/jface/dialogs/DialogPage.dispose()V",
      "Lorg/eclipse/jface/dialogs/DialogPage.setVisible(Z)V",
      "Lorg/eclipse/jface/wizard/WizardPage.getPreviousPage()Lorg/eclipse/jface/wizard/IWizardPage;",
      "Lorg/eclipse/jface/wizard/WizardPage.getWizard()Lorg/eclipse/jface/wizard/IWizard;"
    ]
  },
  {
    "frequency": 5,
    "overriddenMethods": [
      "Lorg/eclipse/jface/wizard/WizardPage.setErrorMessage(Ljava/lang/String;)V"
    ]
  },
  {
    "frequency": 4,
    "overriddenMethods": [
      "Lorg/eclipse/jface/wizard/WizardPage.getPreviousPage()Lorg/eclipse/jface/wizard/IWizardPage;"
    ]
  },
  {
    "frequency": 6,
    "overriddenMethods": [
      "Lorg/eclipse/jface/dialogs/DialogPage.dispose()V",
      "Lorg/eclipse/jface/wizard/WizardPage.canFlipToNextPage()Z",
      "Lorg/eclipse/jface/wizard/WizardPage.getNextPage()Lorg/eclipse/jface/wizard/IWizardPage;"
    ]
  },
  {
    "frequency": 29,
    "overriddenMethods": [
      "Lorg/eclipse/jface/wizard/WizardPage.getNextPage()Lorg/eclipse/jface/wizard/IWizardPage;"
    ]
  },
  {
    "frequency": 1,
    "overriddenMethods": [
      "Lorg/eclipse/jface/wizard/WizardPage.setPageComplete(Z)V"
    ]
  },
  {
    "frequency": 1,
    "overriddenMethods": [
      "Lorg/eclipse/jface/dialogs/DialogPage.dispose()V",
      "Lorg/eclipse/jface/dialogs/DialogPage.setVisible(Z)V",
      "Lorg/eclipse/jface/wizard/WizardPage.getWizard()Lorg/eclipse/jface/wizard/IWizard;"
    ]
  },
  {
    "frequency": 4,
    "overriddenMethods": [
      "Lorg/eclipse/jface/wizard/WizardPage.getImage()Lorg/eclipse/swt/graphics/Image;"
    ]
  },
  {
    "frequency": 1,
    "overriddenMethods": [
      "Lorg/eclipse/jface/dialogs/DialogPage.performHelp()V",
      "Lorg/eclipse/jface/dialogs/DialogPage.setVisible(Z)V",
      "Lorg/eclipse/jface/wizard/WizardPage.canFlipToNextPage()Z",
      "Lorg/eclipse/jface/wizard/WizardPage.getNextPage()Lorg/eclipse/jface/wizard/IWizardPage;",
      "Lorg/eclipse/jface/wizard/WizardPage.getPreviousPage()Lorg/eclipse/jface/wizard/IWizardPage;",
      "Lorg/eclipse/jface/wizard/WizardPage.getWizard()Lorg/eclipse/jface/wizard/IWizard;"
    ]
  },
  {
    "frequency": 2,
    "overriddenMethods": [
      "Lorg/eclipse/jface/dialogs/DialogPage.dispose()V",
      "Lorg/eclipse/jface/dialogs/DialogPage.setVisible(Z)V",
      "Lorg/eclipse/jface/wizard/WizardPage.getNextPage()Lorg/eclipse/jface/wizard/IWizardPage;"
    ]
  },
  {
    "frequency": 16,
    "overriddenMethods": [
      "Lorg/eclipse/jface/dialogs/DialogPage.setVisible(Z)V",
      "Lorg/eclipse/jface/wizard/WizardPage.canFlipToNextPage()Z"
    ]
  },
  {
    "frequency": 2,
    "overriddenMethods": [
      "Lorg/eclipse/jface/dialogs/DialogPage.setVisible(Z)V",
      "Lorg/eclipse/jface/wizard/WizardPage.getDialogSettings()Lorg/eclipse/jface/dialogs/IDialogSettings;"
    ]
  },
  {
    "frequency": 1,
    "overriddenMethods": [
      "Lorg/eclipse/jface/wizard/WizardPage.canFlipToNextPage()Z",
      "Lorg/eclipse/jface/wizard/WizardPage.getNextPage()Lorg/eclipse/jface/wizard/IWizardPage;",
      "Lorg/eclipse/jface/wizard/WizardPage.getPreviousPage()Lorg/eclipse/jface/wizard/IWizardPage;",
      "Lorg/eclipse/jface/wizard/WizardPage.setPageComplete(Z)V"
    ]
  },
  {
    "frequency": 9,
    "overriddenMethods": [
      "Lorg/eclipse/jface/wizard/WizardPage.getName()Ljava/lang/String;"
    ]
  },
  {
    "frequency": 1,
    "overriddenMethods": [
      "Lorg/eclipse/jface/dialogs/DialogPage.dispose()V",
      "Lorg/eclipse/jface/dialogs/DialogPage.setVisible(Z)V",
      "Lorg/eclipse/jface/wizard/WizardPage.canFlipToNextPage()Z",
      "Lorg/eclipse/jface/wizard/WizardPage.getNextPage()Lorg/eclipse/jface/wizard/IWizardPage;"
    ]
  },
  {
    "frequency": 39,
    "overriddenMethods": [
      "Lorg/eclipse/jface/dialogs/DialogPage.dispose()V"
    ]
  },
  {
    "frequency": 2,
    "overriddenMethods": [
      "Lorg/eclipse/jface/wizard/WizardPage.canFlipToNextPage()Z",
      "Lorg/eclipse/jface/wizard/WizardPage.getDialogSettings()Lorg/eclipse/jface/dialogs/IDialogSettings;",
      "Lorg/eclipse/jface/wizard/WizardPage.getNextPage()Lorg/eclipse/jface/wizard/IWizardPage;"
    ]
  },
  {
    "frequency": 1,
    "overriddenMethods": [
      "Lorg/eclipse/jface/wizard/WizardPage.setErrorMessage(Ljava/lang/String;)V",
      "Lorg/eclipse/jface/wizard/WizardPage.setPageComplete(Z)V"
    ]
  },
  {
    "frequency": 277,
    "overriddenMethods": [
      "Lorg/eclipse/jface/dialogs/DialogPage.setVisible(Z)V"
    ]
  },
  {
    "frequency": 1,
    "overriddenMethods": [
      "Lorg/eclipse/jface/dialogs/DialogPage.dispose()V",
      "Lorg/eclipse/jface/wizard/WizardPage.getImage()Lorg/eclipse/swt/graphics/Image;",
      "Lorg/eclipse/jface/wizard/WizardPage.getNextPage()Lorg/eclipse/jface/wizard/IWizardPage;"
    ]
  },
  {
    "frequency": 26,
    "overriddenMethods": [
      "Lorg/eclipse/jface/wizard/WizardPage.canFlipToNextPage()Z"
    ]
  },
  {
    "frequency": 2,
    "overriddenMethods": [
      "Lorg/eclipse/jface/dialogs/DialogPage.getDescription()Ljava/lang/String;",
      "Lorg/eclipse/jface/dialogs/DialogPage.getTitle()Ljava/lang/String;"
    ]
  },
  {
    "frequency": 75,
    "overriddenMethods": [
      "Lorg/eclipse/jface/wizard/WizardPage.isPageComplete()Z"
    ]
  },
  {
    "frequency": 1,
    "overriddenMethods": [
      "Lorg/eclipse/jface/dialogs/DialogPage.dispose()V",
      "Lorg/eclipse/jface/dialogs/DialogPage.setVisible(Z)V",
      "Lorg/eclipse/jface/wizard/WizardPage.canFlipToNextPage()Z",
      "Lorg/eclipse/jface/wizard/WizardPage.setWizard(Lorg/eclipse/jface/wizard/IWizard;)V"
    ]
  },
  {
    "frequency": 4,
    "overriddenMethods": [
      "Lorg/eclipse/jface/dialogs/DialogPage.dispose()V",
      "Lorg/eclipse/jface/wizard/WizardPage.isPageComplete()Z"
    ]
  },
  {
    "frequency": 6,
    "overriddenMethods": [
      "Lorg/eclipse/jface/dialogs/DialogPage.setVisible(Z)V",
      "Lorg/eclipse/jface/wizard/WizardPage.getWizard()Lorg/eclipse/jface/wizard/IWizard;"
    ]
  },
  {
    "frequency": 2,
    "overriddenMethods": [
      "Lorg/eclipse/jface/dialogs/DialogPage.setVisible(Z)V",
      "Lorg/eclipse/jface/wizard/WizardPage.canFlipToNextPage()Z",
      "Lorg/eclipse/jface/wizard/WizardPage.getNextPage()Lorg/eclipse/jface/wizard/IWizardPage;",
      "Lorg/eclipse/jface/wizard/WizardPage.isPageComplete()Z"
    ]
  },
  {
    "frequency": 6,
    "overriddenMethods": [
      "Lorg/eclipse/jface/dialogs/DialogPage.getDescription()Ljava/lang/String;"
    ]
  },
  {
    "frequency": 2,
    "overriddenMethods": [
      "Lorg/eclipse/jface/dialogs/DialogPage.setControl(Lorg/eclipse/swt/widgets/Control;)V",
      "Lorg/eclipse/jface/dialogs/DialogPage.setVisible(Z)V"
    ]
  },
  {
    "frequency": 1,
    "overriddenMethods": [
      "Lorg/eclipse/jface/dialogs/DialogPage.dispose()V",
      "Lorg/eclipse/jface/wizard/WizardPage.isCurrentPage()Z"
    ]
  },
  {
    "frequency": 1,
    "overriddenMethods": [
      "Lorg/eclipse/jface/dialogs/DialogPage.setVisible(Z)V",
      "Lorg/eclipse/jface/wizard/WizardPage.getNextPage()Lorg/eclipse/jface/wizard/IWizardPage;",
      "Lorg/eclipse/jface/wizard/WizardPage.isPageComplete()Z"
    ]
  },
  {
    "frequency": 1,
    "overriddenMethods": [
      "Lorg/eclipse/jface/dialogs/DialogPage.setVisible(Z)V",
      "Lorg/eclipse/jface/wizard/WizardPage.canFlipToNextPage()Z",
      "Lorg/eclipse/jface/wizard/WizardPage.getNextPage()Lorg/eclipse/jface/wizard/IWizardPage;",
      "Lorg/eclipse/jface/wizard/WizardPage.getPreviousPage()Lorg/eclipse/jface/wizard/IWizardPage;",
      "Lorg/eclipse/jface/wizard/WizardPage.setPageComplete(Z)V"
    ]
  },
  {
    "frequency": 1,
    "overriddenMethods": [
      "Lorg/eclipse/jface/dialogs/DialogPage.getMessage()Ljava/lang/String;",
      "Lorg/eclipse/jface/dialogs/DialogPage.getMessageType()I",
      "Lorg/eclipse/jface/dialogs/DialogPage.setVisible(Z)V",
      "Lorg/eclipse/jface/wizard/WizardPage.isPageComplete()Z"
    ]
  },
  {
    "frequency": 1,
    "overriddenMethods": [
      "Lorg/eclipse/jface/dialogs/DialogPage.getDescription()Ljava/lang/String;",
      "Lorg/eclipse/jface/dialogs/DialogPage.setVisible(Z)V",
      "Lorg/eclipse/jface/wizard/WizardPage.getName()Ljava/lang/String;"
    ]
  },
  {
    "frequency": 1,
    "overriddenMethods": [
      "Lorg/eclipse/jface/dialogs/DialogPage.performHelp()V",
      "Lorg/eclipse/jface/wizard/WizardPage.isPageComplete()Z"
    ]
  },
  {
    "frequency": 2,
    "overriddenMethods": [
      "Lorg/eclipse/jface/dialogs/DialogPage.dispose()V",
      "Lorg/eclipse/jface/dialogs/DialogPage.performHelp()V",
      "Lorg/eclipse/jface/dialogs/DialogPage.setVisible(Z)V",
      "Lorg/eclipse/jface/wizard/WizardPage.getWizard()Lorg/eclipse/jface/wizard/IWizard;"
    ]
  },
  {
    "frequency": 2,
    "overriddenMethods": [
      "Lorg/eclipse/jface/dialogs/DialogPage.setVisible(Z)V",
      "Lorg/eclipse/jface/wizard/WizardPage.canFlipToNextPage()Z",
      "Lorg/eclipse/jface/wizard/WizardPage.isPageComplete()Z"
    ]
  },
  {
    "frequency": 11,
    "overriddenMethods": [
      "Lorg/eclipse/jface/dialogs/DialogPage.dispose()V",
      "Lorg/eclipse/jface/wizard/WizardPage.getNextPage()Lorg/eclipse/jface/wizard/IWizardPage;"
    ]
  },
  {
    "frequency": 1,
    "overriddenMethods": [
      "Lorg/eclipse/jface/wizard/WizardPage.canFlipToNextPage()Z",
      "Lorg/eclipse/jface/wizard/WizardPage.getPreviousPage()Lorg/eclipse/jface/wizard/IWizardPage;"
    ]
  },
  {
    "frequency": 1,
    "overriddenMethods": [
      "Lorg/eclipse/jface/dialogs/DialogPage.getErrorMessage()Ljava/lang/String;",
      "Lorg/eclipse/jface/dialogs/DialogPage.setVisible(Z)V"
    ]
  },
  {
    "frequency": 3,
    "overriddenMethods": [
      "Lorg/eclipse/jface/wizard/WizardPage.getDialogSettings()Lorg/eclipse/jface/dialogs/IDialogSettings;"
    ]
  },
  {
    "frequency": 13,
    "overriddenMethods": [
      "Lorg/eclipse/jface/dialogs/DialogPage.performHelp()V"
    ]
  },
  {
    "frequency": 2,
    "overriddenMethods": [
      "Lorg/eclipse/jface/dialogs/DialogPage.dispose()V",
      "Lorg/eclipse/jface/wizard/WizardPage.canFlipToNextPage()Z",
      "Lorg/eclipse/jface/wizard/WizardPage.isPageComplete()Z"
    ]
  },
  {
    "frequency": 1,
    "overriddenMethods": [
      "Lorg/eclipse/jface/wizard/WizardPage.canFlipToNextPage()Z",
      "Lorg/eclipse/jface/wizard/WizardPage.isPageComplete()Z",
      "Lorg/eclipse/jface/wizard/WizardPage.setPreviousPage(Lorg/eclipse/jface/wizard/IWizardPage;)V"
    ]
  },
  {
    "frequency": 4,
    "overriddenMethods": [
      "Lorg/eclipse/jface/dialogs/DialogPage.setVisible(Z)V",
      "Lorg/eclipse/jface/wizard/WizardPage.canFlipToNextPage()Z",
      "Lorg/eclipse/jface/wizard/WizardPage.getNextPage()Lorg/eclipse/jface/wizard/IWizardPage;"
    ]
  },
  {
    "frequency": 2,
    "overriddenMethods": [
      "Lorg/eclipse/jface/dialogs/DialogPage.setVisible(Z)V",
      "Lorg/eclipse/jface/wizard/WizardPage.setWizard(Lorg/eclipse/jface/wizard/IWizard;)V"
    ]
  },
  {
    "frequency": 3,
    "overriddenMethods": [
      "Lorg/eclipse/jface/dialogs/DialogPage.setVisible(Z)V",
      "Lorg/eclipse/jface/wizard/WizardPage.canFlipToNextPage()Z",
      "Lorg/eclipse/jface/wizard/WizardPage.isPageComplete()Z",
      "Lorg/eclipse/jface/wizard/WizardPage.setMessage(Ljava/lang/String;I)V"
    ]
  },
  {
    "frequency": 1,
    "overriddenMethods": [
      "Lorg/eclipse/jface/wizard/WizardPage.isPageComplete()Z",
      "Lorg/eclipse/jface/wizard/WizardPage.setPageComplete(Z)V"
    ]
  },
  {
    "frequency": 11,
    "overriddenMethods": [
      "Lorg/eclipse/jface/wizard/WizardPage.canFlipToNextPage()Z",
      "Lorg/eclipse/jface/wizard/WizardPage.getNextPage()Lorg/eclipse/jface/wizard/IWizardPage;"
    ]
  },
  {
    "frequency": 6,
    "overriddenMethods": [
      "Lorg/eclipse/jface/dialogs/DialogPage.getControl()Lorg/eclipse/swt/widgets/Control;",
      "Lorg/eclipse/jface/dialogs/DialogPage.getDescription()Ljava/lang/String;",
      "Lorg/eclipse/jface/dialogs/DialogPage.initializeDialogUnits(Lorg/eclipse/swt/widgets/Control;)V",
      "Lorg/eclipse/jface/dialogs/DialogPage.setMessage(Ljava/lang/String;)V"
    ]
  },
  {
    "frequency": 2,
    "overriddenMethods": [
      "Lorg/eclipse/jface/wizard/WizardPage.canFlipToNextPage()Z",
      "Lorg/eclipse/jface/wizard/WizardPage.getWizard()Lorg/eclipse/jface/wizard/IWizard;"
    ]
  },
  {
    "frequency": 1,
    "overriddenMethods": [
      "Lorg/eclipse/jface/dialogs/DialogPage.setVisible(Z)V",
      "Lorg/eclipse/jface/wizard/WizardPage.canFlipToNextPage()Z",
      "Lorg/eclipse/jface/wizard/WizardPage.getNextPage()Lorg/eclipse/jface/wizard/IWizardPage;",
      "Lorg/eclipse/jface/wizard/WizardPage.getWizard()Lorg/eclipse/jface/wizard/IWizard;"
    ]
  },
  {
    "frequency": 1,
    "overriddenMethods": [
      "Lorg/eclipse/jface/dialogs/DialogPage.setControl(Lorg/eclipse/swt/widgets/Control;)V"
    ]
  },
  {
    "frequency": 5,
    "overriddenMethods": [
      "Lorg/eclipse/jface/wizard/WizardPage.canFlipToNextPage()Z",
      "Lorg/eclipse/jface/wizard/WizardPage.isPageComplete()Z"
    ]
  },
  {
    "frequency": 26,
    "overriddenMethods": [
      "Lorg/eclipse/jface/dialogs/DialogPage.setVisible(Z)V",
      "Lorg/eclipse/jface/wizard/WizardPage.isPageComplete()Z"
    ]
  },
  {
    "frequency": 1,
    "overriddenMethods": [
      "Lorg/eclipse/jface/wizard/WizardPage.getDialogSettings()Lorg/eclipse/jface/dialogs/IDialogSettings;",
      "Lorg/eclipse/jface/wizard/WizardPage.setErrorMessage(Ljava/lang/String;)V"
    ]
  },
  {
    "frequency": 1,
    "overriddenMethods": [
      "Lorg/eclipse/jface/dialogs/DialogPage.setVisible(Z)V",
      "Lorg/eclipse/jface/wizard/WizardPage.setPageComplete(Z)V"
    ]
  },
  {
    "frequency": 1,
    "overriddenMethods": [
      "Lorg/eclipse/jface/dialogs/DialogPage.setVisible(Z)V",
      "Lorg/eclipse/jface/wizard/WizardPage.getImage()Lorg/eclipse/swt/graphics/Image;"
    ]
  },
  {
    "frequency": 1,
    "overriddenMethods": [
      "Lorg/eclipse/jface/dialogs/DialogPage.getDescription()Ljava/lang/String;",
      "Lorg/eclipse/jface/dialogs/DialogPage.setVisible(Z)V"
    ]
  },
  {
    "frequency": 1,
    "overriddenMethods": [
      "Lorg/eclipse/jface/wizard/WizardPage.canFlipToNextPage()Z",
      "Lorg/eclipse/jface/wizard/WizardPage.getNextPage()Lorg/eclipse/jface/wizard/IWizardPage;",
      "Lorg/eclipse/jface/wizard/WizardPage.isPageComplete()Z"
    ]
  },
  {
    "frequency": 1,
    "overriddenMethods": [
      "Lorg/eclipse/jface/wizard/WizardPage.isPageComplete()Z",
      "Lorg/eclipse/jface/wizard/WizardPage.setPreviousPage(Lorg/eclipse/jface/wizard/IWizardPage;)V"
    ]
  },
  {
    "frequency": 3,
    "overriddenMethods": [
      "Lorg/eclipse/jface/dialogs/DialogPage.performHelp()V",
      "Lorg/eclipse/jface/dialogs/DialogPage.setVisible(Z)V"
    ]
  },
  {
    "frequency": 28,
    "overriddenMethods": [
      "Lorg/eclipse/jface/dialogs/DialogPage.dispose()V",
      "Lorg/eclipse/jface/dialogs/DialogPage.setVisible(Z)V"
    ]
  }
]