[
  {
    "frequency": 1,
    "overriddenMethods": [
      "Lorg/eclipse/jface/dialogs/DialogPage.setVisible(Z)V",
      "Lorg/eclipse/jface/wizard/WizardSelectionPage.canFlipToNextPage()Z"
    ]
  },
  {
    "frequency": 5,
    "overriddenMethods": []
  },
  {
    "frequency": 1,
    "overriddenMethods": [
      "Lorg/eclipse/jface/dialogs/DialogPage.getDescription()Ljava/lang/String;",
      "Lorg/eclipse/jface/dialogs/DialogPage.getTitle()Ljava/lang/String;",
      "Lorg/eclipse/jface/wizard/WizardSelectionPage.dispose()V",
      "Lorg/eclipse/jface/wizard/WizardSelectionPage.getNextPage()Lorg/eclipse/jface/wizard/IWizardPage;"
    ]
  },
  {
    "frequency": 2,
    "overriddenMethods": [
      "Lorg/eclipse/jface/wizard/WizardSelectionPage.canFlipToNextPage()Z"
    ]
  },
  {
    "frequency": 1,
    "overriddenMethods": [
      "Lorg/eclipse/jface/dialogs/DialogPage.setVisible(Z)V",
      "Lorg/eclipse/jface/wizard/WizardPage.isPageComplete()Z",
      "Lorg/eclipse/jface/wizard/WizardSelectionPage.getNextPage()Lorg/eclipse/jface/wizard/IWizardPage;",
      "Lorg/eclipse/jface/wizard/WizardSelectionPage.setSelectedNode(Lorg/eclipse/jface/wizard/IWizardNode;)V"
    ]
  },
  {
    "frequency": 1,
    "overriddenMethods": [
      "Lorg/eclipse/jface/dialogs/DialogPage.setVisible(Z)V",
      "Lorg/eclipse/jface/wizard/WizardPage.isPageComplete()Z",
      "Lorg/eclipse/jface/wizard/WizardSelectionPage.canFlipToNextPage()Z"
    ]
  },
  {
    "frequency": 1,
    "overriddenMethods": [
      "Lorg/eclipse/jface/wizard/WizardSelectionPage.dispose()V"
    ]
  },
  {
    "frequency": 2,
    "overriddenMethods": [
      "Lorg/eclipse/jface/wizard/WizardSelectionPage.getNextPage()Lorg/eclipse/jface/wizard/IWizardPage;"
    ]
  }
]