[
  {
    "frequency": 4,
    "overriddenMethods": [
      "Lorg/eclipse/jface/viewers/AbstractTreeViewer.addTreeListener(Lorg/eclipse/swt/widgets/Control;Lorg/eclipse/swt/events/TreeListener;)V",
      "Lorg/eclipse/jface/viewers/AbstractTreeViewer.createViewerEditor()Lorg/eclipse/jface/viewers/ColumnViewerEditor;",
      "Lorg/eclipse/jface/viewers/AbstractTreeViewer.getChild(Lorg/eclipse/swt/widgets/Widget;I)Lorg/eclipse/swt/widgets/Item;",
      "Lorg/eclipse/jface/viewers/AbstractTreeViewer.getChildren(Lorg/eclipse/swt/widgets/Widget;)[Lorg/eclipse/swt/widgets/Item;",
      "Lorg/eclipse/jface/viewers/AbstractTreeViewer.getColumnViewerOwner(I)Lorg/eclipse/swt/widgets/Widget;",
      "Lorg/eclipse/jface/viewers/AbstractTreeViewer.getExpanded(Lorg/eclipse/swt/widgets/Item;)Z",
      "Lorg/eclipse/jface/viewers/AbstractTreeViewer.getItemAt(Lorg/eclipse/swt/graphics/Point;)Lorg/eclipse/swt/widgets/Item;",
      "Lorg/eclipse/jface/viewers/AbstractTreeViewer.getItemCount(Lorg/eclipse/swt/widgets/Control;)I",
      "Lorg/eclipse/jface/viewers/AbstractTreeViewer.getItemCount(Lorg/eclipse/swt/widgets/Item;)I",
      "Lorg/eclipse/jface/viewers/AbstractTreeViewer.getItems(Lorg/eclipse/swt/widgets/Item;)[Lorg/eclipse/swt/widgets/Item;",
      "Lorg/eclipse/jface/viewers/AbstractTreeViewer.getParentItem(Lorg/eclipse/swt/widgets/Item;)Lorg/eclipse/swt/widgets/Item;",
      "Lorg/eclipse/jface/viewers/AbstractTreeViewer.getSelection(Lorg/eclipse/swt/widgets/Control;)[Lorg/eclipse/swt/widgets/Item;",
      "Lorg/eclipse/jface/viewers/AbstractTreeViewer.getViewerRowFromItem(Lorg/eclipse/swt/widgets/Widget;)Lorg/eclipse/jface/viewers/ViewerRow;",
      "Lorg/eclipse/jface/viewers/AbstractTreeViewer.newItem(Lorg/eclipse/swt/widgets/Widget;II)Lorg/eclipse/swt/widgets/Item;",
      "Lorg/eclipse/jface/viewers/AbstractTreeViewer.removeAll(Lorg/eclipse/swt/widgets/Control;)V",
      "Lorg/eclipse/jface/viewers/AbstractTreeViewer.setAutoExpandLevel(I)V",
      "Lorg/eclipse/jface/viewers/AbstractTreeViewer.setContentProvider(Lorg/eclipse/jface/viewers/IContentProvider;)V",
      "Lorg/eclipse/jface/viewers/AbstractTreeViewer.setExpanded(Lorg/eclipse/swt/widgets/Item;Z)V",
      "Lorg/eclipse/jface/viewers/AbstractTreeViewer.setSelection(Ljava/util/List;)V",
      "Lorg/eclipse/jface/viewers/AbstractTreeViewer.showItem(Lorg/eclipse/swt/widgets/Item;)V",
      "Lorg/eclipse/jface/viewers/ColumnViewer.editElement(Ljava/lang/Object;I)V",
      "Lorg/eclipse/jface/viewers/Viewer.getControl()Lorg/eclipse/swt/widgets/Control;"
    ]
  },
  {
    "frequency": 1,
    "overriddenMethods": [
      "Lorg/eclipse/jface/viewers/AbstractTreeViewer.addTreeListener(Lorg/eclipse/swt/widgets/Control;Lorg/eclipse/swt/events/TreeListener;)V",
      "Lorg/eclipse/jface/viewers/AbstractTreeViewer.createViewerEditor()Lorg/eclipse/jface/viewers/ColumnViewerEditor;",
      "Lorg/eclipse/jface/viewers/AbstractTreeViewer.doGetColumnCount()I",
      "Lorg/eclipse/jface/viewers/AbstractTreeViewer.doUpdateItem(Lorg/eclipse/swt/widgets/Item;Ljava/lang/Object;)V",
      "Lorg/eclipse/jface/viewers/AbstractTreeViewer.getChildren(Lorg/eclipse/swt/widgets/Widget;)[Lorg/eclipse/swt/widgets/Item;",
      "Lorg/eclipse/jface/viewers/AbstractTreeViewer.getColumnViewerOwner(I)Lorg/eclipse/swt/widgets/Widget;",
      "Lorg/eclipse/jface/viewers/AbstractTreeViewer.getExpanded(Lorg/eclipse/swt/widgets/Item;)Z",
      "Lorg/eclipse/jface/viewers/AbstractTreeViewer.getItemAt(Lorg/eclipse/swt/graphics/Point;)Lorg/eclipse/swt/widgets/Item;",
      "Lorg/eclipse/jface/viewers/AbstractTreeViewer.getItemCount(Lorg/eclipse/swt/widgets/Control;)I",
      "Lorg/eclipse/jface/viewers/AbstractTreeViewer.getItemCount(Lorg/eclipse/swt/widgets/Item;)I",
      "Lorg/eclipse/jface/viewers/AbstractTreeViewer.getItems(Lorg/eclipse/swt/widgets/Item;)[Lorg/eclipse/swt/widgets/Item;",
      "Lorg/eclipse/jface/viewers/AbstractTreeViewer.getParentItem(Lorg/eclipse/swt/widgets/Item;)Lorg/eclipse/swt/widgets/Item;",
      "Lorg/eclipse/jface/viewers/AbstractTreeViewer.getSelection(Lorg/eclipse/swt/widgets/Control;)[Lorg/eclipse/swt/widgets/Item;",
      "Lorg/eclipse/jface/viewers/AbstractTreeViewer.getViewerRowFromItem(Lorg/eclipse/swt/widgets/Widget;)Lorg/eclipse/jface/viewers/ViewerRow;",
      "Lorg/eclipse/jface/viewers/AbstractTreeViewer.newItem(Lorg/eclipse/swt/widgets/Widget;II)Lorg/eclipse/swt/widgets/Item;",
      "Lorg/eclipse/jface/viewers/AbstractTreeViewer.removeAll(Lorg/eclipse/swt/widgets/Control;)V",
      "Lorg/eclipse/jface/viewers/AbstractTreeViewer.setExpanded(Lorg/eclipse/swt/widgets/Item;Z)V",
      "Lorg/eclipse/jface/viewers/AbstractTreeViewer.setSelection(Ljava/util/List;)V",
      "Lorg/eclipse/jface/viewers/AbstractTreeViewer.showItem(Lorg/eclipse/swt/widgets/Item;)V",
      "Lorg/eclipse/jface/viewers/Viewer.getControl()Lorg/eclipse/swt/widgets/Control;"
    ]
  },
  {
    "frequency": 1,
    "overriddenMethods": [
      "Lorg/eclipse/jface/viewers/AbstractTreeViewer.addTreeListener(Lorg/eclipse/swt/widgets/Control;Lorg/eclipse/swt/events/TreeListener;)V",
      "Lorg/eclipse/jface/viewers/AbstractTreeViewer.doUpdateItem(Lorg/eclipse/swt/widgets/Item;Ljava/lang/Object;)V",
      "Lorg/eclipse/jface/viewers/AbstractTreeViewer.getChildren(Lorg/eclipse/swt/widgets/Widget;)[Lorg/eclipse/swt/widgets/Item;",
      "Lorg/eclipse/jface/viewers/AbstractTreeViewer.getExpanded(Lorg/eclipse/swt/widgets/Item;)Z",
      "Lorg/eclipse/jface/viewers/AbstractTreeViewer.getItemCount(Lorg/eclipse/swt/widgets/Control;)I",
      "Lorg/eclipse/jface/viewers/AbstractTreeViewer.getItemCount(Lorg/eclipse/swt/widgets/Item;)I",
      "Lorg/eclipse/jface/viewers/AbstractTreeViewer.getItems(Lorg/eclipse/swt/widgets/Item;)[Lorg/eclipse/swt/widgets/Item;",
      "Lorg/eclipse/jface/viewers/AbstractTreeViewer.getParentItem(Lorg/eclipse/swt/widgets/Item;)Lorg/eclipse/swt/widgets/Item;",
      "Lorg/eclipse/jface/viewers/AbstractTreeViewer.getSelection(Lorg/eclipse/swt/widgets/Control;)[Lorg/eclipse/swt/widgets/Item;",
      "Lorg/eclipse/jface/viewers/AbstractTreeViewer.newItem(Lorg/eclipse/swt/widgets/Widget;II)Lorg/eclipse/swt/widgets/Item;",
      "Lorg/eclipse/jface/viewers/AbstractTreeViewer.removeAll(Lorg/eclipse/swt/widgets/Control;)V",
      "Lorg/eclipse/jface/viewers/AbstractTreeViewer.setExpanded(Lorg/eclipse/swt/widgets/Item;Z)V",
      "Lorg/eclipse/jface/viewers/AbstractTreeViewer.setSelection(Ljava/util/List;)V",
      "Lorg/eclipse/jface/viewers/AbstractTreeViewer.showItem(Lorg/eclipse/swt/widgets/Item;)V",
      "Lorg/eclipse/jface/viewers/Viewer.getControl()Lorg/eclipse/swt/widgets/Control;"
    ]
  },
  {
    "frequency": 1,
    "overriddenMethods": [
      "Lorg/eclipse/jface/viewers/AbstractTreeViewer.addTreeListener(Lorg/eclipse/swt/widgets/Control;Lorg/eclipse/swt/events/TreeListener;)V",
      "Lorg/eclipse/jface/viewers/AbstractTreeViewer.doUpdateItem(Lorg/eclipse/swt/widgets/Item;Ljava/lang/Object;)V",
      "Lorg/eclipse/jface/viewers/AbstractTreeViewer.getChild(Lorg/eclipse/swt/widgets/Widget;I)Lorg/eclipse/swt/widgets/Item;",
      "Lorg/eclipse/jface/viewers/AbstractTreeViewer.getChildren(Lorg/eclipse/swt/widgets/Widget;)[Lorg/eclipse/swt/widgets/Item;",
      "Lorg/eclipse/jface/viewers/AbstractTreeViewer.getExpanded(Lorg/eclipse/swt/widgets/Item;)Z",
      "Lorg/eclipse/jface/viewers/AbstractTreeViewer.getItemAt(Lorg/eclipse/swt/graphics/Point;)Lorg/eclipse/swt/widgets/Item;",
      "Lorg/eclipse/jface/viewers/AbstractTreeViewer.getItemCount(Lorg/eclipse/swt/widgets/Control;)I",
      "Lorg/eclipse/jface/viewers/AbstractTreeViewer.getItemCount(Lorg/eclipse/swt/widgets/Item;)I",
      "Lorg/eclipse/jface/viewers/AbstractTreeViewer.getItems(Lorg/eclipse/swt/widgets/Item;)[Lorg/eclipse/swt/widgets/Item;",
      "Lorg/eclipse/jface/viewers/AbstractTreeViewer.getParentItem(Lorg/eclipse/swt/widgets/Item;)Lorg/eclipse/swt/widgets/Item;",
      "Lorg/eclipse/jface/viewers/AbstractTreeViewer.getSelection(Lorg/eclipse/swt/widgets/Control;)[Lorg/eclipse/swt/widgets/Item;",
      "Lorg/eclipse/jface/viewers/AbstractTreeViewer.hookControl(Lorg/eclipse/swt/widgets/Control;)V",
      "Lorg/eclipse/jface/viewers/AbstractTreeViewer.newItem(Lorg/eclipse/swt/widgets/Widget;II)Lorg/eclipse/swt/widgets/Item;",
      "Lorg/eclipse/jface/viewers/AbstractTreeViewer.removeAll(Lorg/eclipse/swt/widgets/Control;)V",
      "Lorg/eclipse/jface/viewers/AbstractTreeViewer.setExpanded(Lorg/eclipse/swt/widgets/Item;Z)V",
      "Lorg/eclipse/jface/viewers/AbstractTreeViewer.setSelection(Ljava/util/List;)V",
      "Lorg/eclipse/jface/viewers/AbstractTreeViewer.showItem(Lorg/eclipse/swt/widgets/Item;)V",
      "Lorg/eclipse/jface/viewers/ColumnViewer.cancelEditing()V",
      "Lorg/eclipse/jface/viewers/ColumnViewer.editElement(Ljava/lang/Object;I)V",
      "Lorg/eclipse/jface/viewers/ColumnViewer.getCellEditors()[Lorg/eclipse/jface/viewers/CellEditor;",
      "Lorg/eclipse/jface/viewers/ColumnViewer.getCellModifier()Lorg/eclipse/jface/viewers/ICellModifier;",
      "Lorg/eclipse/jface/viewers/ColumnViewer.getColumnProperties()[Ljava/lang/Object;",
      "Lorg/eclipse/jface/viewers/ColumnViewer.isCellEditorActive()Z",
      "Lorg/eclipse/jface/viewers/ColumnViewer.setCellEditors([Lorg/eclipse/jface/viewers/CellEditor;)V",
      "Lorg/eclipse/jface/viewers/ColumnViewer.setCellModifier(Lorg/eclipse/jface/viewers/ICellModifier;)V",
      "Lorg/eclipse/jface/viewers/ColumnViewer.setColumnProperties([Ljava/lang/String;)V",
      "Lorg/eclipse/jface/viewers/ContentViewer.getLabelProvider()Lorg/eclipse/jface/viewers/IBaseLabelProvider;",
      "Lorg/eclipse/jface/viewers/Viewer.getControl()Lorg/eclipse/swt/widgets/Control;"
    ]
  }
]