[
  {
    "frequency": 10,
    "overriddenMethods": []
  },
  {
    "frequency": 2,
    "overriddenMethods": [
      "Lorg/eclipse/jface/viewers/ArrayContentProvider.getElements(Ljava/lang/Object;)[Ljava/lang/Object;",
      "Lorg/eclipse/jface/viewers/ArrayContentProvider.inputChanged(Lorg/eclipse/jface/viewers/Viewer;Ljava/lang/Object;Ljava/lang/Object;)V"
    ]
  },
  {
    "frequency": 1,
    "overriddenMethods": [
      "Lorg/eclipse/jface/viewers/ArrayContentProvider.dispose()V",
      "Lorg/eclipse/jface/viewers/ArrayContentProvider.inputChanged(Lorg/eclipse/jface/viewers/Viewer;Ljava/lang/Object;Ljava/lang/Object;)V"
    ]
  },
  {
    "frequency": 1,
    "overriddenMethods": [
      "Lorg/eclipse/jface/viewers/ArrayContentProvider.inputChanged(Lorg/eclipse/jface/viewers/Viewer;Ljava/lang/Object;Ljava/lang/Object;)V"
    ]
  },
  {
    "frequency": 7,
    "overriddenMethods": [
      "Lorg/eclipse/jface/viewers/ArrayContentProvider.getElements(Ljava/lang/Object;)[Ljava/lang/Object;"
    ]
  },
  {
    "frequency": 1,
    "overriddenMethods": [
      "Lorg/eclipse/jface/viewers/ArrayContentProvider.dispose()V",
      "Lorg/eclipse/jface/viewers/ArrayContentProvider.getElements(Ljava/lang/Object;)[Ljava/lang/Object;",
      "Lorg/eclipse/jface/viewers/ArrayContentProvider.inputChanged(Lorg/eclipse/jface/viewers/Viewer;Ljava/lang/Object;Ljava/lang/Object;)V"
    ]
  }
]