[
  {
    "frequency": 48,
    "overriddenMethods": []
  },
  {
    "frequency": 1,
    "overriddenMethods": [
      "Ljava/lang/Object.toString()Ljava/lang/String;",
      "Lorg/eclipse/jface/viewers/BaseLabelProvider.dispose()V",
      "Lorg/eclipse/jface/viewers/BaseLabelProvider.isLabelProperty(Ljava/lang/Object;Ljava/lang/String;)Z"
    ]
  },
  {
    "frequency": 2,
    "overriddenMethods": [
      "Ljava/lang/Object.toString()Ljava/lang/String;"
    ]
  },
  {
    "frequency": 2,
    "overriddenMethods": [
      "Lorg/eclipse/jface/viewers/BaseLabelProvider.isLabelProperty(Ljava/lang/Object;Ljava/lang/String;)Z"
    ]
  },
  {
    "frequency": 3,
    "overriddenMethods": [
      "Lorg/eclipse/jface/viewers/BaseLabelProvider.dispose()V",
      "Lorg/eclipse/jface/viewers/BaseLabelProvider.isLabelProperty(Ljava/lang/Object;Ljava/lang/String;)Z"
    ]
  },
  {
    "frequency": 9,
    "overriddenMethods": [
      "Lorg/eclipse/jface/viewers/BaseLabelProvider.dispose()V"
    ]
  }
]