[
  {
    "frequency": 3,
    "overriddenMethods": [
      "Lorg/eclipse/jface/viewers/CellEditor.activate()V",
      "Lorg/eclipse/jface/viewers/CellEditor.createControl(Lorg/eclipse/swt/widgets/Composite;)Lorg/eclipse/swt/widgets/Control;",
      "Lorg/eclipse/jface/viewers/CellEditor.dependsOnExternalFocusListener()Z",
      "Lorg/eclipse/jface/viewers/CellEditor.doGetValue()Ljava/lang/Object;",
      "Lorg/eclipse/jface/viewers/CellEditor.doSetFocus()V",
      "Lorg/eclipse/jface/viewers/CellEditor.doSetValue(Ljava/lang/Object;)V",
      "Lorg/eclipse/jface/viewers/CellEditor.fireCancelEditor()V",
      "Lorg/eclipse/jface/viewers/CellEditor.focusLost()V",
      "Lorg/eclipse/jface/viewers/CellEditor.getLayoutData()Lorg/eclipse/jface/viewers/CellEditor$LayoutData;",
      "Lorg/eclipse/jface/viewers/CellEditor.isCopyEnabled()Z",
      "Lorg/eclipse/jface/viewers/CellEditor.isCutEnabled()Z",
      "Lorg/eclipse/jface/viewers/CellEditor.isDeleteEnabled()Z",
      "Lorg/eclipse/jface/viewers/CellEditor.isPasteEnabled()Z",
      "Lorg/eclipse/jface/viewers/CellEditor.isSelectAllEnabled()Z",
      "Lorg/eclipse/jface/viewers/CellEditor.keyReleaseOccured(Lorg/eclipse/swt/events/KeyEvent;)V",
      "Lorg/eclipse/jface/viewers/CellEditor.performCopy()V",
      "Lorg/eclipse/jface/viewers/CellEditor.performCut()V",
      "Lorg/eclipse/jface/viewers/CellEditor.performDelete()V",
      "Lorg/eclipse/jface/viewers/CellEditor.performPaste()V",
      "Lorg/eclipse/jface/viewers/CellEditor.performSelectAll()V"
    ]
  },
  {
    "frequency": 1,
    "overriddenMethods": [
      "Lorg/eclipse/jface/viewers/CellEditor.createControl(Lorg/eclipse/swt/widgets/Composite;)Lorg/eclipse/swt/widgets/Control;",
      "Lorg/eclipse/jface/viewers/CellEditor.doGetValue()Ljava/lang/Object;",
      "Lorg/eclipse/jface/viewers/CellEditor.doSetFocus()V",
      "Lorg/eclipse/jface/viewers/CellEditor.doSetValue(Ljava/lang/Object;)V",
      "Lorg/eclipse/jface/viewers/CellEditor.getLayoutData()Lorg/eclipse/jface/viewers/CellEditor$LayoutData;",
      "Lorg/eclipse/jface/viewers/CellEditor.isCopyEnabled()Z",
      "Lorg/eclipse/jface/viewers/CellEditor.isCutEnabled()Z",
      "Lorg/eclipse/jface/viewers/CellEditor.isDeleteEnabled()Z",
      "Lorg/eclipse/jface/viewers/CellEditor.isPasteEnabled()Z",
      "Lorg/eclipse/jface/viewers/CellEditor.isSelectAllEnabled()Z",
      "Lorg/eclipse/jface/viewers/CellEditor.keyReleaseOccured(Lorg/eclipse/swt/events/KeyEvent;)V",
      "Lorg/eclipse/jface/viewers/CellEditor.performCopy()V",
      "Lorg/eclipse/jface/viewers/CellEditor.performCut()V",
      "Lorg/eclipse/jface/viewers/CellEditor.performDelete()V",
      "Lorg/eclipse/jface/viewers/CellEditor.performPaste()V",
      "Lorg/eclipse/jface/viewers/CellEditor.performSelectAll()V"
    ]
  },
  {
    "frequency": 1,
    "overriddenMethods": [
      "Lorg/eclipse/jface/viewers/CellEditor.activate()V",
      "Lorg/eclipse/jface/viewers/CellEditor.createControl(Lorg/eclipse/swt/widgets/Composite;)Lorg/eclipse/swt/widgets/Control;",
      "Lorg/eclipse/jface/viewers/CellEditor.deactivate()V",
      "Lorg/eclipse/jface/viewers/CellEditor.doGetValue()Ljava/lang/Object;",
      "Lorg/eclipse/jface/viewers/CellEditor.doSetFocus()V",
      "Lorg/eclipse/jface/viewers/CellEditor.doSetValue(Ljava/lang/Object;)V",
      "Lorg/eclipse/jface/viewers/CellEditor.fireApplyEditorValue()V",
      "Lorg/eclipse/jface/viewers/CellEditor.fireCancelEditor()V",
      "Lorg/eclipse/jface/viewers/CellEditor.keyReleaseOccured(Lorg/eclipse/swt/events/KeyEvent;)V"
    ]
  },
  {
    "frequency": 1,
    "overriddenMethods": [
      "Lorg/eclipse/jface/viewers/CellEditor.createControl(Lorg/eclipse/swt/widgets/Composite;)Lorg/eclipse/swt/widgets/Control;",
      "Lorg/eclipse/jface/viewers/CellEditor.doGetValue()Ljava/lang/Object;",
      "Lorg/eclipse/jface/viewers/CellEditor.doSetFocus()V",
      "Lorg/eclipse/jface/viewers/CellEditor.doSetValue(Ljava/lang/Object;)V",
      "Lorg/eclipse/jface/viewers/CellEditor.focusLost()V",
      "Lorg/eclipse/jface/viewers/CellEditor.getLayoutData()Lorg/eclipse/jface/viewers/CellEditor$LayoutData;",
      "Lorg/eclipse/jface/viewers/CellEditor.isCopyEnabled()Z",
      "Lorg/eclipse/jface/viewers/CellEditor.isCutEnabled()Z",
      "Lorg/eclipse/jface/viewers/CellEditor.isDeleteEnabled()Z",
      "Lorg/eclipse/jface/viewers/CellEditor.isPasteEnabled()Z",
      "Lorg/eclipse/jface/viewers/CellEditor.isSelectAllEnabled()Z",
      "Lorg/eclipse/jface/viewers/CellEditor.performCopy()V",
      "Lorg/eclipse/jface/viewers/CellEditor.performCut()V",
      "Lorg/eclipse/jface/viewers/CellEditor.performDelete()V",
      "Lorg/eclipse/jface/viewers/CellEditor.performPaste()V",
      "Lorg/eclipse/jface/viewers/CellEditor.performSelectAll()V"
    ]
  },
  {
    "frequency": 3,
    "overriddenMethods": [
      "Lorg/eclipse/jface/viewers/CellEditor.createControl(Lorg/eclipse/swt/widgets/Composite;)Lorg/eclipse/swt/widgets/Control;",
      "Lorg/eclipse/jface/viewers/CellEditor.doGetValue()Ljava/lang/Object;",
      "Lorg/eclipse/jface/viewers/CellEditor.doSetFocus()V",
      "Lorg/eclipse/jface/viewers/CellEditor.doSetValue(Ljava/lang/Object;)V",
      "Lorg/eclipse/jface/viewers/CellEditor.focusLost()V",
      "Lorg/eclipse/jface/viewers/CellEditor.keyReleaseOccured(Lorg/eclipse/swt/events/KeyEvent;)V"
    ]
  },
  {
    "frequency": 1,
    "overriddenMethods": [
      "Lorg/eclipse/jface/viewers/CellEditor.createControl(Lorg/eclipse/swt/widgets/Composite;)Lorg/eclipse/swt/widgets/Control;",
      "Lorg/eclipse/jface/viewers/CellEditor.dependsOnExternalFocusListener()Z",
      "Lorg/eclipse/jface/viewers/CellEditor.doGetValue()Ljava/lang/Object;",
      "Lorg/eclipse/jface/viewers/CellEditor.doSetFocus()V",
      "Lorg/eclipse/jface/viewers/CellEditor.doSetValue(Ljava/lang/Object;)V",
      "Lorg/eclipse/jface/viewers/CellEditor.fireApplyEditorValue()V",
      "Lorg/eclipse/jface/viewers/CellEditor.focusLost()V",
      "Lorg/eclipse/jface/viewers/CellEditor.getLayoutData()Lorg/eclipse/jface/viewers/CellEditor$LayoutData;",
      "Lorg/eclipse/jface/viewers/CellEditor.isCopyEnabled()Z",
      "Lorg/eclipse/jface/viewers/CellEditor.isCutEnabled()Z",
      "Lorg/eclipse/jface/viewers/CellEditor.isDeleteEnabled()Z",
      "Lorg/eclipse/jface/viewers/CellEditor.isPasteEnabled()Z",
      "Lorg/eclipse/jface/viewers/CellEditor.isSelectAllEnabled()Z",
      "Lorg/eclipse/jface/viewers/CellEditor.keyReleaseOccured(Lorg/eclipse/swt/events/KeyEvent;)V",
      "Lorg/eclipse/jface/viewers/CellEditor.performCopy()V",
      "Lorg/eclipse/jface/viewers/CellEditor.performCut()V",
      "Lorg/eclipse/jface/viewers/CellEditor.performDelete()V",
      "Lorg/eclipse/jface/viewers/CellEditor.performPaste()V",
      "Lorg/eclipse/jface/viewers/CellEditor.performSelectAll()V"
    ]
  },
  {
    "frequency": 1,
    "overriddenMethods": [
      "Lorg/eclipse/jface/viewers/CellEditor.createControl(Lorg/eclipse/swt/widgets/Composite;)Lorg/eclipse/swt/widgets/Control;",
      "Lorg/eclipse/jface/viewers/CellEditor.doGetValue()Ljava/lang/Object;",
      "Lorg/eclipse/jface/viewers/CellEditor.doSetFocus()V",
      "Lorg/eclipse/jface/viewers/CellEditor.doSetValue(Ljava/lang/Object;)V",
      "Lorg/eclipse/jface/viewers/CellEditor.focusLost()V",
      "Lorg/eclipse/jface/viewers/CellEditor.getLayoutData()Lorg/eclipse/jface/viewers/CellEditor$LayoutData;",
      "Lorg/eclipse/jface/viewers/CellEditor.isCopyEnabled()Z",
      "Lorg/eclipse/jface/viewers/CellEditor.isCutEnabled()Z",
      "Lorg/eclipse/jface/viewers/CellEditor.isDeleteEnabled()Z",
      "Lorg/eclipse/jface/viewers/CellEditor.isPasteEnabled()Z",
      "Lorg/eclipse/jface/viewers/CellEditor.isRedoEnabled()Z",
      "Lorg/eclipse/jface/viewers/CellEditor.isSelectAllEnabled()Z",
      "Lorg/eclipse/jface/viewers/CellEditor.isUndoEnabled()Z",
      "Lorg/eclipse/jface/viewers/CellEditor.keyReleaseOccured(Lorg/eclipse/swt/events/KeyEvent;)V",
      "Lorg/eclipse/jface/viewers/CellEditor.performCopy()V",
      "Lorg/eclipse/jface/viewers/CellEditor.performCut()V",
      "Lorg/eclipse/jface/viewers/CellEditor.performDelete()V",
      "Lorg/eclipse/jface/viewers/CellEditor.performPaste()V",
      "Lorg/eclipse/jface/viewers/CellEditor.performRedo()V",
      "Lorg/eclipse/jface/viewers/CellEditor.performSelectAll()V",
      "Lorg/eclipse/jface/viewers/CellEditor.performUndo()V"
    ]
  },
  {
    "frequency": 1,
    "overriddenMethods": [
      "Lorg/eclipse/jface/viewers/CellEditor.activate()V",
      "Lorg/eclipse/jface/viewers/CellEditor.create(Lorg/eclipse/swt/widgets/Composite;)V",
      "Lorg/eclipse/jface/viewers/CellEditor.createControl(Lorg/eclipse/swt/widgets/Composite;)Lorg/eclipse/swt/widgets/Control;",
      "Lorg/eclipse/jface/viewers/CellEditor.deactivate()V",
      "Lorg/eclipse/jface/viewers/CellEditor.doGetValue()Ljava/lang/Object;",
      "Lorg/eclipse/jface/viewers/CellEditor.doSetFocus()V",
      "Lorg/eclipse/jface/viewers/CellEditor.doSetValue(Ljava/lang/Object;)V",
      "Lorg/eclipse/jface/viewers/CellEditor.fireApplyEditorValue()V",
      "Lorg/eclipse/jface/viewers/CellEditor.fireCancelEditor()V",
      "Lorg/eclipse/jface/viewers/CellEditor.focusLost()V",
      "Lorg/eclipse/jface/viewers/CellEditor.getControl()Lorg/eclipse/swt/widgets/Control;"
    ]
  },
  {
    "frequency": 1,
    "overriddenMethods": [
      "Lorg/eclipse/jface/viewers/CellEditor.activate()V",
      "Lorg/eclipse/jface/viewers/CellEditor.createControl(Lorg/eclipse/swt/widgets/Composite;)Lorg/eclipse/swt/widgets/Control;",
      "Lorg/eclipse/jface/viewers/CellEditor.doGetValue()Ljava/lang/Object;",
      "Lorg/eclipse/jface/viewers/CellEditor.doSetFocus()V",
      "Lorg/eclipse/jface/viewers/CellEditor.doSetValue(Ljava/lang/Object;)V",
      "Lorg/eclipse/jface/viewers/CellEditor.fireCancelEditor()V",
      "Lorg/eclipse/jface/viewers/CellEditor.focusLost()V",
      "Lorg/eclipse/jface/viewers/CellEditor.getLayoutData()Lorg/eclipse/jface/viewers/CellEditor$LayoutData;",
      "Lorg/eclipse/jface/viewers/CellEditor.isCopyEnabled()Z",
      "Lorg/eclipse/jface/viewers/CellEditor.isCutEnabled()Z",
      "Lorg/eclipse/jface/viewers/CellEditor.isDeleteEnabled()Z",
      "Lorg/eclipse/jface/viewers/CellEditor.isPasteEnabled()Z",
      "Lorg/eclipse/jface/viewers/CellEditor.isSelectAllEnabled()Z",
      "Lorg/eclipse/jface/viewers/CellEditor.keyReleaseOccured(Lorg/eclipse/swt/events/KeyEvent;)V",
      "Lorg/eclipse/jface/viewers/CellEditor.performCopy()V",
      "Lorg/eclipse/jface/viewers/CellEditor.performCut()V",
      "Lorg/eclipse/jface/viewers/CellEditor.performDelete()V",
      "Lorg/eclipse/jface/viewers/CellEditor.performPaste()V",
      "Lorg/eclipse/jface/viewers/CellEditor.performSelectAll()V"
    ]
  },
  {
    "frequency": 1,
    "overriddenMethods": [
      "Lorg/eclipse/jface/viewers/CellEditor.activate(Lorg/eclipse/jface/viewers/ColumnViewerEditorActivationEvent;)V",
      "Lorg/eclipse/jface/viewers/CellEditor.createControl(Lorg/eclipse/swt/widgets/Composite;)Lorg/eclipse/swt/widgets/Control;",
      "Lorg/eclipse/jface/viewers/CellEditor.deactivate(Lorg/eclipse/jface/viewers/ColumnViewerEditorDeactivationEvent;)V",
      "Lorg/eclipse/jface/viewers/CellEditor.doGetValue()Ljava/lang/Object;",
      "Lorg/eclipse/jface/viewers/CellEditor.doSetFocus()V",
      "Lorg/eclipse/jface/viewers/CellEditor.doSetValue(Ljava/lang/Object;)V",
      "Lorg/eclipse/jface/viewers/CellEditor.getDoubleClickTimeout()I",
      "Lorg/eclipse/jface/viewers/CellEditor.getLayoutData()Lorg/eclipse/jface/viewers/CellEditor$LayoutData;"
    ]
  },
  {
    "frequency": 1,
    "overriddenMethods": [
      "Lorg/eclipse/jface/viewers/CellEditor.createControl(Lorg/eclipse/swt/widgets/Composite;)Lorg/eclipse/swt/widgets/Control;",
      "Lorg/eclipse/jface/viewers/CellEditor.deactivate()V",
      "Lorg/eclipse/jface/viewers/CellEditor.doGetValue()Ljava/lang/Object;",
      "Lorg/eclipse/jface/viewers/CellEditor.doSetFocus()V",
      "Lorg/eclipse/jface/viewers/CellEditor.doSetValue(Ljava/lang/Object;)V",
      "Lorg/eclipse/jface/viewers/CellEditor.focusLost()V"
    ]
  },
  {
    "frequency": 1,
    "overriddenMethods": [
      "Lorg/eclipse/jface/viewers/CellEditor.createControl(Lorg/eclipse/swt/widgets/Composite;)Lorg/eclipse/swt/widgets/Control;",
      "Lorg/eclipse/jface/viewers/CellEditor.dispose()V",
      "Lorg/eclipse/jface/viewers/CellEditor.doGetValue()Ljava/lang/Object;",
      "Lorg/eclipse/jface/viewers/CellEditor.doSetFocus()V",
      "Lorg/eclipse/jface/viewers/CellEditor.doSetValue(Ljava/lang/Object;)V",
      "Lorg/eclipse/jface/viewers/CellEditor.focusLost()V",
      "Lorg/eclipse/jface/viewers/CellEditor.keyReleaseOccured(Lorg/eclipse/swt/events/KeyEvent;)V"
    ]
  },
  {
    "frequency": 3,
    "overriddenMethods": [
      "Lorg/eclipse/jface/viewers/CellEditor.activate()V",
      "Lorg/eclipse/jface/viewers/CellEditor.createControl(Lorg/eclipse/swt/widgets/Composite;)Lorg/eclipse/swt/widgets/Control;",
      "Lorg/eclipse/jface/viewers/CellEditor.doSetFocus()V",
      "Lorg/eclipse/jface/viewers/CellEditor.doSetValue(Ljava/lang/Object;)V"
    ]
  },
  {
    "frequency": 1,
    "overriddenMethods": [
      "Lorg/eclipse/jface/viewers/CellEditor.createControl(Lorg/eclipse/swt/widgets/Composite;)Lorg/eclipse/swt/widgets/Control;",
      "Lorg/eclipse/jface/viewers/CellEditor.dispose()V",
      "Lorg/eclipse/jface/viewers/CellEditor.doGetValue()Ljava/lang/Object;",
      "Lorg/eclipse/jface/viewers/CellEditor.doSetFocus()V",
      "Lorg/eclipse/jface/viewers/CellEditor.doSetValue(Ljava/lang/Object;)V",
      "Lorg/eclipse/jface/viewers/CellEditor.fireCancelEditor()V"
    ]
  },
  {
    "frequency": 8,
    "overriddenMethods": [
      "Lorg/eclipse/jface/viewers/CellEditor.createControl(Lorg/eclipse/swt/widgets/Composite;)Lorg/eclipse/swt/widgets/Control;",
      "Lorg/eclipse/jface/viewers/CellEditor.doGetValue()Ljava/lang/Object;",
      "Lorg/eclipse/jface/viewers/CellEditor.doSetFocus()V",
      "Lorg/eclipse/jface/viewers/CellEditor.doSetValue(Ljava/lang/Object;)V",
      "Lorg/eclipse/jface/viewers/CellEditor.focusLost()V",
      "Lorg/eclipse/jface/viewers/CellEditor.getLayoutData()Lorg/eclipse/jface/viewers/CellEditor$LayoutData;",
      "Lorg/eclipse/jface/viewers/CellEditor.keyReleaseOccured(Lorg/eclipse/swt/events/KeyEvent;)V"
    ]
  },
  {
    "frequency": 3,
    "overriddenMethods": [
      "Lorg/eclipse/jface/viewers/CellEditor.activate()V",
      "Lorg/eclipse/jface/viewers/CellEditor.createControl(Lorg/eclipse/swt/widgets/Composite;)Lorg/eclipse/swt/widgets/Control;",
      "Lorg/eclipse/jface/viewers/CellEditor.doGetValue()Ljava/lang/Object;",
      "Lorg/eclipse/jface/viewers/CellEditor.doSetFocus()V",
      "Lorg/eclipse/jface/viewers/CellEditor.doSetValue(Ljava/lang/Object;)V",
      "Lorg/eclipse/jface/viewers/CellEditor.focusLost()V"
    ]
  },
  {
    "frequency": 1,
    "overriddenMethods": [
      "Lorg/eclipse/jface/viewers/CellEditor.createControl(Lorg/eclipse/swt/widgets/Composite;)Lorg/eclipse/swt/widgets/Control;",
      "Lorg/eclipse/jface/viewers/CellEditor.doGetValue()Ljava/lang/Object;",
      "Lorg/eclipse/jface/viewers/CellEditor.doSetFocus()V",
      "Lorg/eclipse/jface/viewers/CellEditor.doSetValue(Ljava/lang/Object;)V",
      "Lorg/eclipse/jface/viewers/CellEditor.focusLost()V"
    ]
  },
  {
    "frequency": 1,
    "overriddenMethods": [
      "Lorg/eclipse/jface/viewers/CellEditor.activate(Lorg/eclipse/jface/viewers/ColumnViewerEditorActivationEvent;)V",
      "Lorg/eclipse/jface/viewers/CellEditor.createControl(Lorg/eclipse/swt/widgets/Composite;)Lorg/eclipse/swt/widgets/Control;",
      "Lorg/eclipse/jface/viewers/CellEditor.dispose()V",
      "Lorg/eclipse/jface/viewers/CellEditor.doGetValue()Ljava/lang/Object;",
      "Lorg/eclipse/jface/viewers/CellEditor.doSetFocus()V",
      "Lorg/eclipse/jface/viewers/CellEditor.doSetValue(Ljava/lang/Object;)V",
      "Lorg/eclipse/jface/viewers/CellEditor.focusLost()V"
    ]
  },
  {
    "frequency": 1,
    "overriddenMethods": [
      "Lorg/eclipse/jface/viewers/CellEditor.activate()V",
      "Lorg/eclipse/jface/viewers/CellEditor.addListener(Lorg/eclipse/jface/viewers/ICellEditorListener;)V",
      "Lorg/eclipse/jface/viewers/CellEditor.create(Lorg/eclipse/swt/widgets/Composite;)V",
      "Lorg/eclipse/jface/viewers/CellEditor.createControl(Lorg/eclipse/swt/widgets/Composite;)Lorg/eclipse/swt/widgets/Control;",
      "Lorg/eclipse/jface/viewers/CellEditor.deactivate()V",
      "Lorg/eclipse/jface/viewers/CellEditor.dispose()V",
      "Lorg/eclipse/jface/viewers/CellEditor.doGetValue()Ljava/lang/Object;",
      "Lorg/eclipse/jface/viewers/CellEditor.doSetFocus()V",
      "Lorg/eclipse/jface/viewers/CellEditor.doSetValue(Ljava/lang/Object;)V",
      "Lorg/eclipse/jface/viewers/CellEditor.getControl()Lorg/eclipse/swt/widgets/Control;",
      "Lorg/eclipse/jface/viewers/CellEditor.getLayoutData()Lorg/eclipse/jface/viewers/CellEditor$LayoutData;",
      "Lorg/eclipse/jface/viewers/CellEditor.removeListener(Lorg/eclipse/jface/viewers/ICellEditorListener;)V"
    ]
  },
  {
    "frequency": 1,
    "overriddenMethods": [
      "Lorg/eclipse/jface/viewers/CellEditor.activate()V",
      "Lorg/eclipse/jface/viewers/CellEditor.addListener(Lorg/eclipse/jface/viewers/ICellEditorListener;)V",
      "Lorg/eclipse/jface/viewers/CellEditor.addPropertyChangeListener(Lorg/eclipse/jface/util/IPropertyChangeListener;)V",
      "Lorg/eclipse/jface/viewers/CellEditor.createControl(Lorg/eclipse/swt/widgets/Composite;)Lorg/eclipse/swt/widgets/Control;",
      "Lorg/eclipse/jface/viewers/CellEditor.deactivate()V",
      "Lorg/eclipse/jface/viewers/CellEditor.dispose()V",
      "Lorg/eclipse/jface/viewers/CellEditor.doGetValue()Ljava/lang/Object;",
      "Lorg/eclipse/jface/viewers/CellEditor.doSetFocus()V",
      "Lorg/eclipse/jface/viewers/CellEditor.doSetValue(Ljava/lang/Object;)V",
      "Lorg/eclipse/jface/viewers/CellEditor.getErrorMessage()Ljava/lang/String;",
      "Lorg/eclipse/jface/viewers/CellEditor.getValidator()Lorg/eclipse/jface/viewers/ICellEditorValidator;",
      "Lorg/eclipse/jface/viewers/CellEditor.isCopyEnabled()Z",
      "Lorg/eclipse/jface/viewers/CellEditor.isCutEnabled()Z",
      "Lorg/eclipse/jface/viewers/CellEditor.isDeleteEnabled()Z",
      "Lorg/eclipse/jface/viewers/CellEditor.isDirty()Z",
      "Lorg/eclipse/jface/viewers/CellEditor.isFindEnabled()Z",
      "Lorg/eclipse/jface/viewers/CellEditor.isPasteEnabled()Z",
      "Lorg/eclipse/jface/viewers/CellEditor.isRedoEnabled()Z",
      "Lorg/eclipse/jface/viewers/CellEditor.isSelectAllEnabled()Z",
      "Lorg/eclipse/jface/viewers/CellEditor.isUndoEnabled()Z",
      "Lorg/eclipse/jface/viewers/CellEditor.isValueValid()Z",
      "Lorg/eclipse/jface/viewers/CellEditor.performCopy()V",
      "Lorg/eclipse/jface/viewers/CellEditor.performCut()V",
      "Lorg/eclipse/jface/viewers/CellEditor.performDelete()V",
      "Lorg/eclipse/jface/viewers/CellEditor.performFind()V",
      "Lorg/eclipse/jface/viewers/CellEditor.performPaste()V",
      "Lorg/eclipse/jface/viewers/CellEditor.performRedo()V",
      "Lorg/eclipse/jface/viewers/CellEditor.performSelectAll()V",
      "Lorg/eclipse/jface/viewers/CellEditor.performUndo()V",
      "Lorg/eclipse/jface/viewers/CellEditor.removeListener(Lorg/eclipse/jface/viewers/ICellEditorListener;)V",
      "Lorg/eclipse/jface/viewers/CellEditor.removePropertyChangeListener(Lorg/eclipse/jface/util/IPropertyChangeListener;)V",
      "Lorg/eclipse/jface/viewers/CellEditor.setFocus()V",
      "Lorg/eclipse/jface/viewers/CellEditor.setValidator(Lorg/eclipse/jface/viewers/ICellEditorValidator;)V"
    ]
  },
  {
    "frequency": 1,
    "overriddenMethods": [
      "Lorg/eclipse/jface/viewers/CellEditor.createControl(Lorg/eclipse/swt/widgets/Composite;)Lorg/eclipse/swt/widgets/Control;",
      "Lorg/eclipse/jface/viewers/CellEditor.deactivate()V",
      "Lorg/eclipse/jface/viewers/CellEditor.doGetValue()Ljava/lang/Object;",
      "Lorg/eclipse/jface/viewers/CellEditor.doSetFocus()V",
      "Lorg/eclipse/jface/viewers/CellEditor.doSetValue(Ljava/lang/Object;)V",
      "Lorg/eclipse/jface/viewers/CellEditor.focusLost()V",
      "Lorg/eclipse/jface/viewers/CellEditor.getLayoutData()Lorg/eclipse/jface/viewers/CellEditor$LayoutData;",
      "Lorg/eclipse/jface/viewers/CellEditor.keyReleaseOccured(Lorg/eclipse/swt/events/KeyEvent;)V"
    ]
  },
  {
    "frequency": 1,
    "overriddenMethods": [
      "Lorg/eclipse/jface/viewers/CellEditor.activate()V",
      "Lorg/eclipse/jface/viewers/CellEditor.createControl(Lorg/eclipse/swt/widgets/Composite;)Lorg/eclipse/swt/widgets/Control;",
      "Lorg/eclipse/jface/viewers/CellEditor.doGetValue()Ljava/lang/Object;",
      "Lorg/eclipse/jface/viewers/CellEditor.doSetFocus()V",
      "Lorg/eclipse/jface/viewers/CellEditor.doSetValue(Ljava/lang/Object;)V",
      "Lorg/eclipse/jface/viewers/CellEditor.fireCancelEditor()V",
      "Lorg/eclipse/jface/viewers/CellEditor.getLayoutData()Lorg/eclipse/jface/viewers/CellEditor$LayoutData;",
      "Lorg/eclipse/jface/viewers/CellEditor.isCopyEnabled()Z",
      "Lorg/eclipse/jface/viewers/CellEditor.isCutEnabled()Z",
      "Lorg/eclipse/jface/viewers/CellEditor.isDeleteEnabled()Z",
      "Lorg/eclipse/jface/viewers/CellEditor.isPasteEnabled()Z",
      "Lorg/eclipse/jface/viewers/CellEditor.isSelectAllEnabled()Z",
      "Lorg/eclipse/jface/viewers/CellEditor.keyReleaseOccured(Lorg/eclipse/swt/events/KeyEvent;)V",
      "Lorg/eclipse/jface/viewers/CellEditor.performCopy()V",
      "Lorg/eclipse/jface/viewers/CellEditor.performCut()V",
      "Lorg/eclipse/jface/viewers/CellEditor.performDelete()V",
      "Lorg/eclipse/jface/viewers/CellEditor.performPaste()V",
      "Lorg/eclipse/jface/viewers/CellEditor.performSelectAll()V"
    ]
  },
  {
    "frequency": 4,
    "overriddenMethods": [
      "Lorg/eclipse/jface/viewers/CellEditor.activate()V",
      "Lorg/eclipse/jface/viewers/CellEditor.createControl(Lorg/eclipse/swt/widgets/Composite;)Lorg/eclipse/swt/widgets/Control;",
      "Lorg/eclipse/jface/viewers/CellEditor.doGetValue()Ljava/lang/Object;",
      "Lorg/eclipse/jface/viewers/CellEditor.doSetFocus()V",
      "Lorg/eclipse/jface/viewers/CellEditor.doSetValue(Ljava/lang/Object;)V"
    ]
  },
  {
    "frequency": 1,
    "overriddenMethods": [
      "Lorg/eclipse/jface/viewers/CellEditor.activate()V",
      "Lorg/eclipse/jface/viewers/CellEditor.activate(Lorg/eclipse/jface/viewers/ColumnViewerEditorActivationEvent;)V",
      "Lorg/eclipse/jface/viewers/CellEditor.createControl(Lorg/eclipse/swt/widgets/Composite;)Lorg/eclipse/swt/widgets/Control;",
      "Lorg/eclipse/jface/viewers/CellEditor.doGetValue()Ljava/lang/Object;",
      "Lorg/eclipse/jface/viewers/CellEditor.doSetFocus()V",
      "Lorg/eclipse/jface/viewers/CellEditor.doSetValue(Ljava/lang/Object;)V"
    ]
  },
  {
    "frequency": 1,
    "overriddenMethods": [
      "Lorg/eclipse/jface/viewers/CellEditor.createControl(Lorg/eclipse/swt/widgets/Composite;)Lorg/eclipse/swt/widgets/Control;",
      "Lorg/eclipse/jface/viewers/CellEditor.deactivate()V",
      "Lorg/eclipse/jface/viewers/CellEditor.doGetValue()Ljava/lang/Object;",
      "Lorg/eclipse/jface/viewers/CellEditor.doSetFocus()V",
      "Lorg/eclipse/jface/viewers/CellEditor.doSetValue(Ljava/lang/Object;)V",
      "Lorg/eclipse/jface/viewers/CellEditor.getLayoutData()Lorg/eclipse/jface/viewers/CellEditor$LayoutData;"
    ]
  },
  {
    "frequency": 1,
    "overriddenMethods": [
      "Lorg/eclipse/jface/viewers/CellEditor.createControl(Lorg/eclipse/swt/widgets/Composite;)Lorg/eclipse/swt/widgets/Control;",
      "Lorg/eclipse/jface/viewers/CellEditor.dependsOnExternalFocusListener()Z",
      "Lorg/eclipse/jface/viewers/CellEditor.doGetValue()Ljava/lang/Object;",
      "Lorg/eclipse/jface/viewers/CellEditor.doSetFocus()V",
      "Lorg/eclipse/jface/viewers/CellEditor.doSetValue(Ljava/lang/Object;)V",
      "Lorg/eclipse/jface/viewers/CellEditor.getLayoutData()Lorg/eclipse/jface/viewers/CellEditor$LayoutData;",
      "Lorg/eclipse/jface/viewers/CellEditor.isCopyEnabled()Z",
      "Lorg/eclipse/jface/viewers/CellEditor.isCutEnabled()Z",
      "Lorg/eclipse/jface/viewers/CellEditor.isDeleteEnabled()Z",
      "Lorg/eclipse/jface/viewers/CellEditor.isPasteEnabled()Z",
      "Lorg/eclipse/jface/viewers/CellEditor.isSelectAllEnabled()Z",
      "Lorg/eclipse/jface/viewers/CellEditor.keyReleaseOccured(Lorg/eclipse/swt/events/KeyEvent;)V",
      "Lorg/eclipse/jface/viewers/CellEditor.performCopy()V",
      "Lorg/eclipse/jface/viewers/CellEditor.performCut()V",
      "Lorg/eclipse/jface/viewers/CellEditor.performDelete()V",
      "Lorg/eclipse/jface/viewers/CellEditor.performPaste()V",
      "Lorg/eclipse/jface/viewers/CellEditor.performSelectAll()V"
    ]
  },
  {
    "frequency": 1,
    "overriddenMethods": [
      "Lorg/eclipse/jface/viewers/CellEditor.createControl(Lorg/eclipse/swt/widgets/Composite;)Lorg/eclipse/swt/widgets/Control;",
      "Lorg/eclipse/jface/viewers/CellEditor.doGetValue()Ljava/lang/Object;",
      "Lorg/eclipse/jface/viewers/CellEditor.doSetFocus()V",
      "Lorg/eclipse/jface/viewers/CellEditor.doSetValue(Ljava/lang/Object;)V",
      "Lorg/eclipse/jface/viewers/CellEditor.getLayoutData()Lorg/eclipse/jface/viewers/CellEditor$LayoutData;"
    ]
  },
  {
    "frequency": 1,
    "overriddenMethods": [
      "Lorg/eclipse/jface/viewers/CellEditor.createControl(Lorg/eclipse/swt/widgets/Composite;)Lorg/eclipse/swt/widgets/Control;",
      "Lorg/eclipse/jface/viewers/CellEditor.doGetValue()Ljava/lang/Object;",
      "Lorg/eclipse/jface/viewers/CellEditor.doSetFocus()V",
      "Lorg/eclipse/jface/viewers/CellEditor.doSetValue(Ljava/lang/Object;)V",
      "Lorg/eclipse/jface/viewers/CellEditor.keyReleaseOccured(Lorg/eclipse/swt/events/KeyEvent;)V"
    ]
  },
  {
    "frequency": 11,
    "overriddenMethods": [
      "Lorg/eclipse/jface/viewers/CellEditor.createControl(Lorg/eclipse/swt/widgets/Composite;)Lorg/eclipse/swt/widgets/Control;",
      "Lorg/eclipse/jface/viewers/CellEditor.doGetValue()Ljava/lang/Object;",
      "Lorg/eclipse/jface/viewers/CellEditor.doSetFocus()V",
      "Lorg/eclipse/jface/viewers/CellEditor.doSetValue(Ljava/lang/Object;)V"
    ]
  },
  {
    "frequency": 2,
    "overriddenMethods": [
      "Lorg/eclipse/jface/viewers/CellEditor.activate(Lorg/eclipse/jface/viewers/ColumnViewerEditorActivationEvent;)V",
      "Lorg/eclipse/jface/viewers/CellEditor.createControl(Lorg/eclipse/swt/widgets/Composite;)Lorg/eclipse/swt/widgets/Control;",
      "Lorg/eclipse/jface/viewers/CellEditor.deactivate(Lorg/eclipse/jface/viewers/ColumnViewerEditorDeactivationEvent;)V",
      "Lorg/eclipse/jface/viewers/CellEditor.doGetValue()Ljava/lang/Object;",
      "Lorg/eclipse/jface/viewers/CellEditor.doSetFocus()V",
      "Lorg/eclipse/jface/viewers/CellEditor.doSetValue(Ljava/lang/Object;)V"
    ]
  }
]