[
  {
    "frequency": 3,
    "overriddenMethods": [
      "Lorg/eclipse/jface/viewers/BaseLabelProvider.addListener(Lorg/eclipse/jface/viewers/ILabelProviderListener;)V",
      "Lorg/eclipse/jface/viewers/BaseLabelProvider.dispose()V",
      "Lorg/eclipse/jface/viewers/BaseLabelProvider.isLabelProperty(Ljava/lang/Object;Ljava/lang/String;)Z",
      "Lorg/eclipse/jface/viewers/BaseLabelProvider.removeListener(Lorg/eclipse/jface/viewers/ILabelProviderListener;)V",
      "Lorg/eclipse/jface/viewers/CellLabelProvider.getToolTipBackgroundColor(Ljava/lang/Object;)Lorg/eclipse/swt/graphics/Color;",
      "Lorg/eclipse/jface/viewers/CellLabelProvider.getToolTipDisplayDelayTime(Ljava/lang/Object;)I",
      "Lorg/eclipse/jface/viewers/CellLabelProvider.getToolTipFont(Ljava/lang/Object;)Lorg/eclipse/swt/graphics/Font;",
      "Lorg/eclipse/jface/viewers/CellLabelProvider.getToolTipForegroundColor(Ljava/lang/Object;)Lorg/eclipse/swt/graphics/Color;",
      "Lorg/eclipse/jface/viewers/CellLabelProvider.getToolTipImage(Ljava/lang/Object;)Lorg/eclipse/swt/graphics/Image;",
      "Lorg/eclipse/jface/viewers/CellLabelProvider.getToolTipStyle(Ljava/lang/Object;)I",
      "Lorg/eclipse/jface/viewers/CellLabelProvider.getToolTipText(Ljava/lang/Object;)Ljava/lang/String;",
      "Lorg/eclipse/jface/viewers/CellLabelProvider.getToolTipTimeDisplayed(Ljava/lang/Object;)I",
      "Lorg/eclipse/jface/viewers/CellLabelProvider.update(Lorg/eclipse/jface/viewers/ViewerCell;)V"
    ]
  },
  {
    "frequency": 7,
    "overriddenMethods": [
      "Lorg/eclipse/jface/viewers/CellLabelProvider.getToolTipDisplayDelayTime(Ljava/lang/Object;)I",
      "Lorg/eclipse/jface/viewers/CellLabelProvider.getToolTipShift(Ljava/lang/Object;)Lorg/eclipse/swt/graphics/Point;",
      "Lorg/eclipse/jface/viewers/CellLabelProvider.getToolTipText(Ljava/lang/Object;)Ljava/lang/String;",
      "Lorg/eclipse/jface/viewers/CellLabelProvider.getToolTipTimeDisplayed(Ljava/lang/Object;)I",
      "Lorg/eclipse/jface/viewers/CellLabelProvider.update(Lorg/eclipse/jface/viewers/ViewerCell;)V"
    ]
  },
  {
    "frequency": 9,
    "overriddenMethods": [
      "Lorg/eclipse/jface/viewers/CellLabelProvider.getToolTipText(Ljava/lang/Object;)Ljava/lang/String;",
      "Lorg/eclipse/jface/viewers/CellLabelProvider.update(Lorg/eclipse/jface/viewers/ViewerCell;)V"
    ]
  },
  {
    "frequency": 2,
    "overriddenMethods": [
      "Lorg/eclipse/jface/viewers/BaseLabelProvider.addListener(Lorg/eclipse/jface/viewers/ILabelProviderListener;)V",
      "Lorg/eclipse/jface/viewers/BaseLabelProvider.dispose()V",
      "Lorg/eclipse/jface/viewers/BaseLabelProvider.isLabelProperty(Ljava/lang/Object;Ljava/lang/String;)Z",
      "Lorg/eclipse/jface/viewers/BaseLabelProvider.removeListener(Lorg/eclipse/jface/viewers/ILabelProviderListener;)V",
      "Lorg/eclipse/jface/viewers/CellLabelProvider.update(Lorg/eclipse/jface/viewers/ViewerCell;)V"
    ]
  },
  {
    "frequency": 1,
    "overriddenMethods": [
      "Lorg/eclipse/jface/viewers/CellLabelProvider.getToolTipDisplayDelayTime(Ljava/lang/Object;)I",
      "Lorg/eclipse/jface/viewers/CellLabelProvider.getToolTipText(Ljava/lang/Object;)Ljava/lang/String;",
      "Lorg/eclipse/jface/viewers/CellLabelProvider.getToolTipTimeDisplayed(Ljava/lang/Object;)I",
      "Lorg/eclipse/jface/viewers/CellLabelProvider.update(Lorg/eclipse/jface/viewers/ViewerCell;)V"
    ]
  },
  {
    "frequency": 2,
    "overriddenMethods": [
      "Lorg/eclipse/jface/viewers/CellLabelProvider.getToolTipText(Ljava/lang/Object;)Ljava/lang/String;",
      "Lorg/eclipse/jface/viewers/CellLabelProvider.getToolTipTimeDisplayed(Ljava/lang/Object;)I",
      "Lorg/eclipse/jface/viewers/CellLabelProvider.update(Lorg/eclipse/jface/viewers/ViewerCell;)V"
    ]
  },
  {
    "frequency": 1,
    "overriddenMethods": [
      "Lorg/eclipse/jface/viewers/BaseLabelProvider.dispose()V",
      "Lorg/eclipse/jface/viewers/CellLabelProvider.update(Lorg/eclipse/jface/viewers/ViewerCell;)V"
    ]
  },
  {
    "frequency": 81,
    "overriddenMethods": [
      "Lorg/eclipse/jface/viewers/CellLabelProvider.update(Lorg/eclipse/jface/viewers/ViewerCell;)V"
    ]
  },
  {
    "frequency": 1,
    "overriddenMethods": [
      "Lorg/eclipse/jface/viewers/BaseLabelProvider.isLabelProperty(Ljava/lang/Object;Ljava/lang/String;)Z",
      "Lorg/eclipse/jface/viewers/CellLabelProvider.getToolTipImage(Ljava/lang/Object;)Lorg/eclipse/swt/graphics/Image;",
      "Lorg/eclipse/jface/viewers/CellLabelProvider.getToolTipText(Ljava/lang/Object;)Ljava/lang/String;",
      "Lorg/eclipse/jface/viewers/CellLabelProvider.update(Lorg/eclipse/jface/viewers/ViewerCell;)V",
      "Lorg/eclipse/jface/viewers/CellLabelProvider.useNativeToolTip(Ljava/lang/Object;)Z"
    ]
  },
  {
    "frequency": 1,
    "overriddenMethods": [
      "Lorg/eclipse/jface/viewers/BaseLabelProvider.addListener(Lorg/eclipse/jface/viewers/ILabelProviderListener;)V",
      "Lorg/eclipse/jface/viewers/BaseLabelProvider.dispose()V",
      "Lorg/eclipse/jface/viewers/BaseLabelProvider.isLabelProperty(Ljava/lang/Object;Ljava/lang/String;)Z",
      "Lorg/eclipse/jface/viewers/BaseLabelProvider.removeListener(Lorg/eclipse/jface/viewers/ILabelProviderListener;)V",
      "Lorg/eclipse/jface/viewers/CellLabelProvider.getToolTipBackgroundColor(Ljava/lang/Object;)Lorg/eclipse/swt/graphics/Color;",
      "Lorg/eclipse/jface/viewers/CellLabelProvider.getToolTipDisplayDelayTime(Ljava/lang/Object;)I",
      "Lorg/eclipse/jface/viewers/CellLabelProvider.getToolTipFont(Ljava/lang/Object;)Lorg/eclipse/swt/graphics/Font;",
      "Lorg/eclipse/jface/viewers/CellLabelProvider.getToolTipForegroundColor(Ljava/lang/Object;)Lorg/eclipse/swt/graphics/Color;",
      "Lorg/eclipse/jface/viewers/CellLabelProvider.getToolTipImage(Ljava/lang/Object;)Lorg/eclipse/swt/graphics/Image;",
      "Lorg/eclipse/jface/viewers/CellLabelProvider.getToolTipShift(Ljava/lang/Object;)Lorg/eclipse/swt/graphics/Point;",
      "Lorg/eclipse/jface/viewers/CellLabelProvider.getToolTipStyle(Ljava/lang/Object;)I",
      "Lorg/eclipse/jface/viewers/CellLabelProvider.getToolTipText(Ljava/lang/Object;)Ljava/lang/String;",
      "Lorg/eclipse/jface/viewers/CellLabelProvider.getToolTipTimeDisplayed(Ljava/lang/Object;)I",
      "Lorg/eclipse/jface/viewers/CellLabelProvider.update(Lorg/eclipse/jface/viewers/ViewerCell;)V"
    ]
  },
  {
    "frequency": 2,
    "overriddenMethods": [
      "Lorg/eclipse/jface/viewers/BaseLabelProvider.dispose()V",
      "Lorg/eclipse/jface/viewers/CellLabelProvider.getToolTipText(Ljava/lang/Object;)Ljava/lang/String;",
      "Lorg/eclipse/jface/viewers/CellLabelProvider.update(Lorg/eclipse/jface/viewers/ViewerCell;)V"
    ]
  }
]