[
  {
    "frequency": 1,
    "overriddenMethods": [
      "Lorg/eclipse/jface/viewers/CheckboxCellEditor.activate()V",
      "Lorg/eclipse/jface/viewers/CheckboxCellEditor.createControl(Lorg/eclipse/swt/widgets/Composite;)Lorg/eclipse/swt/widgets/Control;",
      "Lorg/eclipse/jface/viewers/CheckboxCellEditor.doGetValue()Ljava/lang/Object;",
      "Lorg/eclipse/jface/viewers/CheckboxCellEditor.doSetValue(Ljava/lang/Object;)V"
    ]
  },
  {
    "frequency": 1,
    "overriddenMethods": [
      "Lorg/eclipse/jface/viewers/CheckboxCellEditor.activate()V",
      "Lorg/eclipse/jface/viewers/CheckboxCellEditor.createControl(Lorg/eclipse/swt/widgets/Composite;)Lorg/eclipse/swt/widgets/Control;",
      "Lorg/eclipse/jface/viewers/CheckboxCellEditor.doSetValue(Ljava/lang/Object;)V"
    ]
  },
  {
    "frequency": 2,
    "overriddenMethods": [
      "Lorg/eclipse/jface/viewers/CheckboxCellEditor.activate()V",
      "Lorg/eclipse/jface/viewers/CheckboxCellEditor.doSetValue(Ljava/lang/Object;)V"
    ]
  },
  {
    "frequency": 1,
    "overriddenMethods": [
      "Lorg/eclipse/jface/viewers/CellEditor.focusLost()V",
      "Lorg/eclipse/jface/viewers/CheckboxCellEditor.doSetFocus()V"
    ]
  }
]