[
  {
    "frequency": 1,
    "overriddenMethods": [
      "Lorg/eclipse/jface/viewers/CheckboxTableViewer.addCheckStateListener(Lorg/eclipse/jface/viewers/ICheckStateListener;)V",
      "Lorg/eclipse/jface/viewers/CheckboxTableViewer.removeCheckStateListener(Lorg/eclipse/jface/viewers/ICheckStateListener;)V",
      "Lorg/eclipse/jface/viewers/TableViewer.doRemove(II)V",
      "Lorg/eclipse/jface/viewers/TableViewer.doRemove([I)V",
      "Lorg/eclipse/jface/viewers/TableViewer.internalCreateNewRowPart(II)Lorg/eclipse/jface/viewers/ViewerRow;"
    ]
  },
  {
    "frequency": 4,
    "overriddenMethods": []
  },
  {
    "frequency": 1,
    "overriddenMethods": [
      "Lorg/eclipse/jface/viewers/AbstractTableViewer.handleDispose(Lorg/eclipse/swt/events/DisposeEvent;)V",
      "Lorg/eclipse/jface/viewers/ColumnViewer.getViewerRow(Lorg/eclipse/swt/graphics/Point;)Lorg/eclipse/jface/viewers/ViewerRow;",
      "Lorg/eclipse/jface/viewers/StructuredViewer.refresh()V"
    ]
  },
  {
    "frequency": 2,
    "overriddenMethods": [
      "Lorg/eclipse/jface/viewers/CheckboxTableViewer.doUpdateItem(Lorg/eclipse/swt/widgets/Widget;Ljava/lang/Object;Z)V"
    ]
  },
  {
    "frequency": 2,
    "overriddenMethods": [
      "Lorg/eclipse/jface/viewers/AbstractTableViewer.inputChanged(Ljava/lang/Object;Ljava/lang/Object;)V",
      "Lorg/eclipse/jface/viewers/CheckboxTableViewer.doUpdateItem(Lorg/eclipse/swt/widgets/Widget;Ljava/lang/Object;Z)V",
      "Lorg/eclipse/jface/viewers/StructuredViewer.refresh()V"
    ]
  },
  {
    "frequency": 1,
    "overriddenMethods": [
      "Lorg/eclipse/jface/viewers/AbstractTableViewer.inputChanged(Ljava/lang/Object;Ljava/lang/Object;)V"
    ]
  }
]