[
  {
    "frequency": 1,
    "overriddenMethods": []
  },
  {
    "frequency": 1,
    "overriddenMethods": [
      "Lorg/eclipse/jface/viewers/StructuredViewer.refresh()V"
    ]
  },
  {
    "frequency": 1,
    "overriddenMethods": [
      "Lorg/eclipse/jface/viewers/AbstractTreeViewer.internalRefresh(Ljava/lang/Object;Z)V",
      "Lorg/eclipse/jface/viewers/CheckboxTreeViewer.getCheckedElements()[Ljava/lang/Object;",
      "Lorg/eclipse/jface/viewers/CheckboxTreeViewer.preservingSelection(Ljava/lang/Runnable;)V",
      "Lorg/eclipse/jface/viewers/CheckboxTreeViewer.setChecked(Ljava/lang/Object;Z)Z",
      "Lorg/eclipse/jface/viewers/CheckboxTreeViewer.setCheckedElements([Ljava/lang/Object;)V",
      "Lorg/eclipse/jface/viewers/TreeViewer.setExpanded(Lorg/eclipse/swt/widgets/Item;Z)V"
    ]
  },
  {
    "frequency": 2,
    "overriddenMethods": [
      "Lorg/eclipse/jface/viewers/CheckboxTreeViewer.setChecked(Ljava/lang/Object;Z)Z",
      "Lorg/eclipse/jface/viewers/CheckboxTreeViewer.setCheckedElements([Ljava/lang/Object;)V"
    ]
  },
  {
    "frequency": 3,
    "overriddenMethods": [
      "Lorg/eclipse/jface/viewers/AbstractTreeViewer.internalRefresh(Ljava/lang/Object;Z)V",
      "Lorg/eclipse/jface/viewers/CheckboxTreeViewer.getChecked(Ljava/lang/Object;)Z",
      "Lorg/eclipse/jface/viewers/CheckboxTreeViewer.getCheckedElements()[Ljava/lang/Object;",
      "Lorg/eclipse/jface/viewers/CheckboxTreeViewer.preservingSelection(Ljava/lang/Runnable;)V",
      "Lorg/eclipse/jface/viewers/CheckboxTreeViewer.setChecked(Ljava/lang/Object;Z)Z",
      "Lorg/eclipse/jface/viewers/CheckboxTreeViewer.setCheckedElements([Ljava/lang/Object;)V",
      "Lorg/eclipse/jface/viewers/CheckboxTreeViewer.setSubtreeChecked(Ljava/lang/Object;Z)Z",
      "Lorg/eclipse/jface/viewers/StructuredViewer.unmapAllElements()V"
    ]
  },
  {
    "frequency": 1,
    "overriddenMethods": [
      "Lorg/eclipse/jface/viewers/AbstractTreeViewer.inputChanged(Ljava/lang/Object;Ljava/lang/Object;)V",
      "Lorg/eclipse/jface/viewers/CheckboxTreeViewer.doUpdateItem(Lorg/eclipse/swt/widgets/Item;Ljava/lang/Object;)V",
      "Lorg/eclipse/jface/viewers/StructuredViewer.handleInvalidSelection(Lorg/eclipse/jface/viewers/ISelection;Lorg/eclipse/jface/viewers/ISelection;)V",
      "Lorg/eclipse/jface/viewers/StructuredViewer.refresh()V"
    ]
  },
  {
    "frequency": 3,
    "overriddenMethods": [
      "Lorg/eclipse/jface/viewers/CheckboxTreeViewer.getCheckedElements()[Ljava/lang/Object;",
      "Lorg/eclipse/jface/viewers/CheckboxTreeViewer.setChecked(Ljava/lang/Object;Z)Z",
      "Lorg/eclipse/jface/viewers/CheckboxTreeViewer.setCheckedElements([Ljava/lang/Object;)V",
      "Lorg/eclipse/jface/viewers/TreeViewer.setExpanded(Lorg/eclipse/swt/widgets/Item;Z)V"
    ]
  }
]