[
  {
    "frequency": 1,
    "overriddenMethods": [
      "Lorg/eclipse/jface/viewers/ColumnViewerToolTipSupport.createToolTipContentArea(Lorg/eclipse/swt/widgets/Event;Lorg/eclipse/swt/widgets/Composite;)Lorg/eclipse/swt/widgets/Composite;",
      "Lorg/eclipse/jface/window/ToolTip.activate()V",
      "Lorg/eclipse/jface/window/ToolTip.deactivate()V",
      "Lorg/eclipse/jface/window/ToolTip.isHideOnMouseDown()Z"
    ]
  },
  {
    "frequency": 1,
    "overriddenMethods": [
      "Lorg/eclipse/jface/viewers/ColumnViewerToolTipSupport.shouldCreateToolTip(Lorg/eclipse/swt/widgets/Event;)Z",
      "Lorg/eclipse/jface/window/ToolTip.deactivate()V"
    ]
  },
  {
    "frequency": 1,
    "overriddenMethods": [
      "Lorg/eclipse/jface/viewers/ColumnViewerToolTipSupport.createViewerToolTipContentArea(Lorg/eclipse/swt/widgets/Event;Lorg/eclipse/jface/viewers/ViewerCell;Lorg/eclipse/swt/widgets/Composite;)Lorg/eclipse/swt/widgets/Composite;"
    ]
  }
]