[
  {
    "frequency": 6,
    "overriddenMethods": []
  },
  {
    "frequency": 1,
    "overriddenMethods": [
      "Lorg/eclipse/jface/viewers/BaseLabelProvider.dispose()V",
      "Lorg/eclipse/jface/viewers/CellLabelProvider.getToolTipText(Ljava/lang/Object;)Ljava/lang/String;",
      "Lorg/eclipse/jface/viewers/ColumnLabelProvider.getFont(Ljava/lang/Object;)Lorg/eclipse/swt/graphics/Font;",
      "Lorg/eclipse/jface/viewers/ColumnLabelProvider.getImage(Ljava/lang/Object;)Lorg/eclipse/swt/graphics/Image;",
      "Lorg/eclipse/jface/viewers/ColumnLabelProvider.getText(Ljava/lang/Object;)Ljava/lang/String;"
    ]
  },
  {
    "frequency": 2,
    "overriddenMethods": [
      "Lorg/eclipse/jface/viewers/BaseLabelProvider.isLabelProperty(Ljava/lang/Object;Ljava/lang/String;)Z",
      "Lorg/eclipse/jface/viewers/ColumnLabelProvider.getImage(Ljava/lang/Object;)Lorg/eclipse/swt/graphics/Image;",
      "Lorg/eclipse/jface/viewers/ColumnLabelProvider.getText(Ljava/lang/Object;)Ljava/lang/String;"
    ]
  },
  {
    "frequency": 1,
    "overriddenMethods": [
      "Lorg/eclipse/jface/viewers/BaseLabelProvider.dispose()V",
      "Lorg/eclipse/jface/viewers/ColumnLabelProvider.getBackground(Ljava/lang/Object;)Lorg/eclipse/swt/graphics/Color;",
      "Lorg/eclipse/jface/viewers/ColumnLabelProvider.getImage(Ljava/lang/Object;)Lorg/eclipse/swt/graphics/Image;",
      "Lorg/eclipse/jface/viewers/ColumnLabelProvider.getText(Ljava/lang/Object;)Ljava/lang/String;"
    ]
  },
  {
    "frequency": 57,
    "overriddenMethods": [
      "Lorg/eclipse/jface/viewers/ColumnLabelProvider.getImage(Ljava/lang/Object;)Lorg/eclipse/swt/graphics/Image;",
      "Lorg/eclipse/jface/viewers/ColumnLabelProvider.getText(Ljava/lang/Object;)Ljava/lang/String;"
    ]
  },
  {
    "frequency": 11,
    "overriddenMethods": [
      "Lorg/eclipse/jface/viewers/CellLabelProvider.getToolTipText(Ljava/lang/Object;)Ljava/lang/String;",
      "Lorg/eclipse/jface/viewers/ColumnLabelProvider.getImage(Ljava/lang/Object;)Lorg/eclipse/swt/graphics/Image;",
      "Lorg/eclipse/jface/viewers/ColumnLabelProvider.getText(Ljava/lang/Object;)Ljava/lang/String;"
    ]
  },
  {
    "frequency": 2,
    "overriddenMethods": [
      "Lorg/eclipse/jface/viewers/ColumnLabelProvider.getFont(Ljava/lang/Object;)Lorg/eclipse/swt/graphics/Font;"
    ]
  },
  {
    "frequency": 13,
    "overriddenMethods": [
      "Lorg/eclipse/jface/viewers/ColumnLabelProvider.update(Lorg/eclipse/jface/viewers/ViewerCell;)V"
    ]
  },
  {
    "frequency": 1,
    "overriddenMethods": [
      "Lorg/eclipse/jface/viewers/BaseLabelProvider.dispose()V",
      "Lorg/eclipse/jface/viewers/ColumnLabelProvider.getText(Ljava/lang/Object;)Ljava/lang/String;",
      "Lorg/eclipse/jface/viewers/ColumnLabelProvider.update(Lorg/eclipse/jface/viewers/ViewerCell;)V"
    ]
  },
  {
    "frequency": 1,
    "overriddenMethods": [
      "Lorg/eclipse/jface/viewers/ColumnLabelProvider.getFont(Ljava/lang/Object;)Lorg/eclipse/swt/graphics/Font;",
      "Lorg/eclipse/jface/viewers/ColumnLabelProvider.getImage(Ljava/lang/Object;)Lorg/eclipse/swt/graphics/Image;",
      "Lorg/eclipse/jface/viewers/ColumnLabelProvider.getText(Ljava/lang/Object;)Ljava/lang/String;"
    ]
  },
  {
    "frequency": 1,
    "overriddenMethods": [
      "Lorg/eclipse/jface/viewers/CellLabelProvider.getToolTipDisplayDelayTime(Ljava/lang/Object;)I",
      "Lorg/eclipse/jface/viewers/CellLabelProvider.getToolTipShift(Ljava/lang/Object;)Lorg/eclipse/swt/graphics/Point;",
      "Lorg/eclipse/jface/viewers/CellLabelProvider.getToolTipStyle(Ljava/lang/Object;)I",
      "Lorg/eclipse/jface/viewers/CellLabelProvider.getToolTipText(Ljava/lang/Object;)Ljava/lang/String;",
      "Lorg/eclipse/jface/viewers/ColumnLabelProvider.getImage(Ljava/lang/Object;)Lorg/eclipse/swt/graphics/Image;",
      "Lorg/eclipse/jface/viewers/ColumnLabelProvider.getText(Ljava/lang/Object;)Ljava/lang/String;",
      "Lorg/eclipse/jface/viewers/ColumnLabelProvider.update(Lorg/eclipse/jface/viewers/ViewerCell;)V"
    ]
  },
  {
    "frequency": 11,
    "overriddenMethods": [
      "Lorg/eclipse/jface/viewers/BaseLabelProvider.dispose()V",
      "Lorg/eclipse/jface/viewers/ColumnLabelProvider.getImage(Ljava/lang/Object;)Lorg/eclipse/swt/graphics/Image;",
      "Lorg/eclipse/jface/viewers/ColumnLabelProvider.getText(Ljava/lang/Object;)Ljava/lang/String;"
    ]
  },
  {
    "frequency": 1,
    "overriddenMethods": [
      "Lorg/eclipse/jface/viewers/CellLabelProvider.getToolTipText(Ljava/lang/Object;)Ljava/lang/String;",
      "Lorg/eclipse/jface/viewers/ColumnLabelProvider.getBackground(Ljava/lang/Object;)Lorg/eclipse/swt/graphics/Color;",
      "Lorg/eclipse/jface/viewers/ColumnLabelProvider.getFont(Ljava/lang/Object;)Lorg/eclipse/swt/graphics/Font;",
      "Lorg/eclipse/jface/viewers/ColumnLabelProvider.getForeground(Ljava/lang/Object;)Lorg/eclipse/swt/graphics/Color;",
      "Lorg/eclipse/jface/viewers/ColumnLabelProvider.getImage(Ljava/lang/Object;)Lorg/eclipse/swt/graphics/Image;",
      "Lorg/eclipse/jface/viewers/ColumnLabelProvider.getText(Ljava/lang/Object;)Ljava/lang/String;",
      "Lorg/eclipse/jface/viewers/ColumnLabelProvider.update(Lorg/eclipse/jface/viewers/ViewerCell;)V"
    ]
  },
  {
    "frequency": 2,
    "overriddenMethods": [
      "Lorg/eclipse/jface/viewers/CellLabelProvider.getToolTipForegroundColor(Ljava/lang/Object;)Lorg/eclipse/swt/graphics/Color;",
      "Lorg/eclipse/jface/viewers/CellLabelProvider.getToolTipText(Ljava/lang/Object;)Ljava/lang/String;",
      "Lorg/eclipse/jface/viewers/ColumnLabelProvider.getBackground(Ljava/lang/Object;)Lorg/eclipse/swt/graphics/Color;",
      "Lorg/eclipse/jface/viewers/ColumnLabelProvider.getText(Ljava/lang/Object;)Ljava/lang/String;"
    ]
  },
  {
    "frequency": 3,
    "overriddenMethods": [
      "Lorg/eclipse/jface/viewers/CellLabelProvider.getToolTipText(Ljava/lang/Object;)Ljava/lang/String;",
      "Lorg/eclipse/jface/viewers/ColumnLabelProvider.getImage(Ljava/lang/Object;)Lorg/eclipse/swt/graphics/Image;",
      "Lorg/eclipse/jface/viewers/ColumnLabelProvider.getText(Ljava/lang/Object;)Ljava/lang/String;",
      "Lorg/eclipse/jface/viewers/ColumnLabelProvider.update(Lorg/eclipse/jface/viewers/ViewerCell;)V"
    ]
  },
  {
    "frequency": 169,
    "overriddenMethods": [
      "Lorg/eclipse/jface/viewers/ColumnLabelProvider.getText(Ljava/lang/Object;)Ljava/lang/String;"
    ]
  },
  {
    "frequency": 2,
    "overriddenMethods": [
      "Lorg/eclipse/jface/viewers/BaseLabelProvider.dispose()V",
      "Lorg/eclipse/jface/viewers/BaseLabelProvider.isLabelProperty(Ljava/lang/Object;Ljava/lang/String;)Z",
      "Lorg/eclipse/jface/viewers/CellLabelProvider.getToolTipBackgroundColor(Ljava/lang/Object;)Lorg/eclipse/swt/graphics/Color;",
      "Lorg/eclipse/jface/viewers/CellLabelProvider.getToolTipDisplayDelayTime(Ljava/lang/Object;)I",
      "Lorg/eclipse/jface/viewers/CellLabelProvider.getToolTipFont(Ljava/lang/Object;)Lorg/eclipse/swt/graphics/Font;",
      "Lorg/eclipse/jface/viewers/CellLabelProvider.getToolTipForegroundColor(Ljava/lang/Object;)Lorg/eclipse/swt/graphics/Color;",
      "Lorg/eclipse/jface/viewers/CellLabelProvider.getToolTipImage(Ljava/lang/Object;)Lorg/eclipse/swt/graphics/Image;",
      "Lorg/eclipse/jface/viewers/CellLabelProvider.getToolTipShift(Ljava/lang/Object;)Lorg/eclipse/swt/graphics/Point;",
      "Lorg/eclipse/jface/viewers/CellLabelProvider.getToolTipStyle(Ljava/lang/Object;)I",
      "Lorg/eclipse/jface/viewers/CellLabelProvider.getToolTipText(Ljava/lang/Object;)Ljava/lang/String;",
      "Lorg/eclipse/jface/viewers/CellLabelProvider.getToolTipTimeDisplayed(Ljava/lang/Object;)I",
      "Lorg/eclipse/jface/viewers/CellLabelProvider.useNativeToolTip(Ljava/lang/Object;)Z",
      "Lorg/eclipse/jface/viewers/ColumnLabelProvider.getBackground(Ljava/lang/Object;)Lorg/eclipse/swt/graphics/Color;",
      "Lorg/eclipse/jface/viewers/ColumnLabelProvider.getFont(Ljava/lang/Object;)Lorg/eclipse/swt/graphics/Font;",
      "Lorg/eclipse/jface/viewers/ColumnLabelProvider.getForeground(Ljava/lang/Object;)Lorg/eclipse/swt/graphics/Color;",
      "Lorg/eclipse/jface/viewers/ColumnLabelProvider.getImage(Ljava/lang/Object;)Lorg/eclipse/swt/graphics/Image;",
      "Lorg/eclipse/jface/viewers/ColumnLabelProvider.getText(Ljava/lang/Object;)Ljava/lang/String;"
    ]
  },
  {
    "frequency": 1,
    "overriddenMethods": [
      "Lorg/eclipse/jface/viewers/CellLabelProvider.getToolTipText(Ljava/lang/Object;)Ljava/lang/String;",
      "Lorg/eclipse/jface/viewers/ColumnLabelProvider.getForeground(Ljava/lang/Object;)Lorg/eclipse/swt/graphics/Color;",
      "Lorg/eclipse/jface/viewers/ColumnLabelProvider.getImage(Ljava/lang/Object;)Lorg/eclipse/swt/graphics/Image;",
      "Lorg/eclipse/jface/viewers/ColumnLabelProvider.getText(Ljava/lang/Object;)Ljava/lang/String;"
    ]
  },
  {
    "frequency": 1,
    "overriddenMethods": [
      "Lorg/eclipse/jface/viewers/BaseLabelProvider.addListener(Lorg/eclipse/jface/viewers/ILabelProviderListener;)V",
      "Lorg/eclipse/jface/viewers/BaseLabelProvider.dispose()V",
      "Lorg/eclipse/jface/viewers/BaseLabelProvider.isLabelProperty(Ljava/lang/Object;Ljava/lang/String;)Z",
      "Lorg/eclipse/jface/viewers/BaseLabelProvider.removeListener(Lorg/eclipse/jface/viewers/ILabelProviderListener;)V",
      "Lorg/eclipse/jface/viewers/CellLabelProvider.getToolTipDisplayDelayTime(Ljava/lang/Object;)I",
      "Lorg/eclipse/jface/viewers/CellLabelProvider.getToolTipShift(Ljava/lang/Object;)Lorg/eclipse/swt/graphics/Point;",
      "Lorg/eclipse/jface/viewers/CellLabelProvider.getToolTipText(Ljava/lang/Object;)Ljava/lang/String;",
      "Lorg/eclipse/jface/viewers/CellLabelProvider.getToolTipTimeDisplayed(Ljava/lang/Object;)I",
      "Lorg/eclipse/jface/viewers/ColumnLabelProvider.getBackground(Ljava/lang/Object;)Lorg/eclipse/swt/graphics/Color;",
      "Lorg/eclipse/jface/viewers/ColumnLabelProvider.getForeground(Ljava/lang/Object;)Lorg/eclipse/swt/graphics/Color;",
      "Lorg/eclipse/jface/viewers/ColumnLabelProvider.update(Lorg/eclipse/jface/viewers/ViewerCell;)V"
    ]
  },
  {
    "frequency": 2,
    "overriddenMethods": [
      "Lorg/eclipse/jface/viewers/BaseLabelProvider.dispose()V",
      "Lorg/eclipse/jface/viewers/ColumnLabelProvider.update(Lorg/eclipse/jface/viewers/ViewerCell;)V"
    ]
  },
  {
    "frequency": 1,
    "overriddenMethods": [
      "Lorg/eclipse/jface/viewers/BaseLabelProvider.dispose()V"
    ]
  },
  {
    "frequency": 1,
    "overriddenMethods": [
      "Lorg/eclipse/jface/viewers/ColumnLabelProvider.getBackground(Ljava/lang/Object;)Lorg/eclipse/swt/graphics/Color;",
      "Lorg/eclipse/jface/viewers/ColumnLabelProvider.getFont(Ljava/lang/Object;)Lorg/eclipse/swt/graphics/Font;",
      "Lorg/eclipse/jface/viewers/ColumnLabelProvider.getForeground(Ljava/lang/Object;)Lorg/eclipse/swt/graphics/Color;"
    ]
  },
  {
    "frequency": 10,
    "overriddenMethods": [
      "Lorg/eclipse/jface/viewers/CellLabelProvider.getToolTipText(Ljava/lang/Object;)Ljava/lang/String;",
      "Lorg/eclipse/jface/viewers/ColumnLabelProvider.getText(Ljava/lang/Object;)Ljava/lang/String;"
    ]
  },
  {
    "frequency": 1,
    "overriddenMethods": [
      "Lorg/eclipse/jface/viewers/BaseLabelProvider.addListener(Lorg/eclipse/jface/viewers/ILabelProviderListener;)V",
      "Lorg/eclipse/jface/viewers/BaseLabelProvider.isLabelProperty(Ljava/lang/Object;Ljava/lang/String;)Z",
      "Lorg/eclipse/jface/viewers/BaseLabelProvider.removeListener(Lorg/eclipse/jface/viewers/ILabelProviderListener;)V",
      "Lorg/eclipse/jface/viewers/CellLabelProvider.getToolTipImage(Ljava/lang/Object;)Lorg/eclipse/swt/graphics/Image;",
      "Lorg/eclipse/jface/viewers/CellLabelProvider.getToolTipText(Ljava/lang/Object;)Ljava/lang/String;",
      "Lorg/eclipse/jface/viewers/CellLabelProvider.getToolTipTimeDisplayed(Ljava/lang/Object;)I",
      "Lorg/eclipse/jface/viewers/ColumnLabelProvider.getBackground(Ljava/lang/Object;)Lorg/eclipse/swt/graphics/Color;",
      "Lorg/eclipse/jface/viewers/ColumnLabelProvider.getFont(Ljava/lang/Object;)Lorg/eclipse/swt/graphics/Font;",
      "Lorg/eclipse/jface/viewers/ColumnLabelProvider.getForeground(Ljava/lang/Object;)Lorg/eclipse/swt/graphics/Color;",
      "Lorg/eclipse/jface/viewers/ColumnLabelProvider.getImage(Ljava/lang/Object;)Lorg/eclipse/swt/graphics/Image;",
      "Lorg/eclipse/jface/viewers/ColumnLabelProvider.getText(Ljava/lang/Object;)Ljava/lang/String;"
    ]
  },
  {
    "frequency": 1,
    "overriddenMethods": [
      "Lorg/eclipse/jface/viewers/ColumnLabelProvider.getImage(Ljava/lang/Object;)Lorg/eclipse/swt/graphics/Image;"
    ]
  },
  {
    "frequency": 1,
    "overriddenMethods": [
      "Lorg/eclipse/jface/viewers/ColumnLabelProvider.getFont(Ljava/lang/Object;)Lorg/eclipse/swt/graphics/Font;",
      "Lorg/eclipse/jface/viewers/ColumnLabelProvider.getText(Ljava/lang/Object;)Ljava/lang/String;"
    ]
  },
  {
    "frequency": 2,
    "overriddenMethods": [
      "Lorg/eclipse/jface/viewers/BaseLabelProvider.dispose()V",
      "Lorg/eclipse/jface/viewers/CellLabelProvider.getToolTipText(Ljava/lang/Object;)Ljava/lang/String;",
      "Lorg/eclipse/jface/viewers/ColumnLabelProvider.getFont(Ljava/lang/Object;)Lorg/eclipse/swt/graphics/Font;",
      "Lorg/eclipse/jface/viewers/ColumnLabelProvider.getForeground(Ljava/lang/Object;)Lorg/eclipse/swt/graphics/Color;",
      "Lorg/eclipse/jface/viewers/ColumnLabelProvider.getImage(Ljava/lang/Object;)Lorg/eclipse/swt/graphics/Image;",
      "Lorg/eclipse/jface/viewers/ColumnLabelProvider.getText(Ljava/lang/Object;)Ljava/lang/String;"
    ]
  },
  {
    "frequency": 1,
    "overriddenMethods": [
      "Lorg/eclipse/jface/viewers/BaseLabelProvider.dispose()V",
      "Lorg/eclipse/jface/viewers/CellLabelProvider.getToolTipText(Ljava/lang/Object;)Ljava/lang/String;",
      "Lorg/eclipse/jface/viewers/CellLabelProvider.useNativeToolTip(Ljava/lang/Object;)Z",
      "Lorg/eclipse/jface/viewers/ColumnLabelProvider.getFont(Ljava/lang/Object;)Lorg/eclipse/swt/graphics/Font;",
      "Lorg/eclipse/jface/viewers/ColumnLabelProvider.getForeground(Ljava/lang/Object;)Lorg/eclipse/swt/graphics/Color;",
      "Lorg/eclipse/jface/viewers/ColumnLabelProvider.getImage(Ljava/lang/Object;)Lorg/eclipse/swt/graphics/Image;",
      "Lorg/eclipse/jface/viewers/ColumnLabelProvider.getText(Ljava/lang/Object;)Ljava/lang/String;"
    ]
  },
  {
    "frequency": 1,
    "overriddenMethods": [
      "Lorg/eclipse/jface/viewers/BaseLabelProvider.dispose()V",
      "Lorg/eclipse/jface/viewers/CellLabelProvider.getToolTipText(Ljava/lang/Object;)Ljava/lang/String;",
      "Lorg/eclipse/jface/viewers/CellLabelProvider.useNativeToolTip(Ljava/lang/Object;)Z",
      "Lorg/eclipse/jface/viewers/ColumnLabelProvider.getBackground(Ljava/lang/Object;)Lorg/eclipse/swt/graphics/Color;",
      "Lorg/eclipse/jface/viewers/ColumnLabelProvider.getFont(Ljava/lang/Object;)Lorg/eclipse/swt/graphics/Font;",
      "Lorg/eclipse/jface/viewers/ColumnLabelProvider.getForeground(Ljava/lang/Object;)Lorg/eclipse/swt/graphics/Color;",
      "Lorg/eclipse/jface/viewers/ColumnLabelProvider.getImage(Ljava/lang/Object;)Lorg/eclipse/swt/graphics/Image;",
      "Lorg/eclipse/jface/viewers/ColumnLabelProvider.getText(Ljava/lang/Object;)Ljava/lang/String;"
    ]
  },
  {
    "frequency": 2,
    "overriddenMethods": [
      "Lorg/eclipse/jface/viewers/ColumnLabelProvider.getText(Ljava/lang/Object;)Ljava/lang/String;",
      "Lorg/eclipse/jface/viewers/ColumnLabelProvider.update(Lorg/eclipse/jface/viewers/ViewerCell;)V"
    ]
  },
  {
    "frequency": 1,
    "overriddenMethods": [
      "Lorg/eclipse/jface/viewers/BaseLabelProvider.addListener(Lorg/eclipse/jface/viewers/ILabelProviderListener;)V",
      "Lorg/eclipse/jface/viewers/BaseLabelProvider.dispose()V",
      "Lorg/eclipse/jface/viewers/BaseLabelProvider.isLabelProperty(Ljava/lang/Object;Ljava/lang/String;)Z",
      "Lorg/eclipse/jface/viewers/BaseLabelProvider.removeListener(Lorg/eclipse/jface/viewers/ILabelProviderListener;)V"
    ]
  },
  {
    "frequency": 1,
    "overriddenMethods": [
      "Lorg/eclipse/jface/viewers/BaseLabelProvider.dispose()V",
      "Lorg/eclipse/jface/viewers/CellLabelProvider.getToolTipDisplayDelayTime(Ljava/lang/Object;)I",
      "Lorg/eclipse/jface/viewers/CellLabelProvider.getToolTipShift(Ljava/lang/Object;)Lorg/eclipse/swt/graphics/Point;",
      "Lorg/eclipse/jface/viewers/CellLabelProvider.getToolTipStyle(Ljava/lang/Object;)I",
      "Lorg/eclipse/jface/viewers/CellLabelProvider.getToolTipText(Ljava/lang/Object;)Ljava/lang/String;",
      "Lorg/eclipse/jface/viewers/ColumnLabelProvider.getImage(Ljava/lang/Object;)Lorg/eclipse/swt/graphics/Image;",
      "Lorg/eclipse/jface/viewers/ColumnLabelProvider.getText(Ljava/lang/Object;)Ljava/lang/String;",
      "Lorg/eclipse/jface/viewers/ColumnLabelProvider.update(Lorg/eclipse/jface/viewers/ViewerCell;)V"
    ]
  },
  {
    "frequency": 2,
    "overriddenMethods": [
      "Ljava/lang/Object.equals(Ljava/lang/Object;)Z",
      "Ljava/lang/Object.hashCode()I",
      "Ljava/lang/Object.toString()Ljava/lang/String;",
      "Lorg/eclipse/jface/viewers/BaseLabelProvider.addListener(Lorg/eclipse/jface/viewers/ILabelProviderListener;)V",
      "Lorg/eclipse/jface/viewers/BaseLabelProvider.dispose()V",
      "Lorg/eclipse/jface/viewers/BaseLabelProvider.isLabelProperty(Ljava/lang/Object;Ljava/lang/String;)Z",
      "Lorg/eclipse/jface/viewers/BaseLabelProvider.removeListener(Lorg/eclipse/jface/viewers/ILabelProviderListener;)V",
      "Lorg/eclipse/jface/viewers/ColumnLabelProvider.getImage(Ljava/lang/Object;)Lorg/eclipse/swt/graphics/Image;",
      "Lorg/eclipse/jface/viewers/ColumnLabelProvider.getText(Ljava/lang/Object;)Ljava/lang/String;"
    ]
  },
  {
    "frequency": 1,
    "overriddenMethods": [
      "Lorg/eclipse/jface/viewers/BaseLabelProvider.dispose()V",
      "Lorg/eclipse/jface/viewers/ColumnLabelProvider.getImage(Ljava/lang/Object;)Lorg/eclipse/swt/graphics/Image;"
    ]
  },
  {
    "frequency": 1,
    "overriddenMethods": [
      "Lorg/eclipse/jface/viewers/CellLabelProvider.getToolTipText(Ljava/lang/Object;)Ljava/lang/String;",
      "Lorg/eclipse/jface/viewers/ColumnLabelProvider.getForeground(Ljava/lang/Object;)Lorg/eclipse/swt/graphics/Color;",
      "Lorg/eclipse/jface/viewers/ColumnLabelProvider.getText(Ljava/lang/Object;)Ljava/lang/String;"
    ]
  },
  {
    "frequency": 1,
    "overriddenMethods": [
      "Lorg/eclipse/jface/viewers/BaseLabelProvider.dispose()V",
      "Lorg/eclipse/jface/viewers/CellLabelProvider.getToolTipDisplayDelayTime(Ljava/lang/Object;)I",
      "Lorg/eclipse/jface/viewers/CellLabelProvider.getToolTipShift(Ljava/lang/Object;)Lorg/eclipse/swt/graphics/Point;",
      "Lorg/eclipse/jface/viewers/CellLabelProvider.getToolTipText(Ljava/lang/Object;)Ljava/lang/String;",
      "Lorg/eclipse/jface/viewers/CellLabelProvider.getToolTipTimeDisplayed(Ljava/lang/Object;)I",
      "Lorg/eclipse/jface/viewers/ColumnLabelProvider.getImage(Ljava/lang/Object;)Lorg/eclipse/swt/graphics/Image;",
      "Lorg/eclipse/jface/viewers/ColumnLabelProvider.getText(Ljava/lang/Object;)Ljava/lang/String;"
    ]
  },
  {
    "frequency": 3,
    "overriddenMethods": [
      "Lorg/eclipse/jface/viewers/BaseLabelProvider.dispose()V",
      "Lorg/eclipse/jface/viewers/ColumnLabelProvider.getText(Ljava/lang/Object;)Ljava/lang/String;"
    ]
  },
  {
    "frequency": 1,
    "overriddenMethods": [
      "Lorg/eclipse/jface/viewers/CellLabelProvider.getToolTipDisplayDelayTime(Ljava/lang/Object;)I",
      "Lorg/eclipse/jface/viewers/CellLabelProvider.getToolTipShift(Ljava/lang/Object;)Lorg/eclipse/swt/graphics/Point;",
      "Lorg/eclipse/jface/viewers/CellLabelProvider.getToolTipText(Ljava/lang/Object;)Ljava/lang/String;",
      "Lorg/eclipse/jface/viewers/CellLabelProvider.getToolTipTimeDisplayed(Ljava/lang/Object;)I",
      "Lorg/eclipse/jface/viewers/ColumnLabelProvider.getImage(Ljava/lang/Object;)Lorg/eclipse/swt/graphics/Image;",
      "Lorg/eclipse/jface/viewers/ColumnLabelProvider.getText(Ljava/lang/Object;)Ljava/lang/String;"
    ]
  },
  {
    "frequency": 1,
    "overriddenMethods": [
      "Lorg/eclipse/jface/viewers/BaseLabelProvider.dispose()V",
      "Lorg/eclipse/jface/viewers/CellLabelProvider.getToolTipDisplayDelayTime(Ljava/lang/Object;)I",
      "Lorg/eclipse/jface/viewers/CellLabelProvider.getToolTipImage(Ljava/lang/Object;)Lorg/eclipse/swt/graphics/Image;",
      "Lorg/eclipse/jface/viewers/CellLabelProvider.getToolTipShift(Ljava/lang/Object;)Lorg/eclipse/swt/graphics/Point;",
      "Lorg/eclipse/jface/viewers/CellLabelProvider.getToolTipText(Ljava/lang/Object;)Ljava/lang/String;",
      "Lorg/eclipse/jface/viewers/CellLabelProvider.getToolTipTimeDisplayed(Ljava/lang/Object;)I",
      "Lorg/eclipse/jface/viewers/ColumnLabelProvider.getBackground(Ljava/lang/Object;)Lorg/eclipse/swt/graphics/Color;",
      "Lorg/eclipse/jface/viewers/ColumnLabelProvider.getForeground(Ljava/lang/Object;)Lorg/eclipse/swt/graphics/Color;",
      "Lorg/eclipse/jface/viewers/ColumnLabelProvider.getImage(Ljava/lang/Object;)Lorg/eclipse/swt/graphics/Image;",
      "Lorg/eclipse/jface/viewers/ColumnLabelProvider.getText(Ljava/lang/Object;)Ljava/lang/String;"
    ]
  },
  {
    "frequency": 1,
    "overriddenMethods": [
      "Lorg/eclipse/jface/viewers/ColumnLabelProvider.getBackground(Ljava/lang/Object;)Lorg/eclipse/swt/graphics/Color;",
      "Lorg/eclipse/jface/viewers/ColumnLabelProvider.getImage(Ljava/lang/Object;)Lorg/eclipse/swt/graphics/Image;",
      "Lorg/eclipse/jface/viewers/ColumnLabelProvider.getText(Ljava/lang/Object;)Ljava/lang/String;"
    ]
  },
  {
    "frequency": 1,
    "overriddenMethods": [
      "Lorg/eclipse/jface/viewers/BaseLabelProvider.dispose()V",
      "Lorg/eclipse/jface/viewers/CellLabelProvider.getToolTipText(Ljava/lang/Object;)Ljava/lang/String;",
      "Lorg/eclipse/jface/viewers/ColumnLabelProvider.getImage(Ljava/lang/Object;)Lorg/eclipse/swt/graphics/Image;",
      "Lorg/eclipse/jface/viewers/ColumnLabelProvider.getText(Ljava/lang/Object;)Ljava/lang/String;"
    ]
  },
  {
    "frequency": 1,
    "overriddenMethods": [
      "Lorg/eclipse/jface/viewers/CellLabelProvider.getToolTipText(Ljava/lang/Object;)Ljava/lang/String;",
      "Lorg/eclipse/jface/viewers/CellLabelProvider.useNativeToolTip(Ljava/lang/Object;)Z",
      "Lorg/eclipse/jface/viewers/ColumnLabelProvider.getText(Ljava/lang/Object;)Ljava/lang/String;"
    ]
  },
  {
    "frequency": 1,
    "overriddenMethods": [
      "Lorg/eclipse/jface/viewers/CellLabelProvider.getToolTipDisplayDelayTime(Ljava/lang/Object;)I",
      "Lorg/eclipse/jface/viewers/CellLabelProvider.getToolTipText(Ljava/lang/Object;)Ljava/lang/String;",
      "Lorg/eclipse/jface/viewers/CellLabelProvider.getToolTipTimeDisplayed(Ljava/lang/Object;)I",
      "Lorg/eclipse/jface/viewers/ColumnLabelProvider.update(Lorg/eclipse/jface/viewers/ViewerCell;)V"
    ]
  },
  {
    "frequency": 1,
    "overriddenMethods": [
      "Lorg/eclipse/jface/viewers/BaseLabelProvider.dispose()V",
      "Lorg/eclipse/jface/viewers/ColumnLabelProvider.getForeground(Ljava/lang/Object;)Lorg/eclipse/swt/graphics/Color;",
      "Lorg/eclipse/jface/viewers/ColumnLabelProvider.getText(Ljava/lang/Object;)Ljava/lang/String;"
    ]
  },
  {
    "frequency": 1,
    "overriddenMethods": [
      "Lorg/eclipse/jface/viewers/BaseLabelProvider.dispose()V",
      "Lorg/eclipse/jface/viewers/CellLabelProvider.getToolTipText(Ljava/lang/Object;)Ljava/lang/String;",
      "Lorg/eclipse/jface/viewers/ColumnLabelProvider.getForeground(Ljava/lang/Object;)Lorg/eclipse/swt/graphics/Color;",
      "Lorg/eclipse/jface/viewers/ColumnLabelProvider.getImage(Ljava/lang/Object;)Lorg/eclipse/swt/graphics/Image;",
      "Lorg/eclipse/jface/viewers/ColumnLabelProvider.getText(Ljava/lang/Object;)Ljava/lang/String;"
    ]
  },
  {
    "frequency": 1,
    "overriddenMethods": [
      "Lorg/eclipse/jface/viewers/BaseLabelProvider.dispose()V",
      "Lorg/eclipse/jface/viewers/CellLabelProvider.initialize(Lorg/eclipse/jface/viewers/ColumnViewer;Lorg/eclipse/jface/viewers/ViewerColumn;)V",
      "Lorg/eclipse/jface/viewers/ColumnLabelProvider.getBackground(Ljava/lang/Object;)Lorg/eclipse/swt/graphics/Color;",
      "Lorg/eclipse/jface/viewers/ColumnLabelProvider.getForeground(Ljava/lang/Object;)Lorg/eclipse/swt/graphics/Color;",
      "Lorg/eclipse/jface/viewers/ColumnLabelProvider.getImage(Ljava/lang/Object;)Lorg/eclipse/swt/graphics/Image;",
      "Lorg/eclipse/jface/viewers/ColumnLabelProvider.getText(Ljava/lang/Object;)Ljava/lang/String;"
    ]
  },
  {
    "frequency": 1,
    "overriddenMethods": [
      "Lorg/eclipse/jface/viewers/ColumnLabelProvider.getBackground(Ljava/lang/Object;)Lorg/eclipse/swt/graphics/Color;"
    ]
  },
  {
    "frequency": 4,
    "overriddenMethods": [
      "Lorg/eclipse/jface/viewers/ColumnLabelProvider.getBackground(Ljava/lang/Object;)Lorg/eclipse/swt/graphics/Color;",
      "Lorg/eclipse/jface/viewers/ColumnLabelProvider.getFont(Ljava/lang/Object;)Lorg/eclipse/swt/graphics/Font;",
      "Lorg/eclipse/jface/viewers/ColumnLabelProvider.getForeground(Ljava/lang/Object;)Lorg/eclipse/swt/graphics/Color;",
      "Lorg/eclipse/jface/viewers/ColumnLabelProvider.getImage(Ljava/lang/Object;)Lorg/eclipse/swt/graphics/Image;",
      "Lorg/eclipse/jface/viewers/ColumnLabelProvider.getText(Ljava/lang/Object;)Ljava/lang/String;"
    ]
  },
  {
    "frequency": 1,
    "overriddenMethods": [
      "Lorg/eclipse/jface/viewers/BaseLabelProvider.dispose()V",
      "Lorg/eclipse/jface/viewers/CellLabelProvider.getToolTipText(Ljava/lang/Object;)Ljava/lang/String;",
      "Lorg/eclipse/jface/viewers/CellLabelProvider.useNativeToolTip(Ljava/lang/Object;)Z",
      "Lorg/eclipse/jface/viewers/ColumnLabelProvider.getFont(Ljava/lang/Object;)Lorg/eclipse/swt/graphics/Font;",
      "Lorg/eclipse/jface/viewers/ColumnLabelProvider.getImage(Ljava/lang/Object;)Lorg/eclipse/swt/graphics/Image;",
      "Lorg/eclipse/jface/viewers/ColumnLabelProvider.getText(Ljava/lang/Object;)Ljava/lang/String;"
    ]
  },
  {
    "frequency": 1,
    "overriddenMethods": [
      "Lorg/eclipse/jface/viewers/CellLabelProvider.getToolTipDisplayDelayTime(Ljava/lang/Object;)I",
      "Lorg/eclipse/jface/viewers/CellLabelProvider.getToolTipShift(Ljava/lang/Object;)Lorg/eclipse/swt/graphics/Point;",
      "Lorg/eclipse/jface/viewers/CellLabelProvider.getToolTipText(Ljava/lang/Object;)Ljava/lang/String;",
      "Lorg/eclipse/jface/viewers/ColumnLabelProvider.getImage(Ljava/lang/Object;)Lorg/eclipse/swt/graphics/Image;",
      "Lorg/eclipse/jface/viewers/ColumnLabelProvider.getText(Ljava/lang/Object;)Ljava/lang/String;"
    ]
  },
  {
    "frequency": 3,
    "overriddenMethods": [
      "Lorg/eclipse/jface/viewers/ColumnLabelProvider.getImage(Ljava/lang/Object;)Lorg/eclipse/swt/graphics/Image;",
      "Lorg/eclipse/jface/viewers/ColumnLabelProvider.getText(Ljava/lang/Object;)Ljava/lang/String;",
      "Lorg/eclipse/jface/viewers/ColumnLabelProvider.update(Lorg/eclipse/jface/viewers/ViewerCell;)V"
    ]
  },
  {
    "frequency": 2,
    "overriddenMethods": [
      "Lorg/eclipse/jface/viewers/ColumnLabelProvider.getBackground(Ljava/lang/Object;)Lorg/eclipse/swt/graphics/Color;",
      "Lorg/eclipse/jface/viewers/ColumnLabelProvider.getForeground(Ljava/lang/Object;)Lorg/eclipse/swt/graphics/Color;",
      "Lorg/eclipse/jface/viewers/ColumnLabelProvider.getImage(Ljava/lang/Object;)Lorg/eclipse/swt/graphics/Image;",
      "Lorg/eclipse/jface/viewers/ColumnLabelProvider.getText(Ljava/lang/Object;)Ljava/lang/String;"
    ]
  },
  {
    "frequency": 1,
    "overriddenMethods": [
      "Lorg/eclipse/jface/viewers/BaseLabelProvider.addListener(Lorg/eclipse/jface/viewers/ILabelProviderListener;)V",
      "Lorg/eclipse/jface/viewers/BaseLabelProvider.dispose()V",
      "Lorg/eclipse/jface/viewers/BaseLabelProvider.isLabelProperty(Ljava/lang/Object;Ljava/lang/String;)Z",
      "Lorg/eclipse/jface/viewers/BaseLabelProvider.removeListener(Lorg/eclipse/jface/viewers/ILabelProviderListener;)V",
      "Lorg/eclipse/jface/viewers/ColumnLabelProvider.getBackground(Ljava/lang/Object;)Lorg/eclipse/swt/graphics/Color;",
      "Lorg/eclipse/jface/viewers/ColumnLabelProvider.getForeground(Ljava/lang/Object;)Lorg/eclipse/swt/graphics/Color;",
      "Lorg/eclipse/jface/viewers/ColumnLabelProvider.getImage(Ljava/lang/Object;)Lorg/eclipse/swt/graphics/Image;",
      "Lorg/eclipse/jface/viewers/ColumnLabelProvider.getText(Ljava/lang/Object;)Ljava/lang/String;"
    ]
  },
  {
    "frequency": 9,
    "overriddenMethods": [
      "Lorg/eclipse/jface/viewers/ColumnLabelProvider.getForeground(Ljava/lang/Object;)Lorg/eclipse/swt/graphics/Color;",
      "Lorg/eclipse/jface/viewers/ColumnLabelProvider.getImage(Ljava/lang/Object;)Lorg/eclipse/swt/graphics/Image;",
      "Lorg/eclipse/jface/viewers/ColumnLabelProvider.getText(Ljava/lang/Object;)Ljava/lang/String;"
    ]
  },
  {
    "frequency": 1,
    "overriddenMethods": [
      "Lorg/eclipse/jface/viewers/ColumnLabelProvider.getFont(Ljava/lang/Object;)Lorg/eclipse/swt/graphics/Font;",
      "Lorg/eclipse/jface/viewers/ColumnLabelProvider.update(Lorg/eclipse/jface/viewers/ViewerCell;)V"
    ]
  },
  {
    "frequency": 1,
    "overriddenMethods": [
      "Lorg/eclipse/jface/viewers/ColumnLabelProvider.getForeground(Ljava/lang/Object;)Lorg/eclipse/swt/graphics/Color;",
      "Lorg/eclipse/jface/viewers/ColumnLabelProvider.getText(Ljava/lang/Object;)Ljava/lang/String;"
    ]
  },
  {
    "frequency": 1,
    "overriddenMethods": [
      "Lorg/eclipse/jface/viewers/BaseLabelProvider.addListener(Lorg/eclipse/jface/viewers/ILabelProviderListener;)V",
      "Lorg/eclipse/jface/viewers/BaseLabelProvider.dispose()V",
      "Lorg/eclipse/jface/viewers/BaseLabelProvider.removeListener(Lorg/eclipse/jface/viewers/ILabelProviderListener;)V"
    ]
  },
  {
    "frequency": 1,
    "overriddenMethods": [
      "Lorg/eclipse/jface/viewers/BaseLabelProvider.dispose()V",
      "Lorg/eclipse/jface/viewers/ColumnLabelProvider.getBackground(Ljava/lang/Object;)Lorg/eclipse/swt/graphics/Color;",
      "Lorg/eclipse/jface/viewers/ColumnLabelProvider.getForeground(Ljava/lang/Object;)Lorg/eclipse/swt/graphics/Color;",
      "Lorg/eclipse/jface/viewers/ColumnLabelProvider.getImage(Ljava/lang/Object;)Lorg/eclipse/swt/graphics/Image;",
      "Lorg/eclipse/jface/viewers/ColumnLabelProvider.getText(Ljava/lang/Object;)Ljava/lang/String;"
    ]
  },
  {
    "frequency": 1,
    "overriddenMethods": [
      "Lorg/eclipse/jface/viewers/CellLabelProvider.getToolTipText(Ljava/lang/Object;)Ljava/lang/String;",
      "Lorg/eclipse/jface/viewers/ColumnLabelProvider.update(Lorg/eclipse/jface/viewers/ViewerCell;)V"
    ]
  },
  {
    "frequency": 1,
    "overriddenMethods": [
      "Lorg/eclipse/jface/viewers/CellLabelProvider.getToolTipDisplayDelayTime(Ljava/lang/Object;)I",
      "Lorg/eclipse/jface/viewers/CellLabelProvider.getToolTipText(Ljava/lang/Object;)Ljava/lang/String;",
      "Lorg/eclipse/jface/viewers/ColumnLabelProvider.getForeground(Ljava/lang/Object;)Lorg/eclipse/swt/graphics/Color;",
      "Lorg/eclipse/jface/viewers/ColumnLabelProvider.getImage(Ljava/lang/Object;)Lorg/eclipse/swt/graphics/Image;",
      "Lorg/eclipse/jface/viewers/ColumnLabelProvider.getText(Ljava/lang/Object;)Ljava/lang/String;"
    ]
  },
  {
    "frequency": 2,
    "overriddenMethods": [
      "Lorg/eclipse/jface/viewers/CellLabelProvider.getToolTipText(Ljava/lang/Object;)Ljava/lang/String;",
      "Lorg/eclipse/jface/viewers/ColumnLabelProvider.getImage(Ljava/lang/Object;)Lorg/eclipse/swt/graphics/Image;"
    ]
  }
]