[
  {
    "frequency": 1,
    "overriddenMethods": [
      "Lorg/eclipse/jface/viewers/ComboBoxCellEditor.doGetValue()Ljava/lang/Object;",
      "Lorg/eclipse/jface/viewers/ComboBoxCellEditor.doSetFocus()V",
      "Lorg/eclipse/jface/viewers/ComboBoxCellEditor.doSetValue(Ljava/lang/Object;)V",
      "Lorg/eclipse/jface/viewers/ComboBoxCellEditor.focusLost()V",
      "Lorg/eclipse/jface/viewers/ComboBoxCellEditor.keyReleaseOccured(Lorg/eclipse/swt/events/KeyEvent;)V"
    ]
  },
  {
    "frequency": 1,
    "overriddenMethods": [
      "Lorg/eclipse/jface/viewers/ComboBoxCellEditor.createControl(Lorg/eclipse/swt/widgets/Composite;)Lorg/eclipse/swt/widgets/Control;",
      "Lorg/eclipse/jface/viewers/ComboBoxCellEditor.keyReleaseOccured(Lorg/eclipse/swt/events/KeyEvent;)V",
      "Lorg/eclipse/jface/viewers/ComboBoxCellEditor.setItems([Ljava/lang/String;)V"
    ]
  },
  {
    "frequency": 1,
    "overriddenMethods": [
      "Lorg/eclipse/jface/viewers/ComboBoxCellEditor.activate(Lorg/eclipse/jface/viewers/ColumnViewerEditorActivationEvent;)V",
      "Lorg/eclipse/jface/viewers/ComboBoxCellEditor.setActivationStyle(I)V"
    ]
  },
  {
    "frequency": 2,
    "overriddenMethods": [
      "Lorg/eclipse/jface/viewers/ComboBoxCellEditor.activate(Lorg/eclipse/jface/viewers/ColumnViewerEditorActivationEvent;)V",
      "Lorg/eclipse/jface/viewers/ComboBoxCellEditor.createControl(Lorg/eclipse/swt/widgets/Composite;)Lorg/eclipse/swt/widgets/Control;",
      "Lorg/eclipse/jface/viewers/ComboBoxCellEditor.doGetValue()Ljava/lang/Object;",
      "Lorg/eclipse/jface/viewers/ComboBoxCellEditor.doSetValue(Ljava/lang/Object;)V",
      "Lorg/eclipse/jface/viewers/ComboBoxCellEditor.setActivationStyle(I)V"
    ]
  },
  {
    "frequency": 7,
    "overriddenMethods": [
      "Lorg/eclipse/jface/viewers/ComboBoxCellEditor.doGetValue()Ljava/lang/Object;",
      "Lorg/eclipse/jface/viewers/ComboBoxCellEditor.doSetValue(Ljava/lang/Object;)V"
    ]
  },
  {
    "frequency": 1,
    "overriddenMethods": [
      "Lorg/eclipse/jface/viewers/ComboBoxCellEditor.activate(Lorg/eclipse/jface/viewers/ColumnViewerEditorActivationEvent;)V",
      "Lorg/eclipse/jface/viewers/ComboBoxCellEditor.doGetValue()Ljava/lang/Object;",
      "Lorg/eclipse/jface/viewers/ComboBoxCellEditor.doSetValue(Ljava/lang/Object;)V",
      "Lorg/eclipse/jface/viewers/ComboBoxCellEditor.getItems()[Ljava/lang/String;",
      "Lorg/eclipse/jface/viewers/ComboBoxCellEditor.setActivationStyle(I)V",
      "Lorg/eclipse/jface/viewers/ComboBoxCellEditor.setItems([Ljava/lang/String;)V"
    ]
  },
  {
    "frequency": 1,
    "overriddenMethods": [
      "Lorg/eclipse/jface/viewers/ComboBoxCellEditor.createControl(Lorg/eclipse/swt/widgets/Composite;)Lorg/eclipse/swt/widgets/Control;"
    ]
  },
  {
    "frequency": 1,
    "overriddenMethods": [
      "Lorg/eclipse/jface/viewers/ComboBoxCellEditor.doSetValue(Ljava/lang/Object;)V",
      "Lorg/eclipse/jface/viewers/ComboBoxCellEditor.setItems([Ljava/lang/String;)V"
    ]
  },
  {
    "frequency": 1,
    "overriddenMethods": [
      "Lorg/eclipse/jface/viewers/ComboBoxCellEditor.activate(Lorg/eclipse/jface/viewers/ColumnViewerEditorActivationEvent;)V",
      "Lorg/eclipse/jface/viewers/ComboBoxCellEditor.createControl(Lorg/eclipse/swt/widgets/Composite;)Lorg/eclipse/swt/widgets/Control;",
      "Lorg/eclipse/jface/viewers/ComboBoxCellEditor.doSetValue(Ljava/lang/Object;)V",
      "Lorg/eclipse/jface/viewers/ComboBoxCellEditor.focusLost()V",
      "Lorg/eclipse/jface/viewers/ComboBoxCellEditor.setActivationStyle(I)V"
    ]
  },
  {
    "frequency": 4,
    "overriddenMethods": [
      "Lorg/eclipse/jface/viewers/ComboBoxCellEditor.activate(Lorg/eclipse/jface/viewers/ColumnViewerEditorActivationEvent;)V",
      "Lorg/eclipse/jface/viewers/ComboBoxCellEditor.doGetValue()Ljava/lang/Object;",
      "Lorg/eclipse/jface/viewers/ComboBoxCellEditor.doSetValue(Ljava/lang/Object;)V",
      "Lorg/eclipse/jface/viewers/ComboBoxCellEditor.setActivationStyle(I)V"
    ]
  },
  {
    "frequency": 4,
    "overriddenMethods": [
      "Lorg/eclipse/jface/viewers/CellEditor.getDoubleClickTimeout()I"
    ]
  },
  {
    "frequency": 1,
    "overriddenMethods": [
      "Lorg/eclipse/jface/viewers/ComboBoxCellEditor.applyEditorValueAndDeactivate()V",
      "Lorg/eclipse/jface/viewers/ComboBoxCellEditor.createControl(Lorg/eclipse/swt/widgets/Composite;)Lorg/eclipse/swt/widgets/Control;"
    ]
  },
  {
    "frequency": 1,
    "overriddenMethods": [
      "Lorg/eclipse/jface/viewers/CellEditor.deactivate()V",
      "Lorg/eclipse/jface/viewers/ComboBoxCellEditor.doGetValue()Ljava/lang/Object;",
      "Lorg/eclipse/jface/viewers/ComboBoxCellEditor.doSetValue(Ljava/lang/Object;)V"
    ]
  },
  {
    "frequency": 2,
    "overriddenMethods": [
      "Lorg/eclipse/jface/viewers/ComboBoxCellEditor.doSetFocus()V",
      "Lorg/eclipse/jface/viewers/ComboBoxCellEditor.focusLost()V"
    ]
  },
  {
    "frequency": 1,
    "overriddenMethods": [
      "Lorg/eclipse/jface/viewers/ComboBoxCellEditor.activate(Lorg/eclipse/jface/viewers/ColumnViewerEditorActivationEvent;)V",
      "Lorg/eclipse/jface/viewers/ComboBoxCellEditor.createControl(Lorg/eclipse/swt/widgets/Composite;)Lorg/eclipse/swt/widgets/Control;",
      "Lorg/eclipse/jface/viewers/ComboBoxCellEditor.doGetValue()Ljava/lang/Object;",
      "Lorg/eclipse/jface/viewers/ComboBoxCellEditor.setActivationStyle(I)V"
    ]
  },
  {
    "frequency": 1,
    "overriddenMethods": [
      "Lorg/eclipse/jface/viewers/CellEditor.activate()V",
      "Lorg/eclipse/jface/viewers/ComboBoxCellEditor.activate(Lorg/eclipse/jface/viewers/ColumnViewerEditorActivationEvent;)V",
      "Lorg/eclipse/jface/viewers/ComboBoxCellEditor.doGetValue()Ljava/lang/Object;",
      "Lorg/eclipse/jface/viewers/ComboBoxCellEditor.doSetValue(Ljava/lang/Object;)V",
      "Lorg/eclipse/jface/viewers/ComboBoxCellEditor.focusLost()V",
      "Lorg/eclipse/jface/viewers/ComboBoxCellEditor.setActivationStyle(I)V"
    ]
  },
  {
    "frequency": 2,
    "overriddenMethods": [
      "Lorg/eclipse/jface/viewers/ComboBoxCellEditor.doGetValue()Ljava/lang/Object;",
      "Lorg/eclipse/jface/viewers/ComboBoxCellEditor.doSetValue(Ljava/lang/Object;)V",
      "Lorg/eclipse/jface/viewers/ComboBoxCellEditor.setItems([Ljava/lang/String;)V"
    ]
  },
  {
    "frequency": 1,
    "overriddenMethods": [
      "Lorg/eclipse/jface/viewers/CellEditor.getDoubleClickTimeout()I",
      "Lorg/eclipse/jface/viewers/ComboBoxCellEditor.createControl(Lorg/eclipse/swt/widgets/Composite;)Lorg/eclipse/swt/widgets/Control;"
    ]
  },
  {
    "frequency": 1,
    "overriddenMethods": [
      "Lorg/eclipse/jface/viewers/ComboBoxCellEditor.setItems([Ljava/lang/String;)V"
    ]
  }
]