[
  {
    "frequency": 1,
    "overriddenMethods": [
      "Lorg/eclipse/jface/viewers/ContentViewer.handleDispose(Lorg/eclipse/swt/events/DisposeEvent;)V",
      "Lorg/eclipse/jface/viewers/ContentViewer.setInput(Ljava/lang/Object;)V",
      "Lorg/eclipse/jface/viewers/Viewer.getControl()Lorg/eclipse/swt/widgets/Control;",
      "Lorg/eclipse/jface/viewers/Viewer.getSelection()Lorg/eclipse/jface/viewers/ISelection;",
      "Lorg/eclipse/jface/viewers/Viewer.refresh()V",
      "Lorg/eclipse/jface/viewers/Viewer.setSelection(Lorg/eclipse/jface/viewers/ISelection;Z)V"
    ]
  },
  {
    "frequency": 3,
    "overriddenMethods": [
      "Lorg/eclipse/jface/viewers/ContentViewer.handleLabelProviderChanged(Lorg/eclipse/jface/viewers/LabelProviderChangedEvent;)V",
      "Lorg/eclipse/jface/viewers/Viewer.getControl()Lorg/eclipse/swt/widgets/Control;",
      "Lorg/eclipse/jface/viewers/Viewer.getSelection()Lorg/eclipse/jface/viewers/ISelection;",
      "Lorg/eclipse/jface/viewers/Viewer.inputChanged(Ljava/lang/Object;Ljava/lang/Object;)V",
      "Lorg/eclipse/jface/viewers/Viewer.refresh()V",
      "Lorg/eclipse/jface/viewers/Viewer.setSelection(Lorg/eclipse/jface/viewers/ISelection;Z)V"
    ]
  },
  {
    "frequency": 1,
    "overriddenMethods": [
      "Lorg/eclipse/jface/viewers/ContentViewer.getContentProvider()Lorg/eclipse/jface/viewers/IContentProvider;",
      "Lorg/eclipse/jface/viewers/ContentViewer.setContentProvider(Lorg/eclipse/jface/viewers/IContentProvider;)V",
      "Lorg/eclipse/jface/viewers/ContentViewer.setInput(Ljava/lang/Object;)V",
      "Lorg/eclipse/jface/viewers/ContentViewer.setLabelProvider(Lorg/eclipse/jface/viewers/IBaseLabelProvider;)V",
      "Lorg/eclipse/jface/viewers/Viewer.getControl()Lorg/eclipse/swt/widgets/Control;",
      "Lorg/eclipse/jface/viewers/Viewer.getSelection()Lorg/eclipse/jface/viewers/ISelection;",
      "Lorg/eclipse/jface/viewers/Viewer.inputChanged(Ljava/lang/Object;Ljava/lang/Object;)V",
      "Lorg/eclipse/jface/viewers/Viewer.refresh()V",
      "Lorg/eclipse/jface/viewers/Viewer.setSelection(Lorg/eclipse/jface/viewers/ISelection;Z)V"
    ]
  },
  {
    "frequency": 4,
    "overriddenMethods": [
      "Lorg/eclipse/jface/viewers/Viewer.getControl()Lorg/eclipse/swt/widgets/Control;",
      "Lorg/eclipse/jface/viewers/Viewer.getSelection()Lorg/eclipse/jface/viewers/ISelection;",
      "Lorg/eclipse/jface/viewers/Viewer.inputChanged(Ljava/lang/Object;Ljava/lang/Object;)V",
      "Lorg/eclipse/jface/viewers/Viewer.refresh()V",
      "Lorg/eclipse/jface/viewers/Viewer.setSelection(Lorg/eclipse/jface/viewers/ISelection;Z)V"
    ]
  },
  {
    "frequency": 1,
    "overriddenMethods": [
      "Lorg/eclipse/jface/viewers/ContentViewer.handleDispose(Lorg/eclipse/swt/events/DisposeEvent;)V",
      "Lorg/eclipse/jface/viewers/Viewer.getControl()Lorg/eclipse/swt/widgets/Control;",
      "Lorg/eclipse/jface/viewers/Viewer.getSelection()Lorg/eclipse/jface/viewers/ISelection;",
      "Lorg/eclipse/jface/viewers/Viewer.inputChanged(Ljava/lang/Object;Ljava/lang/Object;)V",
      "Lorg/eclipse/jface/viewers/Viewer.refresh()V",
      "Lorg/eclipse/jface/viewers/Viewer.setSelection(Lorg/eclipse/jface/viewers/ISelection;Z)V"
    ]
  },
  {
    "frequency": 1,
    "overriddenMethods": [
      "Lorg/eclipse/jface/viewers/ContentViewer.getInput()Ljava/lang/Object;",
      "Lorg/eclipse/jface/viewers/ContentViewer.setInput(Ljava/lang/Object;)V",
      "Lorg/eclipse/jface/viewers/Viewer.getControl()Lorg/eclipse/swt/widgets/Control;",
      "Lorg/eclipse/jface/viewers/Viewer.getSelection()Lorg/eclipse/jface/viewers/ISelection;",
      "Lorg/eclipse/jface/viewers/Viewer.inputChanged(Ljava/lang/Object;Ljava/lang/Object;)V",
      "Lorg/eclipse/jface/viewers/Viewer.refresh()V",
      "Lorg/eclipse/jface/viewers/Viewer.setSelection(Lorg/eclipse/jface/viewers/ISelection;Z)V"
    ]
  },
  {
    "frequency": 1,
    "overriddenMethods": [
      "Lorg/eclipse/jface/viewers/ContentViewer.setContentProvider(Lorg/eclipse/jface/viewers/IContentProvider;)V",
      "Lorg/eclipse/jface/viewers/Viewer.getControl()Lorg/eclipse/swt/widgets/Control;",
      "Lorg/eclipse/jface/viewers/Viewer.getSelection()Lorg/eclipse/jface/viewers/ISelection;",
      "Lorg/eclipse/jface/viewers/Viewer.inputChanged(Ljava/lang/Object;Ljava/lang/Object;)V",
      "Lorg/eclipse/jface/viewers/Viewer.refresh()V",
      "Lorg/eclipse/jface/viewers/Viewer.setSelection(Lorg/eclipse/jface/viewers/ISelection;Z)V"
    ]
  },
  {
    "frequency": 1,
    "overriddenMethods": [
      "Lorg/eclipse/jface/viewers/ContentViewer.getInput()Ljava/lang/Object;",
      "Lorg/eclipse/jface/viewers/ContentViewer.setInput(Ljava/lang/Object;)V",
      "Lorg/eclipse/jface/viewers/Viewer.addSelectionChangedListener(Lorg/eclipse/jface/viewers/ISelectionChangedListener;)V",
      "Lorg/eclipse/jface/viewers/Viewer.getControl()Lorg/eclipse/swt/widgets/Control;",
      "Lorg/eclipse/jface/viewers/Viewer.getSelection()Lorg/eclipse/jface/viewers/ISelection;",
      "Lorg/eclipse/jface/viewers/Viewer.inputChanged(Ljava/lang/Object;Ljava/lang/Object;)V",
      "Lorg/eclipse/jface/viewers/Viewer.refresh()V",
      "Lorg/eclipse/jface/viewers/Viewer.setSelection(Lorg/eclipse/jface/viewers/ISelection;Z)V"
    ]
  },
  {
    "frequency": 1,
    "overriddenMethods": [
      "Lorg/eclipse/jface/viewers/ContentViewer.getInput()Ljava/lang/Object;",
      "Lorg/eclipse/jface/viewers/ContentViewer.setInput(Ljava/lang/Object;)V",
      "Lorg/eclipse/jface/viewers/Viewer.getControl()Lorg/eclipse/swt/widgets/Control;",
      "Lorg/eclipse/jface/viewers/Viewer.getSelection()Lorg/eclipse/jface/viewers/ISelection;",
      "Lorg/eclipse/jface/viewers/Viewer.inputChanged(Ljava/lang/Object;Ljava/lang/Object;)V",
      "Lorg/eclipse/jface/viewers/Viewer.refresh()V"
    ]
  },
  {
    "frequency": 7,
    "overriddenMethods": [
      "Lorg/eclipse/jface/viewers/ContentViewer.setInput(Ljava/lang/Object;)V",
      "Lorg/eclipse/jface/viewers/Viewer.getControl()Lorg/eclipse/swt/widgets/Control;",
      "Lorg/eclipse/jface/viewers/Viewer.getSelection()Lorg/eclipse/jface/viewers/ISelection;",
      "Lorg/eclipse/jface/viewers/Viewer.refresh()V",
      "Lorg/eclipse/jface/viewers/Viewer.setSelection(Lorg/eclipse/jface/viewers/ISelection;Z)V"
    ]
  }
]