[
  {
    "frequency": 9,
    "overriddenMethods": []
  },
  {
    "frequency": 1,
    "overriddenMethods": [
      "Lorg/eclipse/jface/viewers/DecoratingStyledCellLabelProvider.getFont(Ljava/lang/Object;)Lorg/eclipse/swt/graphics/Font;",
      "Lorg/eclipse/jface/viewers/DecoratingStyledCellLabelProvider.getStyledText(Ljava/lang/Object;)Lorg/eclipse/jface/viewers/StyledString;"
    ]
  },
  {
    "frequency": 1,
    "overriddenMethods": [
      "Lorg/eclipse/jface/viewers/DelegatingStyledCellLabelProvider.getToolTipText(Ljava/lang/Object;)Ljava/lang/String;"
    ]
  },
  {
    "frequency": 1,
    "overriddenMethods": [
      "Lorg/eclipse/jface/viewers/DecoratingStyledCellLabelProvider.getImage(Ljava/lang/Object;)Lorg/eclipse/swt/graphics/Image;"
    ]
  },
  {
    "frequency": 6,
    "overriddenMethods": [
      "Lorg/eclipse/jface/viewers/DecoratingStyledCellLabelProvider.dispose()V",
      "Lorg/eclipse/jface/viewers/StyledCellLabelProvider.initialize(Lorg/eclipse/jface/viewers/ColumnViewer;Lorg/eclipse/jface/viewers/ViewerColumn;)V",
      "Lorg/eclipse/jface/viewers/StyledCellLabelProvider.prepareStyleRange(Lorg/eclipse/swt/custom/StyleRange;Z)Lorg/eclipse/swt/custom/StyleRange;"
    ]
  },
  {
    "frequency": 6,
    "overriddenMethods": [
      "Lorg/eclipse/jface/viewers/DecoratingStyledCellLabelProvider.dispose()V",
      "Lorg/eclipse/jface/viewers/StyledCellLabelProvider.initialize(Lorg/eclipse/jface/viewers/ColumnViewer;Lorg/eclipse/jface/viewers/ViewerColumn;)V"
    ]
  }
]