[
  {
    "frequency": 16,
    "overriddenMethods": []
  },
  {
    "frequency": 2,
    "overriddenMethods": [
      "Lorg/eclipse/jface/viewers/DecoratingLabelProvider.getBackground(Ljava/lang/Object;)Lorg/eclipse/swt/graphics/Color;",
      "Lorg/eclipse/jface/viewers/DecoratingLabelProvider.getFont(Ljava/lang/Object;)Lorg/eclipse/swt/graphics/Font;",
      "Lorg/eclipse/jface/viewers/DecoratingLabelProvider.getForeground(Ljava/lang/Object;)Lorg/eclipse/swt/graphics/Color;"
    ]
  },
  {
    "frequency": 1,
    "overriddenMethods": [
      "Lorg/eclipse/jface/viewers/DecoratingLabelProvider.getForeground(Ljava/lang/Object;)Lorg/eclipse/swt/graphics/Color;"
    ]
  },
  {
    "frequency": 13,
    "overriddenMethods": [
      "Lorg/eclipse/jface/viewers/DecoratingLabelProvider.getImage(Ljava/lang/Object;)Lorg/eclipse/swt/graphics/Image;",
      "Lorg/eclipse/jface/viewers/DecoratingLabelProvider.getText(Ljava/lang/Object;)Ljava/lang/String;"
    ]
  },
  {
    "frequency": 1,
    "overriddenMethods": [
      "Lorg/eclipse/jface/viewers/DecoratingLabelProvider.dispose()V",
      "Lorg/eclipse/jface/viewers/DecoratingLabelProvider.getForeground(Ljava/lang/Object;)Lorg/eclipse/swt/graphics/Color;"
    ]
  },
  {
    "frequency": 1,
    "overriddenMethods": [
      "Lorg/eclipse/jface/viewers/DecoratingLabelProvider.dispose()V",
      "Lorg/eclipse/jface/viewers/DecoratingLabelProvider.getImage(Ljava/lang/Object;)Lorg/eclipse/swt/graphics/Image;",
      "Lorg/eclipse/jface/viewers/DecoratingLabelProvider.getText(Ljava/lang/Object;)Ljava/lang/String;"
    ]
  },
  {
    "frequency": 3,
    "overriddenMethods": [
      "Lorg/eclipse/jface/viewers/DecoratingLabelProvider.getBackground(Ljava/lang/Object;)Lorg/eclipse/swt/graphics/Color;",
      "Lorg/eclipse/jface/viewers/DecoratingLabelProvider.getForeground(Ljava/lang/Object;)Lorg/eclipse/swt/graphics/Color;"
    ]
  },
  {
    "frequency": 1,
    "overriddenMethods": [
      "Lorg/eclipse/jface/viewers/DecoratingLabelProvider.getFont(Ljava/lang/Object;)Lorg/eclipse/swt/graphics/Font;"
    ]
  },
  {
    "frequency": 1,
    "overriddenMethods": [
      "Lorg/eclipse/jface/viewers/DecoratingLabelProvider.addListener(Lorg/eclipse/jface/viewers/ILabelProviderListener;)V",
      "Lorg/eclipse/jface/viewers/DecoratingLabelProvider.dispose()V",
      "Lorg/eclipse/jface/viewers/DecoratingLabelProvider.isLabelProperty(Ljava/lang/Object;Ljava/lang/String;)Z",
      "Lorg/eclipse/jface/viewers/DecoratingLabelProvider.removeListener(Lorg/eclipse/jface/viewers/ILabelProviderListener;)V"
    ]
  },
  {
    "frequency": 1,
    "overriddenMethods": [
      "Lorg/eclipse/jface/viewers/DecoratingLabelProvider.getText(Ljava/lang/Object;)Ljava/lang/String;"
    ]
  }
]