[
  {
    "frequency": 2,
    "overriddenMethods": []
  },
  {
    "frequency": 4,
    "overriddenMethods": [
      "Lorg/eclipse/jface/viewers/DelegatingStyledCellLabelProvider.getToolTipText(Ljava/lang/Object;)Ljava/lang/String;"
    ]
  },
  {
    "frequency": 1,
    "overriddenMethods": [
      "Lorg/eclipse/jface/viewers/DelegatingStyledCellLabelProvider.addListener(Lorg/eclipse/jface/viewers/ILabelProviderListener;)V",
      "Lorg/eclipse/jface/viewers/DelegatingStyledCellLabelProvider.dispose()V",
      "Lorg/eclipse/jface/viewers/DelegatingStyledCellLabelProvider.getBackground(Ljava/lang/Object;)Lorg/eclipse/swt/graphics/Color;",
      "Lorg/eclipse/jface/viewers/DelegatingStyledCellLabelProvider.getFont(Ljava/lang/Object;)Lorg/eclipse/swt/graphics/Font;",
      "Lorg/eclipse/jface/viewers/DelegatingStyledCellLabelProvider.getForeground(Ljava/lang/Object;)Lorg/eclipse/swt/graphics/Color;",
      "Lorg/eclipse/jface/viewers/DelegatingStyledCellLabelProvider.getImage(Ljava/lang/Object;)Lorg/eclipse/swt/graphics/Image;",
      "Lorg/eclipse/jface/viewers/DelegatingStyledCellLabelProvider.getStyledText(Ljava/lang/Object;)Lorg/eclipse/jface/viewers/StyledString;",
      "Lorg/eclipse/jface/viewers/DelegatingStyledCellLabelProvider.isLabelProperty(Ljava/lang/Object;Ljava/lang/String;)Z",
      "Lorg/eclipse/jface/viewers/DelegatingStyledCellLabelProvider.removeListener(Lorg/eclipse/jface/viewers/ILabelProviderListener;)V",
      "Lorg/eclipse/jface/viewers/DelegatingStyledCellLabelProvider.update(Lorg/eclipse/jface/viewers/ViewerCell;)V"
    ]
  },
  {
    "frequency": 1,
    "overriddenMethods": [
      "Lorg/eclipse/jface/viewers/DelegatingStyledCellLabelProvider.dispose()V"
    ]
  }
]