[
  {
    "frequency": 1,
    "overriddenMethods": [
      "Lorg/eclipse/jface/viewers/DialogCellEditor.createButton(Lorg/eclipse/swt/widgets/Composite;)Lorg/eclipse/swt/widgets/Button;",
      "Lorg/eclipse/jface/viewers/DialogCellEditor.openDialogBox(Lorg/eclipse/swt/widgets/Control;)Ljava/lang/Object;"
    ]
  },
  {
    "frequency": 1,
    "overriddenMethods": [
      "Lorg/eclipse/jface/viewers/DialogCellEditor.createContents(Lorg/eclipse/swt/widgets/Composite;)Lorg/eclipse/swt/widgets/Control;",
      "Lorg/eclipse/jface/viewers/DialogCellEditor.doGetValue()Ljava/lang/Object;",
      "Lorg/eclipse/jface/viewers/DialogCellEditor.doSetFocus()V",
      "Lorg/eclipse/jface/viewers/DialogCellEditor.openDialogBox(Lorg/eclipse/swt/widgets/Control;)Ljava/lang/Object;",
      "Lorg/eclipse/jface/viewers/DialogCellEditor.updateContents(Ljava/lang/Object;)V"
    ]
  },
  {
    "frequency": 2,
    "overriddenMethods": [
      "Lorg/eclipse/jface/viewers/CellEditor.dispose()V",
      "Lorg/eclipse/jface/viewers/DialogCellEditor.createContents(Lorg/eclipse/swt/widgets/Composite;)Lorg/eclipse/swt/widgets/Control;",
      "Lorg/eclipse/jface/viewers/DialogCellEditor.openDialogBox(Lorg/eclipse/swt/widgets/Control;)Ljava/lang/Object;",
      "Lorg/eclipse/jface/viewers/DialogCellEditor.updateContents(Ljava/lang/Object;)V"
    ]
  },
  {
    "frequency": 6,
    "overriddenMethods": [
      "Lorg/eclipse/jface/viewers/DialogCellEditor.createContents(Lorg/eclipse/swt/widgets/Composite;)Lorg/eclipse/swt/widgets/Control;",
      "Lorg/eclipse/jface/viewers/DialogCellEditor.getDefaultLabel()Lorg/eclipse/swt/widgets/Label;",
      "Lorg/eclipse/jface/viewers/DialogCellEditor.openDialogBox(Lorg/eclipse/swt/widgets/Control;)Ljava/lang/Object;",
      "Lorg/eclipse/jface/viewers/DialogCellEditor.updateContents(Ljava/lang/Object;)V"
    ]
  },
  {
    "frequency": 1,
    "overriddenMethods": [
      "Lorg/eclipse/jface/viewers/CellEditor.activate()V",
      "Lorg/eclipse/jface/viewers/CellEditor.fireApplyEditorValue()V",
      "Lorg/eclipse/jface/viewers/CellEditor.fireCancelEditor()V",
      "Lorg/eclipse/jface/viewers/CellEditor.focusLost()V",
      "Lorg/eclipse/jface/viewers/DialogCellEditor.createButton(Lorg/eclipse/swt/widgets/Composite;)Lorg/eclipse/swt/widgets/Button;",
      "Lorg/eclipse/jface/viewers/DialogCellEditor.createContents(Lorg/eclipse/swt/widgets/Composite;)Lorg/eclipse/swt/widgets/Control;",
      "Lorg/eclipse/jface/viewers/DialogCellEditor.createControl(Lorg/eclipse/swt/widgets/Composite;)Lorg/eclipse/swt/widgets/Control;",
      "Lorg/eclipse/jface/viewers/DialogCellEditor.deactivate()V",
      "Lorg/eclipse/jface/viewers/DialogCellEditor.doSetFocus()V",
      "Lorg/eclipse/jface/viewers/DialogCellEditor.doSetValue(Ljava/lang/Object;)V",
      "Lorg/eclipse/jface/viewers/DialogCellEditor.openDialogBox(Lorg/eclipse/swt/widgets/Control;)Ljava/lang/Object;",
      "Lorg/eclipse/jface/viewers/DialogCellEditor.updateContents(Ljava/lang/Object;)V"
    ]
  },
  {
    "frequency": 3,
    "overriddenMethods": [
      "Lorg/eclipse/jface/viewers/DialogCellEditor.openDialogBox(Lorg/eclipse/swt/widgets/Control;)Ljava/lang/Object;",
      "Lorg/eclipse/jface/viewers/DialogCellEditor.updateContents(Ljava/lang/Object;)V"
    ]
  },
  {
    "frequency": 1,
    "overriddenMethods": [
      "Lorg/eclipse/jface/viewers/DialogCellEditor.doGetValue()Ljava/lang/Object;",
      "Lorg/eclipse/jface/viewers/DialogCellEditor.doSetValue(Ljava/lang/Object;)V",
      "Lorg/eclipse/jface/viewers/DialogCellEditor.openDialogBox(Lorg/eclipse/swt/widgets/Control;)Ljava/lang/Object;",
      "Lorg/eclipse/jface/viewers/DialogCellEditor.updateContents(Ljava/lang/Object;)V"
    ]
  },
  {
    "frequency": 2,
    "overriddenMethods": [
      "Lorg/eclipse/jface/viewers/DialogCellEditor.createButton(Lorg/eclipse/swt/widgets/Composite;)Lorg/eclipse/swt/widgets/Button;",
      "Lorg/eclipse/jface/viewers/DialogCellEditor.createContents(Lorg/eclipse/swt/widgets/Composite;)Lorg/eclipse/swt/widgets/Control;",
      "Lorg/eclipse/jface/viewers/DialogCellEditor.doGetValue()Ljava/lang/Object;",
      "Lorg/eclipse/jface/viewers/DialogCellEditor.doSetFocus()V",
      "Lorg/eclipse/jface/viewers/DialogCellEditor.openDialogBox(Lorg/eclipse/swt/widgets/Control;)Ljava/lang/Object;",
      "Lorg/eclipse/jface/viewers/DialogCellEditor.updateContents(Ljava/lang/Object;)V"
    ]
  },
  {
    "frequency": 1,
    "overriddenMethods": [
      "Lorg/eclipse/jface/viewers/CellEditor.isDeleteEnabled()Z",
      "Lorg/eclipse/jface/viewers/CellEditor.keyReleaseOccured(Lorg/eclipse/swt/events/KeyEvent;)V",
      "Lorg/eclipse/jface/viewers/DialogCellEditor.createButton(Lorg/eclipse/swt/widgets/Composite;)Lorg/eclipse/swt/widgets/Button;",
      "Lorg/eclipse/jface/viewers/DialogCellEditor.createContents(Lorg/eclipse/swt/widgets/Composite;)Lorg/eclipse/swt/widgets/Control;",
      "Lorg/eclipse/jface/viewers/DialogCellEditor.doGetValue()Ljava/lang/Object;",
      "Lorg/eclipse/jface/viewers/DialogCellEditor.doSetFocus()V",
      "Lorg/eclipse/jface/viewers/DialogCellEditor.doSetValue(Ljava/lang/Object;)V",
      "Lorg/eclipse/jface/viewers/DialogCellEditor.openDialogBox(Lorg/eclipse/swt/widgets/Control;)Ljava/lang/Object;",
      "Lorg/eclipse/jface/viewers/DialogCellEditor.updateContents(Ljava/lang/Object;)V"
    ]
  },
  {
    "frequency": 22,
    "overriddenMethods": [
      "Lorg/eclipse/jface/viewers/DialogCellEditor.openDialogBox(Lorg/eclipse/swt/widgets/Control;)Ljava/lang/Object;"
    ]
  },
  {
    "frequency": 1,
    "overriddenMethods": [
      "Lorg/eclipse/jface/viewers/CellEditor.dispose()V",
      "Lorg/eclipse/jface/viewers/DialogCellEditor.openDialogBox(Lorg/eclipse/swt/widgets/Control;)Ljava/lang/Object;"
    ]
  },
  {
    "frequency": 1,
    "overriddenMethods": [
      "Lorg/eclipse/jface/viewers/DialogCellEditor.createContents(Lorg/eclipse/swt/widgets/Composite;)Lorg/eclipse/swt/widgets/Control;",
      "Lorg/eclipse/jface/viewers/DialogCellEditor.doSetFocus()V",
      "Lorg/eclipse/jface/viewers/DialogCellEditor.openDialogBox(Lorg/eclipse/swt/widgets/Control;)Ljava/lang/Object;",
      "Lorg/eclipse/jface/viewers/DialogCellEditor.updateContents(Ljava/lang/Object;)V"
    ]
  },
  {
    "frequency": 3,
    "overriddenMethods": [
      "Lorg/eclipse/jface/viewers/DialogCellEditor.createContents(Lorg/eclipse/swt/widgets/Composite;)Lorg/eclipse/swt/widgets/Control;",
      "Lorg/eclipse/jface/viewers/DialogCellEditor.openDialogBox(Lorg/eclipse/swt/widgets/Control;)Ljava/lang/Object;",
      "Lorg/eclipse/jface/viewers/DialogCellEditor.updateContents(Ljava/lang/Object;)V"
    ]
  },
  {
    "frequency": 1,
    "overriddenMethods": [
      "Lorg/eclipse/jface/viewers/CellEditor.focusLost()V",
      "Lorg/eclipse/jface/viewers/DialogCellEditor.createButton(Lorg/eclipse/swt/widgets/Composite;)Lorg/eclipse/swt/widgets/Button;",
      "Lorg/eclipse/jface/viewers/DialogCellEditor.createContents(Lorg/eclipse/swt/widgets/Composite;)Lorg/eclipse/swt/widgets/Control;",
      "Lorg/eclipse/jface/viewers/DialogCellEditor.doGetValue()Ljava/lang/Object;",
      "Lorg/eclipse/jface/viewers/DialogCellEditor.doSetFocus()V",
      "Lorg/eclipse/jface/viewers/DialogCellEditor.doSetValue(Ljava/lang/Object;)V",
      "Lorg/eclipse/jface/viewers/DialogCellEditor.openDialogBox(Lorg/eclipse/swt/widgets/Control;)Ljava/lang/Object;",
      "Lorg/eclipse/jface/viewers/DialogCellEditor.updateContents(Ljava/lang/Object;)V"
    ]
  },
  {
    "frequency": 2,
    "overriddenMethods": [
      "Lorg/eclipse/jface/viewers/CellEditor.dispose()V",
      "Lorg/eclipse/jface/viewers/DialogCellEditor.openDialogBox(Lorg/eclipse/swt/widgets/Control;)Ljava/lang/Object;",
      "Lorg/eclipse/jface/viewers/DialogCellEditor.updateContents(Ljava/lang/Object;)V"
    ]
  }
]