[
  {
    "frequency": 4,
    "overriddenMethods": [
      "Lorg/eclipse/jface/viewers/EditingSupport.canEdit(Ljava/lang/Object;)Z",
      "Lorg/eclipse/jface/viewers/EditingSupport.getCellEditor(Ljava/lang/Object;)Lorg/eclipse/jface/viewers/CellEditor;",
      "Lorg/eclipse/jface/viewers/EditingSupport.getValue(Ljava/lang/Object;)Ljava/lang/Object;",
      "Lorg/eclipse/jface/viewers/EditingSupport.initializeCellEditorValue(Lorg/eclipse/jface/viewers/CellEditor;Lorg/eclipse/jface/viewers/ViewerCell;)V",
      "Lorg/eclipse/jface/viewers/EditingSupport.setValue(Ljava/lang/Object;Ljava/lang/Object;)V"
    ]
  },
  {
    "frequency": 117,
    "overriddenMethods": [
      "Lorg/eclipse/jface/viewers/EditingSupport.canEdit(Ljava/lang/Object;)Z",
      "Lorg/eclipse/jface/viewers/EditingSupport.getCellEditor(Ljava/lang/Object;)Lorg/eclipse/jface/viewers/CellEditor;",
      "Lorg/eclipse/jface/viewers/EditingSupport.getValue(Ljava/lang/Object;)Ljava/lang/Object;",
      "Lorg/eclipse/jface/viewers/EditingSupport.setValue(Ljava/lang/Object;Ljava/lang/Object;)V"
    ]
  },
  {
    "frequency": 2,
    "overriddenMethods": [
      "Lorg/eclipse/jface/viewers/EditingSupport.canEdit(Ljava/lang/Object;)Z",
      "Lorg/eclipse/jface/viewers/EditingSupport.getCellEditor(Ljava/lang/Object;)Lorg/eclipse/jface/viewers/CellEditor;",
      "Lorg/eclipse/jface/viewers/EditingSupport.getValue(Ljava/lang/Object;)Ljava/lang/Object;",
      "Lorg/eclipse/jface/viewers/EditingSupport.initializeCellEditorValue(Lorg/eclipse/jface/viewers/CellEditor;Lorg/eclipse/jface/viewers/ViewerCell;)V",
      "Lorg/eclipse/jface/viewers/EditingSupport.saveCellEditorValue(Lorg/eclipse/jface/viewers/CellEditor;Lorg/eclipse/jface/viewers/ViewerCell;)V",
      "Lorg/eclipse/jface/viewers/EditingSupport.setValue(Ljava/lang/Object;Ljava/lang/Object;)V"
    ]
  }
]