[
  {
    "frequency": 1,
    "overriddenMethods": []
  },
  {
    "frequency": 1,
    "overriddenMethods": [
      "Lorg/eclipse/jface/viewers/FocusCellHighlighter.focusCellChanged(Lorg/eclipse/jface/viewers/ViewerCell;Lorg/eclipse/jface/viewers/ViewerCell;)V"
    ]
  },
  {
    "frequency": 1,
    "overriddenMethods": [
      "Lorg/eclipse/jface/viewers/FocusCellHighlighter.focusCellChanged(Lorg/eclipse/jface/viewers/ViewerCell;Lorg/eclipse/jface/viewers/ViewerCell;)V",
      "Lorg/eclipse/jface/viewers/FocusCellHighlighter.init()V"
    ]
  }
]