[
  {
    "frequency": 525,
    "overriddenMethods": []
  },
  {
    "frequency": 16,
    "overriddenMethods": [
      "Lorg/eclipse/jface/viewers/BaseLabelProvider.isLabelProperty(Ljava/lang/Object;Ljava/lang/String;)Z",
      "Lorg/eclipse/jface/viewers/LabelProvider.getImage(Ljava/lang/Object;)Lorg/eclipse/swt/graphics/Image;",
      "Lorg/eclipse/jface/viewers/LabelProvider.getText(Ljava/lang/Object;)Ljava/lang/String;"
    ]
  },
  {
    "frequency": 1,
    "overriddenMethods": [
      "Lorg/eclipse/jface/viewers/BaseLabelProvider.addListener(Lorg/eclipse/jface/viewers/ILabelProviderListener;)V",
      "Lorg/eclipse/jface/viewers/BaseLabelProvider.dispose()V",
      "Lorg/eclipse/jface/viewers/BaseLabelProvider.isLabelProperty(Ljava/lang/Object;Ljava/lang/String;)Z",
      "Lorg/eclipse/jface/viewers/BaseLabelProvider.removeListener(Lorg/eclipse/jface/viewers/ILabelProviderListener;)V",
      "Lorg/eclipse/jface/viewers/LabelProvider.getImage(Ljava/lang/Object;)Lorg/eclipse/swt/graphics/Image;"
    ]
  },
  {
    "frequency": 9,
    "overriddenMethods": [
      "Lorg/eclipse/jface/viewers/BaseLabelProvider.dispose()V",
      "Lorg/eclipse/jface/viewers/LabelProvider.getImage(Ljava/lang/Object;)Lorg/eclipse/swt/graphics/Image;"
    ]
  },
  {
    "frequency": 5,
    "overriddenMethods": [
      "Lorg/eclipse/jface/viewers/BaseLabelProvider.addListener(Lorg/eclipse/jface/viewers/ILabelProviderListener;)V",
      "Lorg/eclipse/jface/viewers/BaseLabelProvider.dispose()V",
      "Lorg/eclipse/jface/viewers/BaseLabelProvider.isLabelProperty(Ljava/lang/Object;Ljava/lang/String;)Z",
      "Lorg/eclipse/jface/viewers/BaseLabelProvider.removeListener(Lorg/eclipse/jface/viewers/ILabelProviderListener;)V"
    ]
  },
  {
    "frequency": 11,
    "overriddenMethods": [
      "Lorg/eclipse/jface/viewers/BaseLabelProvider.dispose()V",
      "Lorg/eclipse/jface/viewers/LabelProvider.getText(Ljava/lang/Object;)Ljava/lang/String;"
    ]
  },
  {
    "frequency": 1,
    "overriddenMethods": [
      "Lorg/eclipse/jface/viewers/BaseLabelProvider.isLabelProperty(Ljava/lang/Object;Ljava/lang/String;)Z",
      "Lorg/eclipse/jface/viewers/LabelProvider.getImage(Ljava/lang/Object;)Lorg/eclipse/swt/graphics/Image;"
    ]
  },
  {
    "frequency": 110,
    "overriddenMethods": [
      "Lorg/eclipse/jface/viewers/LabelProvider.getImage(Ljava/lang/Object;)Lorg/eclipse/swt/graphics/Image;"
    ]
  },
  {
    "frequency": 55,
    "overriddenMethods": [
      "Lorg/eclipse/jface/viewers/BaseLabelProvider.dispose()V"
    ]
  },
  {
    "frequency": 676,
    "overriddenMethods": [
      "Lorg/eclipse/jface/viewers/LabelProvider.getText(Ljava/lang/Object;)Ljava/lang/String;"
    ]
  },
  {
    "frequency": 886,
    "overriddenMethods": [
      "Lorg/eclipse/jface/viewers/LabelProvider.getImage(Ljava/lang/Object;)Lorg/eclipse/swt/graphics/Image;",
      "Lorg/eclipse/jface/viewers/LabelProvider.getText(Ljava/lang/Object;)Ljava/lang/String;"
    ]
  },
  {
    "frequency": 1,
    "overriddenMethods": [
      "Lorg/eclipse/jface/viewers/BaseLabelProvider.addListener(Lorg/eclipse/jface/viewers/ILabelProviderListener;)V",
      "Lorg/eclipse/jface/viewers/BaseLabelProvider.dispose()V",
      "Lorg/eclipse/jface/viewers/BaseLabelProvider.removeListener(Lorg/eclipse/jface/viewers/ILabelProviderListener;)V"
    ]
  },
  {
    "frequency": 193,
    "overriddenMethods": [
      "Lorg/eclipse/jface/viewers/BaseLabelProvider.dispose()V",
      "Lorg/eclipse/jface/viewers/LabelProvider.getImage(Ljava/lang/Object;)Lorg/eclipse/swt/graphics/Image;",
      "Lorg/eclipse/jface/viewers/LabelProvider.getText(Ljava/lang/Object;)Ljava/lang/String;"
    ]
  },
  {
    "frequency": 1,
    "overriddenMethods": [
      "Lorg/eclipse/jface/viewers/BaseLabelProvider.addListener(Lorg/eclipse/jface/viewers/ILabelProviderListener;)V",
      "Lorg/eclipse/jface/viewers/BaseLabelProvider.dispose()V",
      "Lorg/eclipse/jface/viewers/LabelProvider.getImage(Ljava/lang/Object;)Lorg/eclipse/swt/graphics/Image;",
      "Lorg/eclipse/jface/viewers/LabelProvider.getText(Ljava/lang/Object;)Ljava/lang/String;"
    ]
  },
  {
    "frequency": 4,
    "overriddenMethods": [
      "Lorg/eclipse/jface/viewers/BaseLabelProvider.dispose()V",
      "Lorg/eclipse/jface/viewers/BaseLabelProvider.isLabelProperty(Ljava/lang/Object;Ljava/lang/String;)Z",
      "Lorg/eclipse/jface/viewers/LabelProvider.getImage(Ljava/lang/Object;)Lorg/eclipse/swt/graphics/Image;",
      "Lorg/eclipse/jface/viewers/LabelProvider.getText(Ljava/lang/Object;)Ljava/lang/String;"
    ]
  },
  {
    "frequency": 12,
    "overriddenMethods": [
      "Lorg/eclipse/jface/viewers/BaseLabelProvider.addListener(Lorg/eclipse/jface/viewers/ILabelProviderListener;)V",
      "Lorg/eclipse/jface/viewers/BaseLabelProvider.dispose()V",
      "Lorg/eclipse/jface/viewers/BaseLabelProvider.isLabelProperty(Ljava/lang/Object;Ljava/lang/String;)Z",
      "Lorg/eclipse/jface/viewers/BaseLabelProvider.removeListener(Lorg/eclipse/jface/viewers/ILabelProviderListener;)V",
      "Lorg/eclipse/jface/viewers/LabelProvider.getImage(Ljava/lang/Object;)Lorg/eclipse/swt/graphics/Image;",
      "Lorg/eclipse/jface/viewers/LabelProvider.getText(Ljava/lang/Object;)Ljava/lang/String;"
    ]
  },
  {
    "frequency": 1,
    "overriddenMethods": [
      "Ljava/lang/Object.toString()Ljava/lang/String;",
      "Lorg/eclipse/jface/viewers/LabelProvider.getText(Ljava/lang/Object;)Ljava/lang/String;"
    ]
  },
  {
    "frequency": 3,
    "overriddenMethods": [
      "Lorg/eclipse/jface/viewers/BaseLabelProvider.addListener(Lorg/eclipse/jface/viewers/ILabelProviderListener;)V",
      "Lorg/eclipse/jface/viewers/BaseLabelProvider.dispose()V",
      "Lorg/eclipse/jface/viewers/BaseLabelProvider.removeListener(Lorg/eclipse/jface/viewers/ILabelProviderListener;)V",
      "Lorg/eclipse/jface/viewers/LabelProvider.getImage(Ljava/lang/Object;)Lorg/eclipse/swt/graphics/Image;",
      "Lorg/eclipse/jface/viewers/LabelProvider.getText(Ljava/lang/Object;)Ljava/lang/String;"
    ]
  },
  {
    "frequency": 2,
    "overriddenMethods": [
      "Lorg/eclipse/jface/viewers/BaseLabelProvider.addListener(Lorg/eclipse/jface/viewers/ILabelProviderListener;)V"
    ]
  }
]