[
  {
    "frequency": 1,
    "overriddenMethods": [
      "Lorg/eclipse/jface/viewers/BaseLabelProvider.dispose()V",
      "Lorg/eclipse/jface/viewers/OwnerDrawLabelProvider.erase(Lorg/eclipse/swt/widgets/Event;Ljava/lang/Object;)V",
      "Lorg/eclipse/jface/viewers/OwnerDrawLabelProvider.measure(Lorg/eclipse/swt/widgets/Event;Ljava/lang/Object;)V",
      "Lorg/eclipse/jface/viewers/OwnerDrawLabelProvider.paint(Lorg/eclipse/swt/widgets/Event;Ljava/lang/Object;)V"
    ]
  },
  {
    "frequency": 4,
    "overriddenMethods": [
      "Lorg/eclipse/jface/viewers/OwnerDrawLabelProvider.measure(Lorg/eclipse/swt/widgets/Event;Ljava/lang/Object;)V",
      "Lorg/eclipse/jface/viewers/OwnerDrawLabelProvider.paint(Lorg/eclipse/swt/widgets/Event;Ljava/lang/Object;)V"
    ]
  },
  {
    "frequency": 2,
    "overriddenMethods": [
      "Lorg/eclipse/jface/viewers/OwnerDrawLabelProvider.erase(Lorg/eclipse/swt/widgets/Event;Ljava/lang/Object;)V",
      "Lorg/eclipse/jface/viewers/OwnerDrawLabelProvider.measure(Lorg/eclipse/swt/widgets/Event;Ljava/lang/Object;)V",
      "Lorg/eclipse/jface/viewers/OwnerDrawLabelProvider.paint(Lorg/eclipse/swt/widgets/Event;Ljava/lang/Object;)V",
      "Lorg/eclipse/jface/viewers/OwnerDrawLabelProvider.update(Lorg/eclipse/jface/viewers/ViewerCell;)V"
    ]
  },
  {
    "frequency": 1,
    "overriddenMethods": [
      "Lorg/eclipse/jface/viewers/CellLabelProvider.getToolTipText(Ljava/lang/Object;)Ljava/lang/String;",
      "Lorg/eclipse/jface/viewers/CellLabelProvider.useNativeToolTip(Ljava/lang/Object;)Z",
      "Lorg/eclipse/jface/viewers/OwnerDrawLabelProvider.erase(Lorg/eclipse/swt/widgets/Event;Ljava/lang/Object;)V",
      "Lorg/eclipse/jface/viewers/OwnerDrawLabelProvider.measure(Lorg/eclipse/swt/widgets/Event;Ljava/lang/Object;)V",
      "Lorg/eclipse/jface/viewers/OwnerDrawLabelProvider.paint(Lorg/eclipse/swt/widgets/Event;Ljava/lang/Object;)V",
      "Lorg/eclipse/jface/viewers/OwnerDrawLabelProvider.update(Lorg/eclipse/jface/viewers/ViewerCell;)V"
    ]
  },
  {
    "frequency": 1,
    "overriddenMethods": [
      "Lorg/eclipse/jface/viewers/OwnerDrawLabelProvider.erase(Lorg/eclipse/swt/widgets/Event;Ljava/lang/Object;)V",
      "Lorg/eclipse/jface/viewers/OwnerDrawLabelProvider.measure(Lorg/eclipse/swt/widgets/Event;Ljava/lang/Object;)V",
      "Lorg/eclipse/jface/viewers/OwnerDrawLabelProvider.paint(Lorg/eclipse/swt/widgets/Event;Ljava/lang/Object;)V"
    ]
  },
  {
    "frequency": 1,
    "overriddenMethods": [
      "Lorg/eclipse/jface/viewers/BaseLabelProvider.dispose()V",
      "Lorg/eclipse/jface/viewers/OwnerDrawLabelProvider.erase(Lorg/eclipse/swt/widgets/Event;Ljava/lang/Object;)V",
      "Lorg/eclipse/jface/viewers/OwnerDrawLabelProvider.initialize(Lorg/eclipse/jface/viewers/ColumnViewer;Lorg/eclipse/jface/viewers/ViewerColumn;)V",
      "Lorg/eclipse/jface/viewers/OwnerDrawLabelProvider.measure(Lorg/eclipse/swt/widgets/Event;Ljava/lang/Object;)V",
      "Lorg/eclipse/jface/viewers/OwnerDrawLabelProvider.paint(Lorg/eclipse/swt/widgets/Event;Ljava/lang/Object;)V"
    ]
  }
]