[
  {
    "frequency": 1,
    "overriddenMethods": []
  },
  {
    "frequency": 1,
    "overriddenMethods": [
      "Lorg/eclipse/jface/viewers/StructuredSelection.toString()Ljava/lang/String;"
    ]
  },
  {
    "frequency": 1,
    "overriddenMethods": [
      "Lorg/eclipse/jface/viewers/StructuredSelection.getFirstElement()Ljava/lang/Object;",
      "Lorg/eclipse/jface/viewers/StructuredSelection.isEmpty()Z",
      "Lorg/eclipse/jface/viewers/StructuredSelection.iterator()Ljava/util/Iterator;",
      "Lorg/eclipse/jface/viewers/StructuredSelection.size()I",
      "Lorg/eclipse/jface/viewers/StructuredSelection.toArray()[Ljava/lang/Object;",
      "Lorg/eclipse/jface/viewers/StructuredSelection.toList()Ljava/util/List;"
    ]
  },
  {
    "frequency": 1,
    "overriddenMethods": [
      "Lorg/eclipse/jface/viewers/StructuredSelection.equals(Ljava/lang/Object;)Z"
    ]
  }
]