[
  {
    "frequency": 1,
    "overriddenMethods": [
      "Lorg/eclipse/jface/viewers/ContentViewer.getLabelProvider()Lorg/eclipse/jface/viewers/IBaseLabelProvider;",
      "Lorg/eclipse/jface/viewers/StructuredViewer.doFindInputItem(Ljava/lang/Object;)Lorg/eclipse/swt/widgets/Widget;",
      "Lorg/eclipse/jface/viewers/StructuredViewer.doFindItem(Ljava/lang/Object;)Lorg/eclipse/swt/widgets/Widget;",
      "Lorg/eclipse/jface/viewers/StructuredViewer.doUpdateItem(Lorg/eclipse/swt/widgets/Widget;Ljava/lang/Object;Z)V",
      "Lorg/eclipse/jface/viewers/StructuredViewer.getSelectionFromWidget()Ljava/util/List;",
      "Lorg/eclipse/jface/viewers/StructuredViewer.hookControl(Lorg/eclipse/swt/widgets/Control;)V",
      "Lorg/eclipse/jface/viewers/StructuredViewer.internalRefresh(Ljava/lang/Object;)V",
      "Lorg/eclipse/jface/viewers/StructuredViewer.internalRefresh(Ljava/lang/Object;Z)V",
      "Lorg/eclipse/jface/viewers/StructuredViewer.reveal(Ljava/lang/Object;)V",
      "Lorg/eclipse/jface/viewers/StructuredViewer.setLabelProvider(Lorg/eclipse/jface/viewers/IBaseLabelProvider;)V",
      "Lorg/eclipse/jface/viewers/StructuredViewer.setSelectionToWidget(Ljava/util/List;Z)V",
      "Lorg/eclipse/jface/viewers/Viewer.getControl()Lorg/eclipse/swt/widgets/Control;",
      "Lorg/eclipse/jface/viewers/Viewer.inputChanged(Ljava/lang/Object;Ljava/lang/Object;)V"
    ]
  },
  {
    "frequency": 1,
    "overriddenMethods": [
      "Lorg/eclipse/jface/viewers/StructuredViewer.doFindInputItem(Ljava/lang/Object;)Lorg/eclipse/swt/widgets/Widget;",
      "Lorg/eclipse/jface/viewers/StructuredViewer.doFindItem(Ljava/lang/Object;)Lorg/eclipse/swt/widgets/Widget;",
      "Lorg/eclipse/jface/viewers/StructuredViewer.doUpdateItem(Lorg/eclipse/swt/widgets/Widget;Ljava/lang/Object;Z)V",
      "Lorg/eclipse/jface/viewers/StructuredViewer.getSelectionFromWidget()Ljava/util/List;",
      "Lorg/eclipse/jface/viewers/StructuredViewer.internalRefresh(Ljava/lang/Object;)V",
      "Lorg/eclipse/jface/viewers/StructuredViewer.reveal(Ljava/lang/Object;)V",
      "Lorg/eclipse/jface/viewers/StructuredViewer.setSelectionToWidget(Ljava/util/List;Z)V",
      "Lorg/eclipse/jface/viewers/Viewer.getControl()Lorg/eclipse/swt/widgets/Control;"
    ]
  },
  {
    "frequency": 1,
    "overriddenMethods": [
      "Lorg/eclipse/jface/viewers/ContentViewer.getLabelProvider()Lorg/eclipse/jface/viewers/IBaseLabelProvider;",
      "Lorg/eclipse/jface/viewers/StructuredViewer.doFindInputItem(Ljava/lang/Object;)Lorg/eclipse/swt/widgets/Widget;",
      "Lorg/eclipse/jface/viewers/StructuredViewer.doFindItem(Ljava/lang/Object;)Lorg/eclipse/swt/widgets/Widget;",
      "Lorg/eclipse/jface/viewers/StructuredViewer.doUpdateItem(Lorg/eclipse/swt/widgets/Widget;Ljava/lang/Object;Z)V",
      "Lorg/eclipse/jface/viewers/StructuredViewer.getSelectionFromWidget()Ljava/util/List;",
      "Lorg/eclipse/jface/viewers/StructuredViewer.internalRefresh(Ljava/lang/Object;)V",
      "Lorg/eclipse/jface/viewers/StructuredViewer.reveal(Ljava/lang/Object;)V",
      "Lorg/eclipse/jface/viewers/StructuredViewer.setSelectionToWidget(Ljava/util/List;Z)V",
      "Lorg/eclipse/jface/viewers/Viewer.getControl()Lorg/eclipse/swt/widgets/Control;"
    ]
  },
  {
    "frequency": 2,
    "overriddenMethods": [
      "Lorg/eclipse/jface/viewers/StructuredViewer.doFindInputItem(Ljava/lang/Object;)Lorg/eclipse/swt/widgets/Widget;",
      "Lorg/eclipse/jface/viewers/StructuredViewer.doFindItem(Ljava/lang/Object;)Lorg/eclipse/swt/widgets/Widget;",
      "Lorg/eclipse/jface/viewers/StructuredViewer.doUpdateItem(Lorg/eclipse/swt/widgets/Widget;Ljava/lang/Object;Z)V",
      "Lorg/eclipse/jface/viewers/StructuredViewer.getSelectionFromWidget()Ljava/util/List;",
      "Lorg/eclipse/jface/viewers/StructuredViewer.internalRefresh(Ljava/lang/Object;)V",
      "Lorg/eclipse/jface/viewers/StructuredViewer.reveal(Ljava/lang/Object;)V",
      "Lorg/eclipse/jface/viewers/StructuredViewer.setSelectionToWidget(Ljava/util/List;Z)V",
      "Lorg/eclipse/jface/viewers/Viewer.getControl()Lorg/eclipse/swt/widgets/Control;",
      "Lorg/eclipse/jface/viewers/Viewer.inputChanged(Ljava/lang/Object;Ljava/lang/Object;)V"
    ]
  },
  {
    "frequency": 1,
    "overriddenMethods": [
      "Lorg/eclipse/jface/viewers/ContentViewer.getLabelProvider()Lorg/eclipse/jface/viewers/IBaseLabelProvider;",
      "Lorg/eclipse/jface/viewers/StructuredViewer.assertContentProviderType(Lorg/eclipse/jface/viewers/IContentProvider;)V",
      "Lorg/eclipse/jface/viewers/StructuredViewer.doFindInputItem(Ljava/lang/Object;)Lorg/eclipse/swt/widgets/Widget;",
      "Lorg/eclipse/jface/viewers/StructuredViewer.doFindItem(Ljava/lang/Object;)Lorg/eclipse/swt/widgets/Widget;",
      "Lorg/eclipse/jface/viewers/StructuredViewer.doUpdateItem(Lorg/eclipse/swt/widgets/Widget;Ljava/lang/Object;Z)V",
      "Lorg/eclipse/jface/viewers/StructuredViewer.getRawChildren(Ljava/lang/Object;)[Ljava/lang/Object;",
      "Lorg/eclipse/jface/viewers/StructuredViewer.getSelectionFromWidget()Ljava/util/List;",
      "Lorg/eclipse/jface/viewers/StructuredViewer.internalRefresh(Ljava/lang/Object;)V",
      "Lorg/eclipse/jface/viewers/StructuredViewer.internalRefresh(Ljava/lang/Object;Z)V",
      "Lorg/eclipse/jface/viewers/StructuredViewer.refresh()V",
      "Lorg/eclipse/jface/viewers/StructuredViewer.reveal(Ljava/lang/Object;)V",
      "Lorg/eclipse/jface/viewers/StructuredViewer.setLabelProvider(Lorg/eclipse/jface/viewers/IBaseLabelProvider;)V",
      "Lorg/eclipse/jface/viewers/StructuredViewer.setSelectionToWidget(Ljava/util/List;Z)V",
      "Lorg/eclipse/jface/viewers/Viewer.getControl()Lorg/eclipse/swt/widgets/Control;",
      "Lorg/eclipse/jface/viewers/Viewer.inputChanged(Ljava/lang/Object;Ljava/lang/Object;)V"
    ]
  },
  {
    "frequency": 1,
    "overriddenMethods": [
      "Ljava/lang/Object.equals(Ljava/lang/Object;)Z",
      "Ljava/lang/Object.hashCode()I",
      "Ljava/lang/Object.toString()Ljava/lang/String;",
      "Lorg/eclipse/jface/viewers/ContentViewer.getContentProvider()Lorg/eclipse/jface/viewers/IContentProvider;",
      "Lorg/eclipse/jface/viewers/ContentViewer.getInput()Ljava/lang/Object;",
      "Lorg/eclipse/jface/viewers/ContentViewer.getLabelProvider()Lorg/eclipse/jface/viewers/IBaseLabelProvider;",
      "Lorg/eclipse/jface/viewers/StructuredViewer.addDoubleClickListener(Lorg/eclipse/jface/viewers/IDoubleClickListener;)V",
      "Lorg/eclipse/jface/viewers/StructuredViewer.addDragSupport(I[Lorg/eclipse/swt/dnd/Transfer;Lorg/eclipse/swt/dnd/DragSourceListener;)V",
      "Lorg/eclipse/jface/viewers/StructuredViewer.addDropSupport(I[Lorg/eclipse/swt/dnd/Transfer;Lorg/eclipse/swt/dnd/DropTargetListener;)V",
      "Lorg/eclipse/jface/viewers/StructuredViewer.addFilter(Lorg/eclipse/jface/viewers/ViewerFilter;)V",
      "Lorg/eclipse/jface/viewers/StructuredViewer.addOpenListener(Lorg/eclipse/jface/viewers/IOpenListener;)V",
      "Lorg/eclipse/jface/viewers/StructuredViewer.addPostSelectionChangedListener(Lorg/eclipse/jface/viewers/ISelectionChangedListener;)V",
      "Lorg/eclipse/jface/viewers/StructuredViewer.doFindInputItem(Ljava/lang/Object;)Lorg/eclipse/swt/widgets/Widget;",
      "Lorg/eclipse/jface/viewers/StructuredViewer.doFindItem(Ljava/lang/Object;)Lorg/eclipse/swt/widgets/Widget;",
      "Lorg/eclipse/jface/viewers/StructuredViewer.doUpdateItem(Lorg/eclipse/swt/widgets/Widget;Ljava/lang/Object;Z)V",
      "Lorg/eclipse/jface/viewers/StructuredViewer.getComparator()Lorg/eclipse/jface/viewers/ViewerComparator;",
      "Lorg/eclipse/jface/viewers/StructuredViewer.getComparer()Lorg/eclipse/jface/viewers/IElementComparer;",
      "Lorg/eclipse/jface/viewers/StructuredViewer.getFilters()[Lorg/eclipse/jface/viewers/ViewerFilter;",
      "Lorg/eclipse/jface/viewers/StructuredViewer.getSelection()Lorg/eclipse/jface/viewers/ISelection;",
      "Lorg/eclipse/jface/viewers/StructuredViewer.getSelectionFromWidget()Ljava/util/List;",
      "Lorg/eclipse/jface/viewers/StructuredViewer.getSorter()Lorg/eclipse/jface/viewers/ViewerSorter;",
      "Lorg/eclipse/jface/viewers/StructuredViewer.internalRefresh(Ljava/lang/Object;)V",
      "Lorg/eclipse/jface/viewers/StructuredViewer.refresh()V",
      "Lorg/eclipse/jface/viewers/StructuredViewer.refresh(Ljava/lang/Object;)V",
      "Lorg/eclipse/jface/viewers/StructuredViewer.refresh(Ljava/lang/Object;Z)V",
      "Lorg/eclipse/jface/viewers/StructuredViewer.refresh(Z)V",
      "Lorg/eclipse/jface/viewers/StructuredViewer.removeDoubleClickListener(Lorg/eclipse/jface/viewers/IDoubleClickListener;)V",
      "Lorg/eclipse/jface/viewers/StructuredViewer.removeFilter(Lorg/eclipse/jface/viewers/ViewerFilter;)V",
      "Lorg/eclipse/jface/viewers/StructuredViewer.removeOpenListener(Lorg/eclipse/jface/viewers/IOpenListener;)V",
      "Lorg/eclipse/jface/viewers/StructuredViewer.removePostSelectionChangedListener(Lorg/eclipse/jface/viewers/ISelectionChangedListener;)V",
      "Lorg/eclipse/jface/viewers/StructuredViewer.resetFilters()V",
      "Lorg/eclipse/jface/viewers/StructuredViewer.reveal(Ljava/lang/Object;)V",
      "Lorg/eclipse/jface/viewers/StructuredViewer.setComparator(Lorg/eclipse/jface/viewers/ViewerComparator;)V",
      "Lorg/eclipse/jface/viewers/StructuredViewer.setComparer(Lorg/eclipse/jface/viewers/IElementComparer;)V",
      "Lorg/eclipse/jface/viewers/StructuredViewer.setContentProvider(Lorg/eclipse/jface/viewers/IContentProvider;)V",
      "Lorg/eclipse/jface/viewers/StructuredViewer.setFilters([Lorg/eclipse/jface/viewers/ViewerFilter;)V",
      "Lorg/eclipse/jface/viewers/StructuredViewer.setLabelProvider(Lorg/eclipse/jface/viewers/IBaseLabelProvider;)V",
      "Lorg/eclipse/jface/viewers/StructuredViewer.setSelection(Lorg/eclipse/jface/viewers/ISelection;Z)V",
      "Lorg/eclipse/jface/viewers/StructuredViewer.setSelectionToWidget(Ljava/util/List;Z)V",
      "Lorg/eclipse/jface/viewers/StructuredViewer.setSorter(Lorg/eclipse/jface/viewers/ViewerSorter;)V",
      "Lorg/eclipse/jface/viewers/StructuredViewer.setUseHashlookup(Z)V",
      "Lorg/eclipse/jface/viewers/StructuredViewer.testFindItem(Ljava/lang/Object;)Lorg/eclipse/swt/widgets/Widget;",
      "Lorg/eclipse/jface/viewers/StructuredViewer.testFindItems(Ljava/lang/Object;)[Lorg/eclipse/swt/widgets/Widget;",
      "Lorg/eclipse/jface/viewers/StructuredViewer.update(Ljava/lang/Object;[Ljava/lang/String;)V",
      "Lorg/eclipse/jface/viewers/StructuredViewer.update([Ljava/lang/Object;[Ljava/lang/String;)V",
      "Lorg/eclipse/jface/viewers/Viewer.addHelpListener(Lorg/eclipse/swt/events/HelpListener;)V",
      "Lorg/eclipse/jface/viewers/Viewer.addSelectionChangedListener(Lorg/eclipse/jface/viewers/ISelectionChangedListener;)V",
      "Lorg/eclipse/jface/viewers/Viewer.getControl()Lorg/eclipse/swt/widgets/Control;",
      "Lorg/eclipse/jface/viewers/Viewer.getData(Ljava/lang/String;)Ljava/lang/Object;",
      "Lorg/eclipse/jface/viewers/Viewer.removeHelpListener(Lorg/eclipse/swt/events/HelpListener;)V",
      "Lorg/eclipse/jface/viewers/Viewer.removeSelectionChangedListener(Lorg/eclipse/jface/viewers/ISelectionChangedListener;)V",
      "Lorg/eclipse/jface/viewers/Viewer.scrollDown(II)Lorg/eclipse/swt/widgets/Item;",
      "Lorg/eclipse/jface/viewers/Viewer.scrollUp(II)Lorg/eclipse/swt/widgets/Item;",
      "Lorg/eclipse/jface/viewers/Viewer.setData(Ljava/lang/String;Ljava/lang/Object;)V",
      "Lorg/eclipse/jface/viewers/Viewer.setSelection(Lorg/eclipse/jface/viewers/ISelection;)V"
    ]
  },
  {
    "frequency": 2,
    "overriddenMethods": [
      "Ljava/lang/Object.equals(Ljava/lang/Object;)Z",
      "Ljava/lang/Object.hashCode()I",
      "Ljava/lang/Object.toString()Ljava/lang/String;",
      "Lorg/eclipse/jface/viewers/ContentViewer.getContentProvider()Lorg/eclipse/jface/viewers/IContentProvider;",
      "Lorg/eclipse/jface/viewers/ContentViewer.getInput()Ljava/lang/Object;",
      "Lorg/eclipse/jface/viewers/ContentViewer.getLabelProvider()Lorg/eclipse/jface/viewers/IBaseLabelProvider;",
      "Lorg/eclipse/jface/viewers/StructuredViewer.addDoubleClickListener(Lorg/eclipse/jface/viewers/IDoubleClickListener;)V",
      "Lorg/eclipse/jface/viewers/StructuredViewer.addFilter(Lorg/eclipse/jface/viewers/ViewerFilter;)V",
      "Lorg/eclipse/jface/viewers/StructuredViewer.addOpenListener(Lorg/eclipse/jface/viewers/IOpenListener;)V",
      "Lorg/eclipse/jface/viewers/StructuredViewer.addPostSelectionChangedListener(Lorg/eclipse/jface/viewers/ISelectionChangedListener;)V",
      "Lorg/eclipse/jface/viewers/StructuredViewer.doFindInputItem(Ljava/lang/Object;)Lorg/eclipse/swt/widgets/Widget;",
      "Lorg/eclipse/jface/viewers/StructuredViewer.doFindItem(Ljava/lang/Object;)Lorg/eclipse/swt/widgets/Widget;",
      "Lorg/eclipse/jface/viewers/StructuredViewer.doUpdateItem(Lorg/eclipse/swt/widgets/Widget;Ljava/lang/Object;Z)V",
      "Lorg/eclipse/jface/viewers/StructuredViewer.getSelection()Lorg/eclipse/jface/viewers/ISelection;",
      "Lorg/eclipse/jface/viewers/StructuredViewer.getSelectionFromWidget()Ljava/util/List;",
      "Lorg/eclipse/jface/viewers/StructuredViewer.internalRefresh(Ljava/lang/Object;)V",
      "Lorg/eclipse/jface/viewers/StructuredViewer.refresh()V",
      "Lorg/eclipse/jface/viewers/StructuredViewer.refresh(Ljava/lang/Object;)V",
      "Lorg/eclipse/jface/viewers/StructuredViewer.refresh(Ljava/lang/Object;Z)V",
      "Lorg/eclipse/jface/viewers/StructuredViewer.refresh(Z)V",
      "Lorg/eclipse/jface/viewers/StructuredViewer.removeDoubleClickListener(Lorg/eclipse/jface/viewers/IDoubleClickListener;)V",
      "Lorg/eclipse/jface/viewers/StructuredViewer.removeFilter(Lorg/eclipse/jface/viewers/ViewerFilter;)V",
      "Lorg/eclipse/jface/viewers/StructuredViewer.removeOpenListener(Lorg/eclipse/jface/viewers/IOpenListener;)V",
      "Lorg/eclipse/jface/viewers/StructuredViewer.removePostSelectionChangedListener(Lorg/eclipse/jface/viewers/ISelectionChangedListener;)V",
      "Lorg/eclipse/jface/viewers/StructuredViewer.resetFilters()V",
      "Lorg/eclipse/jface/viewers/StructuredViewer.reveal(Ljava/lang/Object;)V",
      "Lorg/eclipse/jface/viewers/StructuredViewer.setComparator(Lorg/eclipse/jface/viewers/ViewerComparator;)V",
      "Lorg/eclipse/jface/viewers/StructuredViewer.setContentProvider(Lorg/eclipse/jface/viewers/IContentProvider;)V",
      "Lorg/eclipse/jface/viewers/StructuredViewer.setFilters([Lorg/eclipse/jface/viewers/ViewerFilter;)V",
      "Lorg/eclipse/jface/viewers/StructuredViewer.setLabelProvider(Lorg/eclipse/jface/viewers/IBaseLabelProvider;)V",
      "Lorg/eclipse/jface/viewers/StructuredViewer.setSelection(Lorg/eclipse/jface/viewers/ISelection;Z)V",
      "Lorg/eclipse/jface/viewers/StructuredViewer.setSelectionToWidget(Ljava/util/List;Z)V",
      "Lorg/eclipse/jface/viewers/StructuredViewer.setSorter(Lorg/eclipse/jface/viewers/ViewerSorter;)V",
      "Lorg/eclipse/jface/viewers/StructuredViewer.setUseHashlookup(Z)V",
      "Lorg/eclipse/jface/viewers/StructuredViewer.testFindItem(Ljava/lang/Object;)Lorg/eclipse/swt/widgets/Widget;",
      "Lorg/eclipse/jface/viewers/StructuredViewer.update(Ljava/lang/Object;[Ljava/lang/String;)V",
      "Lorg/eclipse/jface/viewers/StructuredViewer.update([Ljava/lang/Object;[Ljava/lang/String;)V",
      "Lorg/eclipse/jface/viewers/Viewer.addHelpListener(Lorg/eclipse/swt/events/HelpListener;)V",
      "Lorg/eclipse/jface/viewers/Viewer.addSelectionChangedListener(Lorg/eclipse/jface/viewers/ISelectionChangedListener;)V",
      "Lorg/eclipse/jface/viewers/Viewer.getControl()Lorg/eclipse/swt/widgets/Control;",
      "Lorg/eclipse/jface/viewers/Viewer.getData(Ljava/lang/String;)Ljava/lang/Object;",
      "Lorg/eclipse/jface/viewers/Viewer.removeHelpListener(Lorg/eclipse/swt/events/HelpListener;)V",
      "Lorg/eclipse/jface/viewers/Viewer.removeSelectionChangedListener(Lorg/eclipse/jface/viewers/ISelectionChangedListener;)V",
      "Lorg/eclipse/jface/viewers/Viewer.scrollDown(II)Lorg/eclipse/swt/widgets/Item;",
      "Lorg/eclipse/jface/viewers/Viewer.scrollUp(II)Lorg/eclipse/swt/widgets/Item;",
      "Lorg/eclipse/jface/viewers/Viewer.setData(Ljava/lang/String;Ljava/lang/Object;)V",
      "Lorg/eclipse/jface/viewers/Viewer.setSelection(Lorg/eclipse/jface/viewers/ISelection;)V"
    ]
  },
  {
    "frequency": 1,
    "overriddenMethods": [
      "Lorg/eclipse/jface/viewers/StructuredViewer.doFindInputItem(Ljava/lang/Object;)Lorg/eclipse/swt/widgets/Widget;",
      "Lorg/eclipse/jface/viewers/StructuredViewer.doFindItem(Ljava/lang/Object;)Lorg/eclipse/swt/widgets/Widget;",
      "Lorg/eclipse/jface/viewers/StructuredViewer.doUpdateItem(Lorg/eclipse/swt/widgets/Widget;Ljava/lang/Object;Z)V",
      "Lorg/eclipse/jface/viewers/StructuredViewer.getSelection()Lorg/eclipse/jface/viewers/ISelection;",
      "Lorg/eclipse/jface/viewers/StructuredViewer.getSelectionFromWidget()Ljava/util/List;",
      "Lorg/eclipse/jface/viewers/StructuredViewer.internalRefresh(Ljava/lang/Object;)V",
      "Lorg/eclipse/jface/viewers/StructuredViewer.reveal(Ljava/lang/Object;)V",
      "Lorg/eclipse/jface/viewers/StructuredViewer.setSelection(Lorg/eclipse/jface/viewers/ISelection;Z)V",
      "Lorg/eclipse/jface/viewers/StructuredViewer.setSelectionToWidget(Ljava/util/List;Z)V",
      "Lorg/eclipse/jface/viewers/Viewer.getControl()Lorg/eclipse/swt/widgets/Control;",
      "Lorg/eclipse/jface/viewers/Viewer.inputChanged(Ljava/lang/Object;Ljava/lang/Object;)V"
    ]
  },
  {
    "frequency": 1,
    "overriddenMethods": [
      "Lorg/eclipse/jface/viewers/StructuredViewer.addFilter(Lorg/eclipse/jface/viewers/ViewerFilter;)V",
      "Lorg/eclipse/jface/viewers/StructuredViewer.doFindInputItem(Ljava/lang/Object;)Lorg/eclipse/swt/widgets/Widget;",
      "Lorg/eclipse/jface/viewers/StructuredViewer.doFindItem(Ljava/lang/Object;)Lorg/eclipse/swt/widgets/Widget;",
      "Lorg/eclipse/jface/viewers/StructuredViewer.doUpdateItem(Lorg/eclipse/swt/widgets/Widget;Ljava/lang/Object;Z)V",
      "Lorg/eclipse/jface/viewers/StructuredViewer.getFilters()[Lorg/eclipse/jface/viewers/ViewerFilter;",
      "Lorg/eclipse/jface/viewers/StructuredViewer.getRoot()Ljava/lang/Object;",
      "Lorg/eclipse/jface/viewers/StructuredViewer.getSelection()Lorg/eclipse/jface/viewers/ISelection;",
      "Lorg/eclipse/jface/viewers/StructuredViewer.getSelectionFromWidget()Ljava/util/List;",
      "Lorg/eclipse/jface/viewers/StructuredViewer.internalRefresh(Ljava/lang/Object;)V",
      "Lorg/eclipse/jface/viewers/StructuredViewer.removeFilter(Lorg/eclipse/jface/viewers/ViewerFilter;)V",
      "Lorg/eclipse/jface/viewers/StructuredViewer.resetFilters()V",
      "Lorg/eclipse/jface/viewers/StructuredViewer.reveal(Ljava/lang/Object;)V",
      "Lorg/eclipse/jface/viewers/StructuredViewer.setFilters([Lorg/eclipse/jface/viewers/ViewerFilter;)V",
      "Lorg/eclipse/jface/viewers/StructuredViewer.setSelection(Lorg/eclipse/jface/viewers/ISelection;Z)V",
      "Lorg/eclipse/jface/viewers/StructuredViewer.setSelectionToWidget(Ljava/util/List;Z)V",
      "Lorg/eclipse/jface/viewers/Viewer.getControl()Lorg/eclipse/swt/widgets/Control;",
      "Lorg/eclipse/jface/viewers/Viewer.inputChanged(Ljava/lang/Object;Ljava/lang/Object;)V"
    ]
  },
  {
    "frequency": 1,
    "overriddenMethods": [
      "Lorg/eclipse/jface/viewers/StructuredViewer.assertContentProviderType(Lorg/eclipse/jface/viewers/IContentProvider;)V",
      "Lorg/eclipse/jface/viewers/StructuredViewer.doFindInputItem(Ljava/lang/Object;)Lorg/eclipse/swt/widgets/Widget;",
      "Lorg/eclipse/jface/viewers/StructuredViewer.doFindItem(Ljava/lang/Object;)Lorg/eclipse/swt/widgets/Widget;",
      "Lorg/eclipse/jface/viewers/StructuredViewer.doUpdateItem(Lorg/eclipse/swt/widgets/Widget;Ljava/lang/Object;Z)V",
      "Lorg/eclipse/jface/viewers/StructuredViewer.filter([Ljava/lang/Object;)[Ljava/lang/Object;",
      "Lorg/eclipse/jface/viewers/StructuredViewer.getSelectionFromWidget()Ljava/util/List;",
      "Lorg/eclipse/jface/viewers/StructuredViewer.handleDispose(Lorg/eclipse/swt/events/DisposeEvent;)V",
      "Lorg/eclipse/jface/viewers/StructuredViewer.internalRefresh(Ljava/lang/Object;)V",
      "Lorg/eclipse/jface/viewers/StructuredViewer.reveal(Ljava/lang/Object;)V",
      "Lorg/eclipse/jface/viewers/StructuredViewer.setContentProvider(Lorg/eclipse/jface/viewers/IContentProvider;)V",
      "Lorg/eclipse/jface/viewers/StructuredViewer.setSelectionToWidget(Ljava/util/List;Z)V",
      "Lorg/eclipse/jface/viewers/Viewer.getControl()Lorg/eclipse/swt/widgets/Control;",
      "Lorg/eclipse/jface/viewers/Viewer.inputChanged(Ljava/lang/Object;Ljava/lang/Object;)V"
    ]
  },
  {
    "frequency": 2,
    "overriddenMethods": [
      "Lorg/eclipse/jface/viewers/ContentViewer.getLabelProvider()Lorg/eclipse/jface/viewers/IBaseLabelProvider;",
      "Lorg/eclipse/jface/viewers/StructuredViewer.doFindInputItem(Ljava/lang/Object;)Lorg/eclipse/swt/widgets/Widget;",
      "Lorg/eclipse/jface/viewers/StructuredViewer.doFindItem(Ljava/lang/Object;)Lorg/eclipse/swt/widgets/Widget;",
      "Lorg/eclipse/jface/viewers/StructuredViewer.doUpdateItem(Lorg/eclipse/swt/widgets/Widget;Ljava/lang/Object;Z)V",
      "Lorg/eclipse/jface/viewers/StructuredViewer.getSelectionFromWidget()Ljava/util/List;",
      "Lorg/eclipse/jface/viewers/StructuredViewer.internalRefresh(Ljava/lang/Object;)V",
      "Lorg/eclipse/jface/viewers/StructuredViewer.reveal(Ljava/lang/Object;)V",
      "Lorg/eclipse/jface/viewers/StructuredViewer.setLabelProvider(Lorg/eclipse/jface/viewers/IBaseLabelProvider;)V",
      "Lorg/eclipse/jface/viewers/StructuredViewer.setSelectionToWidget(Ljava/util/List;Z)V",
      "Lorg/eclipse/jface/viewers/Viewer.getControl()Lorg/eclipse/swt/widgets/Control;",
      "Lorg/eclipse/jface/viewers/Viewer.inputChanged(Ljava/lang/Object;Ljava/lang/Object;)V"
    ]
  }
]