[
  {
    "frequency": 1,
    "overriddenMethods": []
  },
  {
    "frequency": 1,
    "overriddenMethods": [
      "Lorg/eclipse/jface/viewers/CellLabelProvider.getToolTipText(Ljava/lang/Object;)Ljava/lang/String;",
      "Lorg/eclipse/jface/viewers/StyledCellLabelProvider.paint(Lorg/eclipse/swt/widgets/Event;Ljava/lang/Object;)V",
      "Lorg/eclipse/jface/viewers/StyledCellLabelProvider.update(Lorg/eclipse/jface/viewers/ViewerCell;)V"
    ]
  },
  {
    "frequency": 2,
    "overriddenMethods": [
      "Lorg/eclipse/jface/viewers/StyledCellLabelProvider.paint(Lorg/eclipse/swt/widgets/Event;Ljava/lang/Object;)V",
      "Lorg/eclipse/jface/viewers/StyledCellLabelProvider.update(Lorg/eclipse/jface/viewers/ViewerCell;)V"
    ]
  },
  {
    "frequency": 1,
    "overriddenMethods": [
      "Lorg/eclipse/jface/viewers/BaseLabelProvider.isLabelProperty(Ljava/lang/Object;Ljava/lang/String;)Z",
      "Lorg/eclipse/jface/viewers/StyledCellLabelProvider.update(Lorg/eclipse/jface/viewers/ViewerCell;)V"
    ]
  },
  {
    "frequency": 1,
    "overriddenMethods": [
      "Lorg/eclipse/jface/viewers/BaseLabelProvider.addListener(Lorg/eclipse/jface/viewers/ILabelProviderListener;)V",
      "Lorg/eclipse/jface/viewers/BaseLabelProvider.isLabelProperty(Ljava/lang/Object;Ljava/lang/String;)Z",
      "Lorg/eclipse/jface/viewers/BaseLabelProvider.removeListener(Lorg/eclipse/jface/viewers/ILabelProviderListener;)V",
      "Lorg/eclipse/jface/viewers/StyledCellLabelProvider.dispose()V",
      "Lorg/eclipse/jface/viewers/StyledCellLabelProvider.update(Lorg/eclipse/jface/viewers/ViewerCell;)V"
    ]
  },
  {
    "frequency": 1,
    "overriddenMethods": [
      "Lorg/eclipse/jface/viewers/BaseLabelProvider.addListener(Lorg/eclipse/jface/viewers/ILabelProviderListener;)V",
      "Lorg/eclipse/jface/viewers/BaseLabelProvider.isLabelProperty(Ljava/lang/Object;Ljava/lang/String;)Z",
      "Lorg/eclipse/jface/viewers/BaseLabelProvider.removeListener(Lorg/eclipse/jface/viewers/ILabelProviderListener;)V",
      "Lorg/eclipse/jface/viewers/CellLabelProvider.getToolTipText(Ljava/lang/Object;)Ljava/lang/String;",
      "Lorg/eclipse/jface/viewers/StyledCellLabelProvider.dispose()V",
      "Lorg/eclipse/jface/viewers/StyledCellLabelProvider.update(Lorg/eclipse/jface/viewers/ViewerCell;)V"
    ]
  },
  {
    "frequency": 26,
    "overriddenMethods": [
      "Lorg/eclipse/jface/viewers/StyledCellLabelProvider.update(Lorg/eclipse/jface/viewers/ViewerCell;)V"
    ]
  },
  {
    "frequency": 4,
    "overriddenMethods": [
      "Lorg/eclipse/jface/viewers/StyledCellLabelProvider.measure(Lorg/eclipse/swt/widgets/Event;Ljava/lang/Object;)V",
      "Lorg/eclipse/jface/viewers/StyledCellLabelProvider.update(Lorg/eclipse/jface/viewers/ViewerCell;)V"
    ]
  },
  {
    "frequency": 2,
    "overriddenMethods": [
      "Lorg/eclipse/jface/viewers/CellLabelProvider.getToolTipText(Ljava/lang/Object;)Ljava/lang/String;",
      "Lorg/eclipse/jface/viewers/StyledCellLabelProvider.update(Lorg/eclipse/jface/viewers/ViewerCell;)V"
    ]
  },
  {
    "frequency": 1,
    "overriddenMethods": [
      "Lorg/eclipse/jface/viewers/StyledCellLabelProvider.dispose()V"
    ]
  },
  {
    "frequency": 24,
    "overriddenMethods": [
      "Lorg/eclipse/jface/viewers/StyledCellLabelProvider.dispose()V",
      "Lorg/eclipse/jface/viewers/StyledCellLabelProvider.update(Lorg/eclipse/jface/viewers/ViewerCell;)V"
    ]
  },
  {
    "frequency": 2,
    "overriddenMethods": [
      "Lorg/eclipse/jface/viewers/BaseLabelProvider.isLabelProperty(Ljava/lang/Object;Ljava/lang/String;)Z",
      "Lorg/eclipse/jface/viewers/StyledCellLabelProvider.dispose()V",
      "Lorg/eclipse/jface/viewers/StyledCellLabelProvider.initialize(Lorg/eclipse/jface/viewers/ColumnViewer;Lorg/eclipse/jface/viewers/ViewerColumn;)V",
      "Lorg/eclipse/jface/viewers/StyledCellLabelProvider.update(Lorg/eclipse/jface/viewers/ViewerCell;)V"
    ]
  },
  {
    "frequency": 1,
    "overriddenMethods": [
      "Lorg/eclipse/jface/viewers/CellLabelProvider.getToolTipText(Ljava/lang/Object;)Ljava/lang/String;",
      "Lorg/eclipse/jface/viewers/StyledCellLabelProvider.dispose()V",
      "Lorg/eclipse/jface/viewers/StyledCellLabelProvider.update(Lorg/eclipse/jface/viewers/ViewerCell;)V"
    ]
  }
]