[
  {
    "frequency": 29,
    "overriddenMethods": []
  },
  {
    "frequency": 1,
    "overriddenMethods": [
      "Lorg/eclipse/jface/viewers/ContentViewer.getInput()Ljava/lang/Object;",
      "Lorg/eclipse/jface/viewers/StructuredViewer.getSelection()Lorg/eclipse/jface/viewers/ISelection;"
    ]
  },
  {
    "frequency": 3,
    "overriddenMethods": [
      "Lorg/eclipse/jface/viewers/AbstractTableViewer.hookControl(Lorg/eclipse/swt/widgets/Control;)V"
    ]
  },
  {
    "frequency": 1,
    "overriddenMethods": [
      "Lorg/eclipse/jface/viewers/StructuredViewer.refresh()V"
    ]
  },
  {
    "frequency": 1,
    "overriddenMethods": [
      "Lorg/eclipse/jface/viewers/AbstractTableViewer.doUpdateItem(Lorg/eclipse/swt/widgets/Widget;Ljava/lang/Object;Z)V",
      "Lorg/eclipse/jface/viewers/AbstractTableViewer.handleDispose(Lorg/eclipse/swt/events/DisposeEvent;)V",
      "Lorg/eclipse/jface/viewers/AbstractTableViewer.inputChanged(Ljava/lang/Object;Ljava/lang/Object;)V",
      "Lorg/eclipse/jface/viewers/AbstractTableViewer.internalRefresh(Ljava/lang/Object;Z)V",
      "Lorg/eclipse/jface/viewers/StructuredViewer.handleLabelProviderChanged(Lorg/eclipse/jface/viewers/LabelProviderChangedEvent;)V",
      "Lorg/eclipse/jface/viewers/StructuredViewer.mapElement(Ljava/lang/Object;Lorg/eclipse/swt/widgets/Widget;)V",
      "Lorg/eclipse/jface/viewers/StructuredViewer.unmapAllElements()V",
      "Lorg/eclipse/jface/viewers/StructuredViewer.unmapElement(Ljava/lang/Object;Lorg/eclipse/swt/widgets/Widget;)V"
    ]
  },
  {
    "frequency": 1,
    "overriddenMethods": [
      "Lorg/eclipse/jface/viewers/StructuredViewer.mapElement(Ljava/lang/Object;Lorg/eclipse/swt/widgets/Widget;)V",
      "Lorg/eclipse/jface/viewers/TableViewer.doFindItem(Ljava/lang/Object;)Lorg/eclipse/swt/widgets/Widget;"
    ]
  },
  {
    "frequency": 2,
    "overriddenMethods": [
      "Lorg/eclipse/jface/viewers/ColumnViewer.applyEditorValue()V"
    ]
  },
  {
    "frequency": 1,
    "overriddenMethods": [
      "Lorg/eclipse/jface/viewers/ColumnViewer.applyEditorValue()V",
      "Lorg/eclipse/jface/viewers/ColumnViewer.triggerEditorActivationEvent(Lorg/eclipse/jface/viewers/ColumnViewerEditorActivationEvent;)V",
      "Lorg/eclipse/jface/viewers/TableViewer.internalCreateNewRowPart(II)Lorg/eclipse/jface/viewers/ViewerRow;"
    ]
  },
  {
    "frequency": 4,
    "overriddenMethods": [
      "Lorg/eclipse/jface/viewers/ColumnViewer.refresh(Ljava/lang/Object;Z)V",
      "Lorg/eclipse/jface/viewers/StructuredViewer.refresh()V"
    ]
  },
  {
    "frequency": 2,
    "overriddenMethods": [
      "Lorg/eclipse/jface/viewers/ColumnViewer.setCellEditors([Lorg/eclipse/jface/viewers/CellEditor;)V",
      "Lorg/eclipse/jface/viewers/StructuredViewer.refresh()V"
    ]
  },
  {
    "frequency": 2,
    "overriddenMethods": [
      "Lorg/eclipse/jface/viewers/AbstractTableViewer.doUpdateItem(Lorg/eclipse/swt/widgets/Widget;Ljava/lang/Object;Z)V",
      "Lorg/eclipse/jface/viewers/StructuredViewer.handleSelect(Lorg/eclipse/swt/events/SelectionEvent;)V"
    ]
  },
  {
    "frequency": 3,
    "overriddenMethods": [
      "Lorg/eclipse/jface/viewers/AbstractTableViewer.internalRefresh(Ljava/lang/Object;)V"
    ]
  },
  {
    "frequency": 1,
    "overriddenMethods": [
      "Lorg/eclipse/jface/viewers/AbstractTableViewer.hookControl(Lorg/eclipse/swt/widgets/Control;)V",
      "Lorg/eclipse/jface/viewers/ColumnViewer.setCellEditors([Lorg/eclipse/jface/viewers/CellEditor;)V"
    ]
  },
  {
    "frequency": 2,
    "overriddenMethods": [
      "Lorg/eclipse/jface/viewers/AbstractTableViewer.internalRefresh(Ljava/lang/Object;Z)V"
    ]
  },
  {
    "frequency": 1,
    "overriddenMethods": [
      "Lorg/eclipse/jface/viewers/ColumnViewer.setLabelProvider(Lorg/eclipse/jface/viewers/IBaseLabelProvider;)V",
      "Lorg/eclipse/jface/viewers/StructuredViewer.getSortedChildren(Ljava/lang/Object;)[Ljava/lang/Object;"
    ]
  },
  {
    "frequency": 5,
    "overriddenMethods": [
      "Lorg/eclipse/jface/viewers/StructuredViewer.handleLabelProviderChanged(Lorg/eclipse/jface/viewers/LabelProviderChangedEvent;)V",
      "Lorg/eclipse/jface/viewers/StructuredViewer.mapElement(Ljava/lang/Object;Lorg/eclipse/swt/widgets/Widget;)V",
      "Lorg/eclipse/jface/viewers/StructuredViewer.unmapAllElements()V",
      "Lorg/eclipse/jface/viewers/StructuredViewer.unmapElement(Ljava/lang/Object;Lorg/eclipse/swt/widgets/Widget;)V"
    ]
  },
  {
    "frequency": 1,
    "overriddenMethods": [
      "Lorg/eclipse/jface/viewers/ColumnViewer.applyEditorValue()V",
      "Lorg/eclipse/jface/viewers/ColumnViewer.triggerEditorActivationEvent(Lorg/eclipse/jface/viewers/ColumnViewerEditorActivationEvent;)V"
    ]
  },
  {
    "frequency": 7,
    "overriddenMethods": [
      "Lorg/eclipse/jface/viewers/ContentViewer.getInput()Ljava/lang/Object;"
    ]
  },
  {
    "frequency": 2,
    "overriddenMethods": [
      "Lorg/eclipse/jface/viewers/AbstractTableViewer.doUpdateItem(Lorg/eclipse/swt/widgets/Widget;Ljava/lang/Object;Z)V"
    ]
  },
  {
    "frequency": 3,
    "overriddenMethods": [
      "Lorg/eclipse/jface/viewers/ColumnViewer.refresh(Ljava/lang/Object;Z)V"
    ]
  },
  {
    "frequency": 1,
    "overriddenMethods": [
      "Lorg/eclipse/jface/viewers/AbstractTableViewer.add(Ljava/lang/Object;)V",
      "Lorg/eclipse/jface/viewers/AbstractTableViewer.add([Ljava/lang/Object;)V",
      "Lorg/eclipse/jface/viewers/StructuredViewer.refresh()V"
    ]
  },
  {
    "frequency": 1,
    "overriddenMethods": [
      "Lorg/eclipse/jface/viewers/AbstractTableViewer.inputChanged(Ljava/lang/Object;Ljava/lang/Object;)V",
      "Lorg/eclipse/jface/viewers/ContentViewer.getInput()Ljava/lang/Object;",
      "Lorg/eclipse/jface/viewers/StructuredViewer.getSelection()Lorg/eclipse/jface/viewers/ISelection;"
    ]
  },
  {
    "frequency": 1,
    "overriddenMethods": [
      "Lorg/eclipse/jface/viewers/ColumnViewer.refresh(Ljava/lang/Object;Z)V",
      "Lorg/eclipse/jface/viewers/StructuredViewer.associate(Ljava/lang/Object;Lorg/eclipse/swt/widgets/Item;)V"
    ]
  },
  {
    "frequency": 1,
    "overriddenMethods": [
      "Lorg/eclipse/jface/viewers/AbstractTableViewer.getSelectionFromWidget()Ljava/util/List;",
      "Lorg/eclipse/jface/viewers/TableViewer.doFindItem(Ljava/lang/Object;)Lorg/eclipse/swt/widgets/Widget;",
      "Lorg/eclipse/jface/viewers/TableViewer.getViewerRowFromItem(Lorg/eclipse/swt/widgets/Widget;)Lorg/eclipse/jface/viewers/ViewerRow;"
    ]
  },
  {
    "frequency": 3,
    "overriddenMethods": [
      "Lorg/eclipse/jface/viewers/AbstractTableViewer.inputChanged(Ljava/lang/Object;Ljava/lang/Object;)V"
    ]
  },
  {
    "frequency": 1,
    "overriddenMethods": [
      "Lorg/eclipse/jface/viewers/ColumnViewer.update(Ljava/lang/Object;[Ljava/lang/String;)V"
    ]
  }
]