[
  {
    "frequency": 1,
    "overriddenMethods": [
      "Lorg/eclipse/jface/viewers/TableLayout.layout(Lorg/eclipse/swt/widgets/Composite;Z)V"
    ]
  },
  {
    "frequency": 10,
    "overriddenMethods": [
      "Lorg/eclipse/jface/viewers/TableLayout.addColumnData(Lorg/eclipse/jface/viewers/ColumnLayoutData;)V"
    ]
  },
  {
    "frequency": 1,
    "overriddenMethods": [
      "Lorg/eclipse/jface/viewers/TableLayout.addColumnData(Lorg/eclipse/jface/viewers/ColumnLayoutData;)V",
      "Lorg/eclipse/jface/viewers/TableLayout.computeSize(Lorg/eclipse/swt/widgets/Composite;IIZ)Lorg/eclipse/swt/graphics/Point;",
      "Lorg/eclipse/jface/viewers/TableLayout.layout(Lorg/eclipse/swt/widgets/Composite;Z)V"
    ]
  }
]