[
  {
    "frequency": 1,
    "overriddenMethods": [
      "Lorg/eclipse/jface/viewers/TextCellEditor.editOccured(Lorg/eclipse/swt/events/ModifyEvent;)V",
      "Lorg/eclipse/jface/viewers/TextCellEditor.keyReleaseOccured(Lorg/eclipse/swt/events/KeyEvent;)V"
    ]
  },
  {
    "frequency": 6,
    "overriddenMethods": []
  },
  {
    "frequency": 3,
    "overriddenMethods": [
      "Lorg/eclipse/jface/viewers/TextCellEditor.doSetFocus()V"
    ]
  },
  {
    "frequency": 5,
    "overriddenMethods": [
      "Lorg/eclipse/jface/viewers/TextCellEditor.createControl(Lorg/eclipse/swt/widgets/Composite;)Lorg/eclipse/swt/widgets/Control;"
    ]
  },
  {
    "frequency": 4,
    "overriddenMethods": [
      "Lorg/eclipse/jface/viewers/TextCellEditor.doSetValue(Ljava/lang/Object;)V"
    ]
  },
  {
    "frequency": 18,
    "overriddenMethods": [
      "Lorg/eclipse/jface/viewers/TextCellEditor.doGetValue()Ljava/lang/Object;",
      "Lorg/eclipse/jface/viewers/TextCellEditor.doSetValue(Ljava/lang/Object;)V"
    ]
  },
  {
    "frequency": 2,
    "overriddenMethods": [
      "Lorg/eclipse/jface/viewers/CellEditor.isCorrect(Ljava/lang/Object;)Z",
      "Lorg/eclipse/jface/viewers/TextCellEditor.doGetValue()Ljava/lang/Object;",
      "Lorg/eclipse/jface/viewers/TextCellEditor.doSetValue(Ljava/lang/Object;)V",
      "Lorg/eclipse/jface/viewers/TextCellEditor.editOccured(Lorg/eclipse/swt/events/ModifyEvent;)V"
    ]
  },
  {
    "frequency": 1,
    "overriddenMethods": [
      "Lorg/eclipse/jface/viewers/CellEditor.dispose()V"
    ]
  },
  {
    "frequency": 4,
    "overriddenMethods": [
      "Lorg/eclipse/jface/viewers/TextCellEditor.keyReleaseOccured(Lorg/eclipse/swt/events/KeyEvent;)V"
    ]
  },
  {
    "frequency": 2,
    "overriddenMethods": [
      "Lorg/eclipse/jface/viewers/CellEditor.focusLost()V",
      "Lorg/eclipse/jface/viewers/TextCellEditor.createControl(Lorg/eclipse/swt/widgets/Composite;)Lorg/eclipse/swt/widgets/Control;"
    ]
  },
  {
    "frequency": 1,
    "overriddenMethods": [
      "Lorg/eclipse/jface/viewers/CellEditor.activate()V",
      "Lorg/eclipse/jface/viewers/CellEditor.focusLost()V",
      "Lorg/eclipse/jface/viewers/TextCellEditor.createControl(Lorg/eclipse/swt/widgets/Composite;)Lorg/eclipse/swt/widgets/Control;",
      "Lorg/eclipse/jface/viewers/TextCellEditor.doGetValue()Ljava/lang/Object;",
      "Lorg/eclipse/jface/viewers/TextCellEditor.doSetValue(Ljava/lang/Object;)V",
      "Lorg/eclipse/jface/viewers/TextCellEditor.getLayoutData()Lorg/eclipse/jface/viewers/CellEditor$LayoutData;"
    ]
  },
  {
    "frequency": 2,
    "overriddenMethods": [
      "Lorg/eclipse/jface/viewers/CellEditor.focusLost()V",
      "Lorg/eclipse/jface/viewers/TextCellEditor.dependsOnExternalFocusListener()Z"
    ]
  },
  {
    "frequency": 1,
    "overriddenMethods": [
      "Lorg/eclipse/jface/viewers/CellEditor.focusLost()V",
      "Lorg/eclipse/jface/viewers/CellEditor.isCorrect(Ljava/lang/Object;)Z",
      "Lorg/eclipse/jface/viewers/CellEditor.isValueValid()Z",
      "Lorg/eclipse/jface/viewers/TextCellEditor.handleDefaultSelection(Lorg/eclipse/swt/events/SelectionEvent;)V"
    ]
  },
  {
    "frequency": 1,
    "overriddenMethods": [
      "Lorg/eclipse/jface/viewers/CellEditor.activate()V"
    ]
  },
  {
    "frequency": 1,
    "overriddenMethods": [
      "Lorg/eclipse/jface/viewers/CellEditor.deactivate()V",
      "Lorg/eclipse/jface/viewers/CellEditor.focusLost()V",
      "Lorg/eclipse/jface/viewers/TextCellEditor.createControl(Lorg/eclipse/swt/widgets/Composite;)Lorg/eclipse/swt/widgets/Control;",
      "Lorg/eclipse/jface/viewers/TextCellEditor.doGetValue()Ljava/lang/Object;",
      "Lorg/eclipse/jface/viewers/TextCellEditor.doSetValue(Ljava/lang/Object;)V",
      "Lorg/eclipse/jface/viewers/TextCellEditor.editOccured(Lorg/eclipse/swt/events/ModifyEvent;)V"
    ]
  },
  {
    "frequency": 1,
    "overriddenMethods": [
      "Lorg/eclipse/jface/viewers/CellEditor.getDoubleClickTimeout()I"
    ]
  },
  {
    "frequency": 1,
    "overriddenMethods": [
      "Lorg/eclipse/jface/viewers/CellEditor.focusLost()V",
      "Lorg/eclipse/jface/viewers/TextCellEditor.doSetFocus()V"
    ]
  },
  {
    "frequency": 1,
    "overriddenMethods": [
      "Lorg/eclipse/jface/viewers/CellEditor.setErrorMessage(Ljava/lang/String;)V",
      "Lorg/eclipse/jface/viewers/TextCellEditor.createControl(Lorg/eclipse/swt/widgets/Composite;)Lorg/eclipse/swt/widgets/Control;",
      "Lorg/eclipse/jface/viewers/TextCellEditor.editOccured(Lorg/eclipse/swt/events/ModifyEvent;)V"
    ]
  },
  {
    "frequency": 1,
    "overriddenMethods": [
      "Lorg/eclipse/jface/viewers/CellEditor.deactivate()V",
      "Lorg/eclipse/jface/viewers/TextCellEditor.doSetValue(Ljava/lang/Object;)V"
    ]
  },
  {
    "frequency": 1,
    "overriddenMethods": [
      "Lorg/eclipse/jface/viewers/TextCellEditor.handleDefaultSelection(Lorg/eclipse/swt/events/SelectionEvent;)V"
    ]
  },
  {
    "frequency": 1,
    "overriddenMethods": [
      "Lorg/eclipse/jface/viewers/TextCellEditor.doSetFocus()V",
      "Lorg/eclipse/jface/viewers/TextCellEditor.doSetValue(Ljava/lang/Object;)V"
    ]
  }
]