[
  {
    "frequency": 1,
    "overriddenMethods": [
      "Lorg/eclipse/jface/viewers/TreePathViewerSorter.compare(Lorg/eclipse/jface/viewers/Viewer;Lorg/eclipse/jface/viewers/TreePath;Ljava/lang/Object;Ljava/lang/Object;)I",
      "Lorg/eclipse/jface/viewers/ViewerComparator.category(Ljava/lang/Object;)I"
    ]
  },
  {
    "frequency": 1,
    "overriddenMethods": [
      "Lorg/eclipse/jface/viewers/TreePathViewerSorter.compare(Lorg/eclipse/jface/viewers/Viewer;Lorg/eclipse/jface/viewers/TreePath;Ljava/lang/Object;Ljava/lang/Object;)I",
      "Lorg/eclipse/jface/viewers/TreePathViewerSorter.isSorterProperty(Lorg/eclipse/jface/viewers/TreePath;Ljava/lang/Object;Ljava/lang/String;)Z",
      "Lorg/eclipse/jface/viewers/ViewerComparator.category(Ljava/lang/Object;)I",
      "Lorg/eclipse/jface/viewers/ViewerComparator.isSorterProperty(Ljava/lang/Object;Ljava/lang/String;)Z"
    ]
  },
  {
    "frequency": 4,
    "overriddenMethods": [
      "Lorg/eclipse/jface/viewers/ViewerComparator.compare(Lorg/eclipse/jface/viewers/Viewer;Ljava/lang/Object;Ljava/lang/Object;)I"
    ]
  }
]