[
  {
    "frequency": 28,
    "overriddenMethods": []
  },
  {
    "frequency": 1,
    "overriddenMethods": [
      "Lorg/eclipse/jface/viewers/StructuredViewer.getFilteredChildren(Ljava/lang/Object;)[Ljava/lang/Object;",
      "Lorg/eclipse/jface/viewers/StructuredViewer.handleInvalidSelection(Lorg/eclipse/jface/viewers/ISelection;Lorg/eclipse/jface/viewers/ISelection;)V",
      "Lorg/eclipse/jface/viewers/StructuredViewer.handleLabelProviderChanged(Lorg/eclipse/jface/viewers/LabelProviderChangedEvent;)V",
      "Lorg/eclipse/jface/viewers/StructuredViewer.unmapAllElements()V",
      "Lorg/eclipse/jface/viewers/StructuredViewer.unmapElement(Ljava/lang/Object;Lorg/eclipse/swt/widgets/Widget;)V",
      "Lorg/eclipse/jface/viewers/TreeViewer.isExpandable(Ljava/lang/Object;)Z",
      "Lorg/eclipse/jface/viewers/TreeViewer.mapElement(Ljava/lang/Object;Lorg/eclipse/swt/widgets/Widget;)V"
    ]
  },
  {
    "frequency": 1,
    "overriddenMethods": [
      "Ljava/lang/Object.toString()Ljava/lang/String;",
      "Lorg/eclipse/jface/viewers/AbstractTreeViewer.add(Ljava/lang/Object;[Ljava/lang/Object;)V",
      "Lorg/eclipse/jface/viewers/AbstractTreeViewer.getSelection()Lorg/eclipse/jface/viewers/ISelection;",
      "Lorg/eclipse/jface/viewers/AbstractTreeViewer.handleDoubleSelect(Lorg/eclipse/swt/events/SelectionEvent;)V",
      "Lorg/eclipse/jface/viewers/AbstractTreeViewer.internalRefresh(Ljava/lang/Object;Z)V",
      "Lorg/eclipse/jface/viewers/AbstractTreeViewer.remove([Ljava/lang/Object;)V",
      "Lorg/eclipse/jface/viewers/AbstractTreeViewer.setSelectionToWidget(Ljava/util/List;Z)V",
      "Lorg/eclipse/jface/viewers/ColumnViewer.handleDispose(Lorg/eclipse/swt/events/DisposeEvent;)V",
      "Lorg/eclipse/jface/viewers/ColumnViewer.refresh(Ljava/lang/Object;)V",
      "Lorg/eclipse/jface/viewers/ColumnViewer.refresh(Ljava/lang/Object;Z)V",
      "Lorg/eclipse/jface/viewers/ColumnViewer.update(Ljava/lang/Object;[Ljava/lang/String;)V",
      "Lorg/eclipse/jface/viewers/StructuredViewer.handleLabelProviderChanged(Lorg/eclipse/jface/viewers/LabelProviderChangedEvent;)V",
      "Lorg/eclipse/jface/viewers/StructuredViewer.handleOpen(Lorg/eclipse/swt/events/SelectionEvent;)V",
      "Lorg/eclipse/jface/viewers/StructuredViewer.handlePostSelect(Lorg/eclipse/swt/events/SelectionEvent;)V",
      "Lorg/eclipse/jface/viewers/StructuredViewer.handleSelect(Lorg/eclipse/swt/events/SelectionEvent;)V",
      "Lorg/eclipse/jface/viewers/StructuredViewer.setSorter(Lorg/eclipse/jface/viewers/ViewerSorter;)V",
      "Lorg/eclipse/jface/viewers/StructuredViewer.unmapAllElements()V",
      "Lorg/eclipse/jface/viewers/StructuredViewer.unmapElement(Ljava/lang/Object;Lorg/eclipse/swt/widgets/Widget;)V",
      "Lorg/eclipse/jface/viewers/TreeViewer.hookControl(Lorg/eclipse/swt/widgets/Control;)V",
      "Lorg/eclipse/jface/viewers/TreeViewer.mapElement(Ljava/lang/Object;Lorg/eclipse/swt/widgets/Widget;)V",
      "Lorg/eclipse/jface/viewers/TreeViewer.setSelection(Lorg/eclipse/jface/viewers/ISelection;Z)V"
    ]
  },
  {
    "frequency": 1,
    "overriddenMethods": [
      "Lorg/eclipse/jface/viewers/AbstractTreeViewer.getSelection()Lorg/eclipse/jface/viewers/ISelection;",
      "Lorg/eclipse/jface/viewers/AbstractTreeViewer.internalExpand(Ljava/lang/Object;Z)Lorg/eclipse/swt/widgets/Widget;"
    ]
  },
  {
    "frequency": 2,
    "overriddenMethods": [
      "Lorg/eclipse/jface/viewers/AbstractTreeViewer.internalRefresh(Lorg/eclipse/swt/widgets/Widget;Ljava/lang/Object;ZZ)V",
      "Lorg/eclipse/jface/viewers/AbstractTreeViewer.setExpandedState(Ljava/lang/Object;Z)V",
      "Lorg/eclipse/jface/viewers/StructuredViewer.refresh()V",
      "Lorg/eclipse/jface/viewers/TreeViewer.internalRefreshStruct(Lorg/eclipse/swt/widgets/Widget;Ljava/lang/Object;Z)V",
      "Lorg/eclipse/jface/viewers/Viewer.setSelection(Lorg/eclipse/jface/viewers/ISelection;)V"
    ]
  },
  {
    "frequency": 2,
    "overriddenMethods": [
      "Lorg/eclipse/jface/viewers/AbstractTreeViewer.inputChanged(Ljava/lang/Object;Ljava/lang/Object;)V",
      "Lorg/eclipse/jface/viewers/StructuredViewer.refresh()V"
    ]
  },
  {
    "frequency": 1,
    "overriddenMethods": [
      "Lorg/eclipse/jface/viewers/AbstractTreeViewer.associate(Ljava/lang/Object;Lorg/eclipse/swt/widgets/Item;)V",
      "Lorg/eclipse/jface/viewers/AbstractTreeViewer.createChildren(Lorg/eclipse/swt/widgets/Widget;)V",
      "Lorg/eclipse/jface/viewers/AbstractTreeViewer.doUpdateItem(Lorg/eclipse/swt/widgets/Item;Ljava/lang/Object;)V",
      "Lorg/eclipse/jface/viewers/AbstractTreeViewer.getTreePathFromItem(Lorg/eclipse/swt/widgets/Item;)Lorg/eclipse/jface/viewers/TreePath;",
      "Lorg/eclipse/jface/viewers/AbstractTreeViewer.inputChanged(Ljava/lang/Object;Ljava/lang/Object;)V",
      "Lorg/eclipse/jface/viewers/AbstractTreeViewer.insert(Ljava/lang/Object;Ljava/lang/Object;I)V",
      "Lorg/eclipse/jface/viewers/AbstractTreeViewer.internalRefresh(Ljava/lang/Object;Z)V",
      "Lorg/eclipse/jface/viewers/ColumnViewer.handleDispose(Lorg/eclipse/swt/events/DisposeEvent;)V",
      "Lorg/eclipse/jface/viewers/StructuredViewer.handleInvalidSelection(Lorg/eclipse/jface/viewers/ISelection;Lorg/eclipse/jface/viewers/ISelection;)V",
      "Lorg/eclipse/jface/viewers/StructuredViewer.handleSelect(Lorg/eclipse/swt/events/SelectionEvent;)V",
      "Lorg/eclipse/jface/viewers/StructuredViewer.hasFilters()Z",
      "Lorg/eclipse/jface/viewers/StructuredViewer.unmapAllElements()V",
      "Lorg/eclipse/jface/viewers/StructuredViewer.unmapElement(Ljava/lang/Object;Lorg/eclipse/swt/widgets/Widget;)V",
      "Lorg/eclipse/jface/viewers/TreeViewer.getChildren(Lorg/eclipse/swt/widgets/Widget;)[Lorg/eclipse/swt/widgets/Item;",
      "Lorg/eclipse/jface/viewers/TreeViewer.handleTreeCollapse(Lorg/eclipse/swt/events/TreeEvent;)V",
      "Lorg/eclipse/jface/viewers/TreeViewer.handleTreeExpand(Lorg/eclipse/swt/events/TreeEvent;)V",
      "Lorg/eclipse/jface/viewers/TreeViewer.hookControl(Lorg/eclipse/swt/widgets/Control;)V",
      "Lorg/eclipse/jface/viewers/TreeViewer.internalRefreshStruct(Lorg/eclipse/swt/widgets/Widget;Ljava/lang/Object;Z)V",
      "Lorg/eclipse/jface/viewers/TreeViewer.mapElement(Ljava/lang/Object;Lorg/eclipse/swt/widgets/Widget;)V",
      "Lorg/eclipse/jface/viewers/TreeViewer.setSelection(Lorg/eclipse/jface/viewers/ISelection;Z)V"
    ]
  },
  {
    "frequency": 2,
    "overriddenMethods": [
      "Lorg/eclipse/jface/viewers/AbstractTreeViewer.doUpdateItem(Lorg/eclipse/swt/widgets/Item;Ljava/lang/Object;)V"
    ]
  },
  {
    "frequency": 1,
    "overriddenMethods": [
      "Lorg/eclipse/jface/viewers/AbstractTreeViewer.getSelection()Lorg/eclipse/jface/viewers/ISelection;",
      "Lorg/eclipse/jface/viewers/AbstractTreeViewer.inputChanged(Ljava/lang/Object;Ljava/lang/Object;)V",
      "Lorg/eclipse/jface/viewers/ContentViewer.getContentProvider()Lorg/eclipse/jface/viewers/IContentProvider;",
      "Lorg/eclipse/jface/viewers/StructuredViewer.firePostSelectionChanged(Lorg/eclipse/jface/viewers/SelectionChangedEvent;)V",
      "Lorg/eclipse/jface/viewers/StructuredViewer.refresh()V",
      "Lorg/eclipse/jface/viewers/TreeViewer.handleTreeExpand(Lorg/eclipse/swt/events/TreeEvent;)V",
      "Lorg/eclipse/jface/viewers/Viewer.fireSelectionChanged(Lorg/eclipse/jface/viewers/SelectionChangedEvent;)V"
    ]
  },
  {
    "frequency": 1,
    "overriddenMethods": [
      "Lorg/eclipse/jface/viewers/AbstractTreeViewer.getSelection()Lorg/eclipse/jface/viewers/ISelection;",
      "Lorg/eclipse/jface/viewers/ContentViewer.getContentProvider()Lorg/eclipse/jface/viewers/IContentProvider;",
      "Lorg/eclipse/jface/viewers/ContentViewer.getInput()Ljava/lang/Object;"
    ]
  },
  {
    "frequency": 1,
    "overriddenMethods": [
      "Lorg/eclipse/jface/viewers/AbstractTreeViewer.doUpdateItem(Lorg/eclipse/swt/widgets/Widget;Ljava/lang/Object;Z)V"
    ]
  },
  {
    "frequency": 1,
    "overriddenMethods": [
      "Lorg/eclipse/jface/viewers/AbstractTreeViewer.getSortedChildren(Ljava/lang/Object;)[Ljava/lang/Object;",
      "Lorg/eclipse/jface/viewers/TreeViewer.handleTreeExpand(Lorg/eclipse/swt/events/TreeEvent;)V"
    ]
  },
  {
    "frequency": 1,
    "overriddenMethods": [
      "Lorg/eclipse/jface/viewers/StructuredViewer.getFilteredChildren(Ljava/lang/Object;)[Ljava/lang/Object;",
      "Lorg/eclipse/jface/viewers/StructuredViewer.refresh()V"
    ]
  },
  {
    "frequency": 1,
    "overriddenMethods": [
      "Lorg/eclipse/jface/viewers/AbstractTreeViewer.inputChanged(Ljava/lang/Object;Ljava/lang/Object;)V",
      "Lorg/eclipse/jface/viewers/AbstractTreeViewer.internalExpandToLevel(Lorg/eclipse/swt/widgets/Widget;I)V",
      "Lorg/eclipse/jface/viewers/ColumnViewer.handleDispose(Lorg/eclipse/swt/events/DisposeEvent;)V"
    ]
  },
  {
    "frequency": 4,
    "overriddenMethods": [
      "Lorg/eclipse/jface/viewers/AbstractTreeViewer.internalExpandToLevel(Lorg/eclipse/swt/widgets/Widget;I)V",
      "Lorg/eclipse/jface/viewers/StructuredViewer.getFilteredChildren(Ljava/lang/Object;)[Ljava/lang/Object;"
    ]
  },
  {
    "frequency": 3,
    "overriddenMethods": [
      "Lorg/eclipse/jface/viewers/AbstractTreeViewer.add(Ljava/lang/Object;Ljava/lang/Object;)V",
      "Lorg/eclipse/jface/viewers/AbstractTreeViewer.add(Ljava/lang/Object;[Ljava/lang/Object;)V",
      "Lorg/eclipse/jface/viewers/AbstractTreeViewer.inputChanged(Ljava/lang/Object;Ljava/lang/Object;)V",
      "Lorg/eclipse/jface/viewers/AbstractTreeViewer.insert(Ljava/lang/Object;Ljava/lang/Object;I)V",
      "Lorg/eclipse/jface/viewers/AbstractTreeViewer.remove(Ljava/lang/Object;)V",
      "Lorg/eclipse/jface/viewers/AbstractTreeViewer.remove(Ljava/lang/Object;[Ljava/lang/Object;)V",
      "Lorg/eclipse/jface/viewers/AbstractTreeViewer.remove([Ljava/lang/Object;)V",
      "Lorg/eclipse/jface/viewers/ColumnViewer.refresh(Ljava/lang/Object;)V",
      "Lorg/eclipse/jface/viewers/ColumnViewer.refresh(Ljava/lang/Object;Z)V",
      "Lorg/eclipse/jface/viewers/StructuredViewer.refresh()V",
      "Lorg/eclipse/jface/viewers/StructuredViewer.refresh(Z)V",
      "Lorg/eclipse/jface/viewers/TreeViewer.replace(Ljava/lang/Object;ILjava/lang/Object;)V",
      "Lorg/eclipse/jface/viewers/TreeViewer.setChildCount(Ljava/lang/Object;I)V",
      "Lorg/eclipse/jface/viewers/TreeViewer.setContentProvider(Lorg/eclipse/jface/viewers/IContentProvider;)V",
      "Lorg/eclipse/jface/viewers/TreeViewer.setHasChildren(Ljava/lang/Object;Z)V"
    ]
  },
  {
    "frequency": 1,
    "overriddenMethods": [
      "Lorg/eclipse/jface/viewers/AbstractTreeViewer.doUpdateItem(Lorg/eclipse/swt/widgets/Widget;Ljava/lang/Object;Z)V",
      "Lorg/eclipse/jface/viewers/StructuredViewer.handleSelect(Lorg/eclipse/swt/events/SelectionEvent;)V"
    ]
  },
  {
    "frequency": 1,
    "overriddenMethods": [
      "Lorg/eclipse/jface/viewers/AbstractTreeViewer.add(Ljava/lang/Object;[Ljava/lang/Object;)V",
      "Lorg/eclipse/jface/viewers/AbstractTreeViewer.createChildren(Lorg/eclipse/swt/widgets/Widget;)V",
      "Lorg/eclipse/jface/viewers/AbstractTreeViewer.getSelection()Lorg/eclipse/jface/viewers/ISelection;",
      "Lorg/eclipse/jface/viewers/AbstractTreeViewer.inputChanged(Ljava/lang/Object;Ljava/lang/Object;)V",
      "Lorg/eclipse/jface/viewers/ContentViewer.getInput()Ljava/lang/Object;"
    ]
  },
  {
    "frequency": 1,
    "overriddenMethods": [
      "Lorg/eclipse/jface/viewers/AbstractTreeViewer.internalGetWidgetToSelect(Ljava/lang/Object;)Lorg/eclipse/swt/widgets/Widget;"
    ]
  },
  {
    "frequency": 1,
    "overriddenMethods": [
      "Lorg/eclipse/jface/viewers/AbstractTreeViewer.internalExpandToLevel(Lorg/eclipse/swt/widgets/Widget;I)V"
    ]
  },
  {
    "frequency": 1,
    "overriddenMethods": [
      "Lorg/eclipse/jface/viewers/ColumnViewer.refresh(Ljava/lang/Object;)V",
      "Lorg/eclipse/jface/viewers/ColumnViewer.refresh(Ljava/lang/Object;Z)V",
      "Lorg/eclipse/jface/viewers/StructuredViewer.refresh()V",
      "Lorg/eclipse/jface/viewers/StructuredViewer.refresh(Z)V"
    ]
  },
  {
    "frequency": 2,
    "overriddenMethods": [
      "Lorg/eclipse/jface/viewers/AbstractTreeViewer.getSelection()Lorg/eclipse/jface/viewers/ISelection;"
    ]
  },
  {
    "frequency": 1,
    "overriddenMethods": [
      "Lorg/eclipse/jface/viewers/ColumnViewer.handleDispose(Lorg/eclipse/swt/events/DisposeEvent;)V"
    ]
  },
  {
    "frequency": 1,
    "overriddenMethods": [
      "Lorg/eclipse/jface/viewers/AbstractTreeViewer.add(Ljava/lang/Object;Ljava/lang/Object;)V",
      "Lorg/eclipse/jface/viewers/AbstractTreeViewer.add(Ljava/lang/Object;[Ljava/lang/Object;)V",
      "Lorg/eclipse/jface/viewers/AbstractTreeViewer.remove(Ljava/lang/Object;)V",
      "Lorg/eclipse/jface/viewers/AbstractTreeViewer.remove([Ljava/lang/Object;)V",
      "Lorg/eclipse/jface/viewers/StructuredViewer.filter([Ljava/lang/Object;)[Ljava/lang/Object;"
    ]
  },
  {
    "frequency": 1,
    "overriddenMethods": [
      "Lorg/eclipse/jface/viewers/AbstractTreeViewer.doFindInputItem(Ljava/lang/Object;)Lorg/eclipse/swt/widgets/Widget;",
      "Lorg/eclipse/jface/viewers/AbstractTreeViewer.getTreePathFromItem(Lorg/eclipse/swt/widgets/Item;)Lorg/eclipse/jface/viewers/TreePath;",
      "Lorg/eclipse/jface/viewers/AbstractTreeViewer.inputChanged(Ljava/lang/Object;Ljava/lang/Object;)V",
      "Lorg/eclipse/jface/viewers/AbstractTreeViewer.setSelectionToWidget(Ljava/util/List;Z)V",
      "Lorg/eclipse/jface/viewers/ColumnViewer.refresh(Ljava/lang/Object;Z)V"
    ]
  },
  {
    "frequency": 2,
    "overriddenMethods": [
      "Lorg/eclipse/jface/viewers/TreeViewer.isExpandable(Ljava/lang/Object;)Z"
    ]
  },
  {
    "frequency": 1,
    "overriddenMethods": [
      "Lorg/eclipse/jface/viewers/AbstractTreeViewer.expandToLevel(Ljava/lang/Object;I)V",
      "Lorg/eclipse/jface/viewers/AbstractTreeViewer.inputChanged(Ljava/lang/Object;Ljava/lang/Object;)V",
      "Lorg/eclipse/jface/viewers/ColumnViewer.setLabelProvider(Lorg/eclipse/jface/viewers/IBaseLabelProvider;)V",
      "Lorg/eclipse/jface/viewers/StructuredViewer.addFilter(Lorg/eclipse/jface/viewers/ViewerFilter;)V",
      "Lorg/eclipse/jface/viewers/StructuredViewer.removeFilter(Lorg/eclipse/jface/viewers/ViewerFilter;)V"
    ]
  },
  {
    "frequency": 1,
    "overriddenMethods": [
      "Lorg/eclipse/jface/viewers/StructuredViewer.refresh()V"
    ]
  },
  {
    "frequency": 2,
    "overriddenMethods": [
      "Lorg/eclipse/jface/viewers/AbstractTreeViewer.createChildren(Lorg/eclipse/swt/widgets/Widget;)V"
    ]
  },
  {
    "frequency": 1,
    "overriddenMethods": [
      "Lorg/eclipse/jface/viewers/AbstractTreeViewer.add(Ljava/lang/Object;[Ljava/lang/Object;)V"
    ]
  },
  {
    "frequency": 2,
    "overriddenMethods": [
      "Lorg/eclipse/jface/viewers/ColumnViewer.handleDispose(Lorg/eclipse/swt/events/DisposeEvent;)V",
      "Lorg/eclipse/jface/viewers/StructuredViewer.addFilter(Lorg/eclipse/jface/viewers/ViewerFilter;)V",
      "Lorg/eclipse/jface/viewers/StructuredViewer.handleLabelProviderChanged(Lorg/eclipse/jface/viewers/LabelProviderChangedEvent;)V",
      "Lorg/eclipse/jface/viewers/StructuredViewer.removeFilter(Lorg/eclipse/jface/viewers/ViewerFilter;)V",
      "Lorg/eclipse/jface/viewers/StructuredViewer.resetFilters()V",
      "Lorg/eclipse/jface/viewers/StructuredViewer.setFilters([Lorg/eclipse/jface/viewers/ViewerFilter;)V",
      "Lorg/eclipse/jface/viewers/StructuredViewer.unmapAllElements()V",
      "Lorg/eclipse/jface/viewers/StructuredViewer.unmapElement(Ljava/lang/Object;Lorg/eclipse/swt/widgets/Widget;)V",
      "Lorg/eclipse/jface/viewers/TreeViewer.isExpandable(Ljava/lang/Object;)Z",
      "Lorg/eclipse/jface/viewers/TreeViewer.mapElement(Ljava/lang/Object;Lorg/eclipse/swt/widgets/Widget;)V"
    ]
  },
  {
    "frequency": 1,
    "overriddenMethods": [
      "Lorg/eclipse/jface/viewers/AbstractTreeViewer.labelProviderChanged()V"
    ]
  },
  {
    "frequency": 1,
    "overriddenMethods": [
      "Lorg/eclipse/jface/viewers/AbstractTreeViewer.getSelection()Lorg/eclipse/jface/viewers/ISelection;",
      "Lorg/eclipse/jface/viewers/AbstractTreeViewer.getSortedChildren(Ljava/lang/Object;)[Ljava/lang/Object;",
      "Lorg/eclipse/jface/viewers/ContentViewer.getContentProvider()Lorg/eclipse/jface/viewers/IContentProvider;",
      "Lorg/eclipse/jface/viewers/ContentViewer.getInput()Ljava/lang/Object;",
      "Lorg/eclipse/jface/viewers/TreeViewer.getRawChildren(Ljava/lang/Object;)[Ljava/lang/Object;"
    ]
  },
  {
    "frequency": 1,
    "overriddenMethods": [
      "Lorg/eclipse/jface/viewers/TreeViewer.handleTreeCollapse(Lorg/eclipse/swt/events/TreeEvent;)V",
      "Lorg/eclipse/jface/viewers/TreeViewer.handleTreeExpand(Lorg/eclipse/swt/events/TreeEvent;)V"
    ]
  },
  {
    "frequency": 2,
    "overriddenMethods": [
      "Lorg/eclipse/jface/viewers/StructuredViewer.preservingSelection(Ljava/lang/Runnable;)V"
    ]
  },
  {
    "frequency": 1,
    "overriddenMethods": [
      "Lorg/eclipse/jface/viewers/AbstractTreeViewer.createChildren(Lorg/eclipse/swt/widgets/Widget;)V",
      "Lorg/eclipse/jface/viewers/AbstractTreeViewer.doUpdateItem(Lorg/eclipse/swt/widgets/Item;Ljava/lang/Object;)V",
      "Lorg/eclipse/jface/viewers/AbstractTreeViewer.doUpdateItem(Lorg/eclipse/swt/widgets/Widget;Ljava/lang/Object;Z)V",
      "Lorg/eclipse/jface/viewers/TreeViewer.getChild(Lorg/eclipse/swt/widgets/Widget;I)Lorg/eclipse/swt/widgets/Item;",
      "Lorg/eclipse/jface/viewers/TreeViewer.getChildren(Lorg/eclipse/swt/widgets/Widget;)[Lorg/eclipse/swt/widgets/Item;",
      "Lorg/eclipse/jface/viewers/TreeViewer.getExpanded(Lorg/eclipse/swt/widgets/Item;)Z",
      "Lorg/eclipse/jface/viewers/TreeViewer.getItemCount(Lorg/eclipse/swt/widgets/Control;)I",
      "Lorg/eclipse/jface/viewers/TreeViewer.getItemCount(Lorg/eclipse/swt/widgets/Item;)I",
      "Lorg/eclipse/jface/viewers/TreeViewer.getItems(Lorg/eclipse/swt/widgets/Item;)[Lorg/eclipse/swt/widgets/Item;",
      "Lorg/eclipse/jface/viewers/TreeViewer.getParentItem(Lorg/eclipse/swt/widgets/Item;)Lorg/eclipse/swt/widgets/Item;",
      "Lorg/eclipse/jface/viewers/TreeViewer.showItem(Lorg/eclipse/swt/widgets/Item;)V",
      "Lorg/eclipse/jface/viewers/TreeViewer.updatePlus(Lorg/eclipse/swt/widgets/Item;Ljava/lang/Object;)V"
    ]
  },
  {
    "frequency": 1,
    "overriddenMethods": [
      "Lorg/eclipse/jface/viewers/Viewer.setSelection(Lorg/eclipse/jface/viewers/ISelection;)V"
    ]
  },
  {
    "frequency": 2,
    "overriddenMethods": [
      "Lorg/eclipse/jface/viewers/StructuredViewer.handleLabelProviderChanged(Lorg/eclipse/jface/viewers/LabelProviderChangedEvent;)V",
      "Lorg/eclipse/jface/viewers/StructuredViewer.unmapAllElements()V",
      "Lorg/eclipse/jface/viewers/StructuredViewer.unmapElement(Ljava/lang/Object;Lorg/eclipse/swt/widgets/Widget;)V",
      "Lorg/eclipse/jface/viewers/TreeViewer.isExpandable(Ljava/lang/Object;)Z",
      "Lorg/eclipse/jface/viewers/TreeViewer.mapElement(Ljava/lang/Object;Lorg/eclipse/swt/widgets/Widget;)V"
    ]
  },
  {
    "frequency": 1,
    "overriddenMethods": [
      "Ljava/lang/Object.toString()Ljava/lang/String;",
      "Lorg/eclipse/jface/viewers/TreeViewer.setSelection(Lorg/eclipse/jface/viewers/ISelection;Z)V"
    ]
  },
  {
    "frequency": 1,
    "overriddenMethods": [
      "Lorg/eclipse/jface/viewers/ColumnViewer.refresh(Ljava/lang/Object;)V",
      "Lorg/eclipse/jface/viewers/ColumnViewer.refresh(Ljava/lang/Object;Z)V",
      "Lorg/eclipse/jface/viewers/ContentViewer.getInput()Ljava/lang/Object;",
      "Lorg/eclipse/jface/viewers/StructuredViewer.refresh()V",
      "Lorg/eclipse/jface/viewers/StructuredViewer.refresh(Z)V"
    ]
  },
  {
    "frequency": 1,
    "overriddenMethods": [
      "Lorg/eclipse/jface/viewers/AbstractTreeViewer.inputChanged(Ljava/lang/Object;Ljava/lang/Object;)V"
    ]
  },
  {
    "frequency": 1,
    "overriddenMethods": [
      "Lorg/eclipse/jface/viewers/AbstractTreeViewer.inputChanged(Ljava/lang/Object;Ljava/lang/Object;)V",
      "Lorg/eclipse/jface/viewers/ColumnViewer.handleDispose(Lorg/eclipse/swt/events/DisposeEvent;)V",
      "Lorg/eclipse/jface/viewers/StructuredViewer.fireOpen(Lorg/eclipse/jface/viewers/OpenEvent;)V",
      "Lorg/eclipse/jface/viewers/Viewer.fireSelectionChanged(Lorg/eclipse/jface/viewers/SelectionChangedEvent;)V"
    ]
  },
  {
    "frequency": 1,
    "overriddenMethods": [
      "Lorg/eclipse/jface/viewers/AbstractTreeViewer.createTreeItem(Lorg/eclipse/swt/widgets/Widget;Ljava/lang/Object;I)V"
    ]
  },
  {
    "frequency": 4,
    "overriddenMethods": [
      "Lorg/eclipse/jface/viewers/AbstractTreeViewer.internalExpandToLevel(Lorg/eclipse/swt/widgets/Widget;I)V",
      "Lorg/eclipse/jface/viewers/StructuredViewer.handleLabelProviderChanged(Lorg/eclipse/jface/viewers/LabelProviderChangedEvent;)V",
      "Lorg/eclipse/jface/viewers/TreeViewer.isExpandable(Ljava/lang/Object;)Z"
    ]
  },
  {
    "frequency": 3,
    "overriddenMethods": [
      "Lorg/eclipse/jface/viewers/TreeViewer.setSelection(Lorg/eclipse/jface/viewers/ISelection;Z)V"
    ]
  },
  {
    "frequency": 1,
    "overriddenMethods": [
      "Lorg/eclipse/jface/viewers/AbstractTreeViewer.addSelectionListener(Lorg/eclipse/swt/widgets/Control;Lorg/eclipse/swt/events/SelectionListener;)V",
      "Lorg/eclipse/jface/viewers/AbstractTreeViewer.associate(Ljava/lang/Object;Lorg/eclipse/swt/widgets/Item;)V",
      "Lorg/eclipse/jface/viewers/AbstractTreeViewer.buildLabel(Lorg/eclipse/jface/viewers/ViewerLabel;Ljava/lang/Object;)V",
      "Lorg/eclipse/jface/viewers/AbstractTreeViewer.createChildren(Lorg/eclipse/swt/widgets/Widget;)V",
      "Lorg/eclipse/jface/viewers/AbstractTreeViewer.createTreeItem(Lorg/eclipse/swt/widgets/Widget;Ljava/lang/Object;I)V",
      "Lorg/eclipse/jface/viewers/AbstractTreeViewer.doFindInputItem(Ljava/lang/Object;)Lorg/eclipse/swt/widgets/Widget;",
      "Lorg/eclipse/jface/viewers/AbstractTreeViewer.doFindItem(Ljava/lang/Object;)Lorg/eclipse/swt/widgets/Widget;",
      "Lorg/eclipse/jface/viewers/AbstractTreeViewer.doUpdateItem(Lorg/eclipse/swt/widgets/Item;Ljava/lang/Object;)V",
      "Lorg/eclipse/jface/viewers/AbstractTreeViewer.doUpdateItem(Lorg/eclipse/swt/widgets/Widget;Ljava/lang/Object;Z)V",
      "Lorg/eclipse/jface/viewers/AbstractTreeViewer.fireTreeCollapsed(Lorg/eclipse/jface/viewers/TreeExpansionEvent;)V",
      "Lorg/eclipse/jface/viewers/AbstractTreeViewer.fireTreeExpanded(Lorg/eclipse/jface/viewers/TreeExpansionEvent;)V",
      "Lorg/eclipse/jface/viewers/AbstractTreeViewer.getNextItem(Lorg/eclipse/swt/widgets/Item;Z)Lorg/eclipse/swt/widgets/Item;",
      "Lorg/eclipse/jface/viewers/AbstractTreeViewer.getPreviousItem(Lorg/eclipse/swt/widgets/Item;)Lorg/eclipse/swt/widgets/Item;",
      "Lorg/eclipse/jface/viewers/AbstractTreeViewer.getSelectionFromWidget()Ljava/util/List;",
      "Lorg/eclipse/jface/viewers/AbstractTreeViewer.getSortedChildren(Ljava/lang/Object;)[Ljava/lang/Object;",
      "Lorg/eclipse/jface/viewers/AbstractTreeViewer.getTreePathFromItem(Lorg/eclipse/swt/widgets/Item;)Lorg/eclipse/jface/viewers/TreePath;",
      "Lorg/eclipse/jface/viewers/AbstractTreeViewer.handleDoubleSelect(Lorg/eclipse/swt/events/SelectionEvent;)V",
      "Lorg/eclipse/jface/viewers/AbstractTreeViewer.indexForElement(Lorg/eclipse/swt/widgets/Widget;Ljava/lang/Object;)I",
      "Lorg/eclipse/jface/viewers/AbstractTreeViewer.inputChanged(Ljava/lang/Object;Ljava/lang/Object;)V",
      "Lorg/eclipse/jface/viewers/AbstractTreeViewer.internalCollapseToLevel(Lorg/eclipse/swt/widgets/Widget;I)V",
      "Lorg/eclipse/jface/viewers/AbstractTreeViewer.internalExpand(Ljava/lang/Object;Z)Lorg/eclipse/swt/widgets/Widget;",
      "Lorg/eclipse/jface/viewers/AbstractTreeViewer.internalExpandToLevel(Lorg/eclipse/swt/widgets/Widget;I)V",
      "Lorg/eclipse/jface/viewers/AbstractTreeViewer.internalGetWidgetToSelect(Ljava/lang/Object;)Lorg/eclipse/swt/widgets/Widget;",
      "Lorg/eclipse/jface/viewers/AbstractTreeViewer.internalRefresh(Ljava/lang/Object;)V",
      "Lorg/eclipse/jface/viewers/AbstractTreeViewer.internalRefresh(Ljava/lang/Object;Z)V",
      "Lorg/eclipse/jface/viewers/AbstractTreeViewer.internalRefresh(Lorg/eclipse/swt/widgets/Widget;Ljava/lang/Object;ZZ)V",
      "Lorg/eclipse/jface/viewers/AbstractTreeViewer.internalRemove(Ljava/lang/Object;[Ljava/lang/Object;)V",
      "Lorg/eclipse/jface/viewers/AbstractTreeViewer.internalRemove([Ljava/lang/Object;)V",
      "Lorg/eclipse/jface/viewers/AbstractTreeViewer.isSameSelection(Ljava/util/List;[Lorg/eclipse/swt/widgets/Item;)Z",
      "Lorg/eclipse/jface/viewers/AbstractTreeViewer.labelProviderChanged()V",
      "Lorg/eclipse/jface/viewers/AbstractTreeViewer.setSelectionToWidget(Ljava/util/List;Z)V",
      "Lorg/eclipse/jface/viewers/AbstractTreeViewer.setSelectionToWidget(Lorg/eclipse/jface/viewers/ISelection;Z)V",
      "Lorg/eclipse/jface/viewers/AbstractTreeViewer.updateChildren(Lorg/eclipse/swt/widgets/Widget;Ljava/lang/Object;[Ljava/lang/Object;)V",
      "Lorg/eclipse/jface/viewers/ColumnViewer.applyEditorValue()V",
      "Lorg/eclipse/jface/viewers/ColumnViewer.checkBusy()Z",
      "Lorg/eclipse/jface/viewers/ColumnViewer.getItem(II)Lorg/eclipse/swt/widgets/Item;",
      "Lorg/eclipse/jface/viewers/ColumnViewer.getViewerRow(Lorg/eclipse/swt/graphics/Point;)Lorg/eclipse/jface/viewers/ViewerRow;",
      "Lorg/eclipse/jface/viewers/ColumnViewer.handleDispose(Lorg/eclipse/swt/events/DisposeEvent;)V",
      "Lorg/eclipse/jface/viewers/ColumnViewer.hookEditingSupport(Lorg/eclipse/swt/widgets/Control;)V",
      "Lorg/eclipse/jface/viewers/ColumnViewer.setBusy(Z)V",
      "Lorg/eclipse/jface/viewers/ColumnViewer.triggerEditorActivationEvent(Lorg/eclipse/jface/viewers/ColumnViewerEditorActivationEvent;)V",
      "Lorg/eclipse/jface/viewers/StructuredViewer.assertElementsNotNull([Ljava/lang/Object;)V",
      "Lorg/eclipse/jface/viewers/StructuredViewer.equals(Ljava/lang/Object;Ljava/lang/Object;)Z",
      "Lorg/eclipse/jface/viewers/StructuredViewer.filter([Ljava/lang/Object;)[Ljava/lang/Object;",
      "Lorg/eclipse/jface/viewers/StructuredViewer.fireDoubleClick(Lorg/eclipse/jface/viewers/DoubleClickEvent;)V",
      "Lorg/eclipse/jface/viewers/StructuredViewer.fireOpen(Lorg/eclipse/jface/viewers/OpenEvent;)V",
      "Lorg/eclipse/jface/viewers/StructuredViewer.firePostSelectionChanged(Lorg/eclipse/jface/viewers/SelectionChangedEvent;)V",
      "Lorg/eclipse/jface/viewers/StructuredViewer.getColorAndFontCollector()Lorg/eclipse/jface/viewers/StructuredViewer$ColorAndFontCollector;",
      "Lorg/eclipse/jface/viewers/StructuredViewer.getFilteredChildren(Ljava/lang/Object;)[Ljava/lang/Object;",
      "Lorg/eclipse/jface/viewers/StructuredViewer.getRoot()Ljava/lang/Object;",
      "Lorg/eclipse/jface/viewers/StructuredViewer.handleInvalidSelection(Lorg/eclipse/jface/viewers/ISelection;Lorg/eclipse/jface/viewers/ISelection;)V",
      "Lorg/eclipse/jface/viewers/StructuredViewer.handleLabelProviderChanged(Lorg/eclipse/jface/viewers/LabelProviderChangedEvent;)V",
      "Lorg/eclipse/jface/viewers/StructuredViewer.handleOpen(Lorg/eclipse/swt/events/SelectionEvent;)V",
      "Lorg/eclipse/jface/viewers/StructuredViewer.handlePostSelect(Lorg/eclipse/swt/events/SelectionEvent;)V",
      "Lorg/eclipse/jface/viewers/StructuredViewer.handleSelect(Lorg/eclipse/swt/events/SelectionEvent;)V",
      "Lorg/eclipse/jface/viewers/StructuredViewer.hasFilters()Z",
      "Lorg/eclipse/jface/viewers/StructuredViewer.internalUpdate(Lorg/eclipse/swt/widgets/Widget;Ljava/lang/Object;[Ljava/lang/String;)V",
      "Lorg/eclipse/jface/viewers/StructuredViewer.needsRefilter(Ljava/lang/Object;Ljava/lang/String;)Z",
      "Lorg/eclipse/jface/viewers/StructuredViewer.preservingSelection(Ljava/lang/Runnable;)V",
      "Lorg/eclipse/jface/viewers/StructuredViewer.unmapAllElements()V",
      "Lorg/eclipse/jface/viewers/StructuredViewer.unmapElement(Ljava/lang/Object;)V",
      "Lorg/eclipse/jface/viewers/StructuredViewer.unmapElement(Ljava/lang/Object;Lorg/eclipse/swt/widgets/Widget;)V",
      "Lorg/eclipse/jface/viewers/StructuredViewer.updateSelection(Lorg/eclipse/jface/viewers/ISelection;)V",
      "Lorg/eclipse/jface/viewers/StructuredViewer.usingElementMap()Z",
      "Lorg/eclipse/jface/viewers/TreeViewer.addTreeListener(Lorg/eclipse/swt/widgets/Control;Lorg/eclipse/swt/events/TreeListener;)V",
      "Lorg/eclipse/jface/viewers/TreeViewer.assertContentProviderType(Lorg/eclipse/jface/viewers/IContentProvider;)V",
      "Lorg/eclipse/jface/viewers/TreeViewer.createViewerEditor()Lorg/eclipse/jface/viewers/ColumnViewerEditor;",
      "Lorg/eclipse/jface/viewers/TreeViewer.disassociate(Lorg/eclipse/swt/widgets/Item;)V",
      "Lorg/eclipse/jface/viewers/TreeViewer.doGetColumnCount()I",
      "Lorg/eclipse/jface/viewers/TreeViewer.getChild(Lorg/eclipse/swt/widgets/Widget;I)Lorg/eclipse/swt/widgets/Item;",
      "Lorg/eclipse/jface/viewers/TreeViewer.getChildren(Lorg/eclipse/swt/widgets/Widget;)[Lorg/eclipse/swt/widgets/Item;",
      "Lorg/eclipse/jface/viewers/TreeViewer.getColumnViewerOwner(I)Lorg/eclipse/swt/widgets/Widget;",
      "Lorg/eclipse/jface/viewers/TreeViewer.getExpanded(Lorg/eclipse/swt/widgets/Item;)Z",
      "Lorg/eclipse/jface/viewers/TreeViewer.getItemAt(Lorg/eclipse/swt/graphics/Point;)Lorg/eclipse/swt/widgets/Item;",
      "Lorg/eclipse/jface/viewers/TreeViewer.getItemCount(Lorg/eclipse/swt/widgets/Control;)I",
      "Lorg/eclipse/jface/viewers/TreeViewer.getItemCount(Lorg/eclipse/swt/widgets/Item;)I",
      "Lorg/eclipse/jface/viewers/TreeViewer.getItems(Lorg/eclipse/swt/widgets/Item;)[Lorg/eclipse/swt/widgets/Item;",
      "Lorg/eclipse/jface/viewers/TreeViewer.getParentElement(Ljava/lang/Object;)Ljava/lang/Object;",
      "Lorg/eclipse/jface/viewers/TreeViewer.getParentItem(Lorg/eclipse/swt/widgets/Item;)Lorg/eclipse/swt/widgets/Item;",
      "Lorg/eclipse/jface/viewers/TreeViewer.getRawChildren(Ljava/lang/Object;)[Ljava/lang/Object;",
      "Lorg/eclipse/jface/viewers/TreeViewer.getSelection(Lorg/eclipse/swt/widgets/Control;)[Lorg/eclipse/swt/widgets/Item;",
      "Lorg/eclipse/jface/viewers/TreeViewer.getViewerRowFromItem(Lorg/eclipse/swt/widgets/Widget;)Lorg/eclipse/jface/viewers/ViewerRow;",
      "Lorg/eclipse/jface/viewers/TreeViewer.handleTreeCollapse(Lorg/eclipse/swt/events/TreeEvent;)V",
      "Lorg/eclipse/jface/viewers/TreeViewer.handleTreeExpand(Lorg/eclipse/swt/events/TreeEvent;)V",
      "Lorg/eclipse/jface/viewers/TreeViewer.hookControl(Lorg/eclipse/swt/widgets/Control;)V",
      "Lorg/eclipse/jface/viewers/TreeViewer.internalAdd(Lorg/eclipse/swt/widgets/Widget;Ljava/lang/Object;[Ljava/lang/Object;)V",
      "Lorg/eclipse/jface/viewers/TreeViewer.internalInitializeTree(Lorg/eclipse/swt/widgets/Control;)V",
      "Lorg/eclipse/jface/viewers/TreeViewer.internalRefreshStruct(Lorg/eclipse/swt/widgets/Widget;Ljava/lang/Object;Z)V",
      "Lorg/eclipse/jface/viewers/TreeViewer.mapElement(Ljava/lang/Object;Lorg/eclipse/swt/widgets/Widget;)V",
      "Lorg/eclipse/jface/viewers/TreeViewer.newItem(Lorg/eclipse/swt/widgets/Widget;II)Lorg/eclipse/swt/widgets/Item;",
      "Lorg/eclipse/jface/viewers/TreeViewer.removeAll(Lorg/eclipse/swt/widgets/Control;)V",
      "Lorg/eclipse/jface/viewers/TreeViewer.setExpanded(Lorg/eclipse/swt/widgets/Item;Z)V",
      "Lorg/eclipse/jface/viewers/TreeViewer.setSelection(Ljava/util/List;)V",
      "Lorg/eclipse/jface/viewers/TreeViewer.showItem(Lorg/eclipse/swt/widgets/Item;)V",
      "Lorg/eclipse/jface/viewers/TreeViewer.updatePlus(Lorg/eclipse/swt/widgets/Item;Ljava/lang/Object;)V",
      "Lorg/eclipse/jface/viewers/Viewer.fireHelpRequested(Lorg/eclipse/swt/events/HelpEvent;)V",
      "Lorg/eclipse/jface/viewers/Viewer.fireSelectionChanged(Lorg/eclipse/jface/viewers/SelectionChangedEvent;)V",
      "Lorg/eclipse/jface/viewers/Viewer.handleHelpRequest(Lorg/eclipse/swt/events/HelpEvent;)V"
    ]
  },
  {
    "frequency": 1,
    "overriddenMethods": [
      "Lorg/eclipse/jface/viewers/AbstractTreeViewer.inputChanged(Ljava/lang/Object;Ljava/lang/Object;)V",
      "Lorg/eclipse/jface/viewers/AbstractTreeViewer.remove(Ljava/lang/Object;)V",
      "Lorg/eclipse/jface/viewers/StructuredViewer.preservingSelection(Ljava/lang/Runnable;)V",
      "Lorg/eclipse/jface/viewers/TreeViewer.internalAdd(Lorg/eclipse/swt/widgets/Widget;Ljava/lang/Object;[Ljava/lang/Object;)V"
    ]
  },
  {
    "frequency": 1,
    "overriddenMethods": [
      "Lorg/eclipse/jface/viewers/AbstractTreeViewer.getSelection()Lorg/eclipse/jface/viewers/ISelection;",
      "Lorg/eclipse/jface/viewers/ContentViewer.getInput()Ljava/lang/Object;"
    ]
  },
  {
    "frequency": 66,
    "overriddenMethods": [
      "Lorg/eclipse/jface/viewers/AbstractTreeViewer.expandToLevel(I)V",
      "Lorg/eclipse/jface/viewers/ColumnViewer.refresh(Ljava/lang/Object;)V",
      "Lorg/eclipse/jface/viewers/ColumnViewer.refresh(Ljava/lang/Object;Z)V",
      "Lorg/eclipse/jface/viewers/StructuredViewer.handleInvalidSelection(Lorg/eclipse/jface/viewers/ISelection;Lorg/eclipse/jface/viewers/ISelection;)V",
      "Lorg/eclipse/jface/viewers/StructuredViewer.handleSelect(Lorg/eclipse/swt/events/SelectionEvent;)V",
      "Lorg/eclipse/jface/viewers/StructuredViewer.refresh()V",
      "Lorg/eclipse/jface/viewers/StructuredViewer.refresh(Z)V",
      "Lorg/eclipse/jface/viewers/TreeViewer.setSelection(Lorg/eclipse/jface/viewers/ISelection;Z)V",
      "Lorg/eclipse/jface/viewers/Viewer.fireSelectionChanged(Lorg/eclipse/jface/viewers/SelectionChangedEvent;)V"
    ]
  },
  {
    "frequency": 2,
    "overriddenMethods": [
      "Lorg/eclipse/jface/viewers/StructuredViewer.getFilteredChildren(Ljava/lang/Object;)[Ljava/lang/Object;"
    ]
  },
  {
    "frequency": 1,
    "overriddenMethods": [
      "Lorg/eclipse/jface/viewers/AbstractTreeViewer.doUpdateItem(Lorg/eclipse/swt/widgets/Widget;Ljava/lang/Object;Z)V",
      "Lorg/eclipse/jface/viewers/ColumnViewer.handleDispose(Lorg/eclipse/swt/events/DisposeEvent;)V",
      "Lorg/eclipse/jface/viewers/StructuredViewer.handleLabelProviderChanged(Lorg/eclipse/jface/viewers/LabelProviderChangedEvent;)V"
    ]
  }
]