[
  {
    "frequency": 1,
    "overriddenMethods": []
  },
  {
    "frequency": 2,
    "overriddenMethods": [
      "Lorg/eclipse/jface/viewers/Viewer.addSelectionChangedListener(Lorg/eclipse/jface/viewers/ISelectionChangedListener;)V",
      "Lorg/eclipse/jface/viewers/Viewer.getControl()Lorg/eclipse/swt/widgets/Control;",
      "Lorg/eclipse/jface/viewers/Viewer.getInput()Ljava/lang/Object;",
      "Lorg/eclipse/jface/viewers/Viewer.getSelection()Lorg/eclipse/jface/viewers/ISelection;",
      "Lorg/eclipse/jface/viewers/Viewer.inputChanged(Ljava/lang/Object;Ljava/lang/Object;)V",
      "Lorg/eclipse/jface/viewers/Viewer.refresh()V",
      "Lorg/eclipse/jface/viewers/Viewer.setSelection(Lorg/eclipse/jface/viewers/ISelection;Z)V"
    ]
  },
  {
    "frequency": 2,
    "overriddenMethods": [
      "Lorg/eclipse/jface/viewers/Viewer.getControl()Lorg/eclipse/swt/widgets/Control;",
      "Lorg/eclipse/jface/viewers/Viewer.getInput()Ljava/lang/Object;",
      "Lorg/eclipse/jface/viewers/Viewer.getSelection()Lorg/eclipse/jface/viewers/ISelection;",
      "Lorg/eclipse/jface/viewers/Viewer.inputChanged(Ljava/lang/Object;Ljava/lang/Object;)V",
      "Lorg/eclipse/jface/viewers/Viewer.refresh()V",
      "Lorg/eclipse/jface/viewers/Viewer.setInput(Ljava/lang/Object;)V",
      "Lorg/eclipse/jface/viewers/Viewer.setSelection(Lorg/eclipse/jface/viewers/ISelection;Z)V"
    ]
  },
  {
    "frequency": 1,
    "overriddenMethods": [
      "Ljava/lang/Object.toString()Ljava/lang/String;",
      "Lorg/eclipse/jface/viewers/Viewer.getControl()Lorg/eclipse/swt/widgets/Control;",
      "Lorg/eclipse/jface/viewers/Viewer.getInput()Ljava/lang/Object;",
      "Lorg/eclipse/jface/viewers/Viewer.getSelection()Lorg/eclipse/jface/viewers/ISelection;",
      "Lorg/eclipse/jface/viewers/Viewer.inputChanged(Ljava/lang/Object;Ljava/lang/Object;)V",
      "Lorg/eclipse/jface/viewers/Viewer.refresh()V",
      "Lorg/eclipse/jface/viewers/Viewer.setInput(Ljava/lang/Object;)V",
      "Lorg/eclipse/jface/viewers/Viewer.setSelection(Lorg/eclipse/jface/viewers/ISelection;Z)V"
    ]
  },
  {
    "frequency": 17,
    "overriddenMethods": [
      "Lorg/eclipse/jface/viewers/Viewer.getControl()Lorg/eclipse/swt/widgets/Control;",
      "Lorg/eclipse/jface/viewers/Viewer.getInput()Ljava/lang/Object;",
      "Lorg/eclipse/jface/viewers/Viewer.getSelection()Lorg/eclipse/jface/viewers/ISelection;",
      "Lorg/eclipse/jface/viewers/Viewer.refresh()V",
      "Lorg/eclipse/jface/viewers/Viewer.setInput(Ljava/lang/Object;)V",
      "Lorg/eclipse/jface/viewers/Viewer.setSelection(Lorg/eclipse/jface/viewers/ISelection;Z)V"
    ]
  }
]