[
  {
    "frequency": 1,
    "overriddenMethods": [
      "Ljava/lang/Object.clone()Ljava/lang/Object;",
      "Lorg/eclipse/jface/viewers/ViewerFilter.select(Lorg/eclipse/jface/viewers/Viewer;Ljava/lang/Object;Ljava/lang/Object;)Z"
    ]
  },
  {
    "frequency": 8,
    "overriddenMethods": []
  },
  {
    "frequency": 16,
    "overriddenMethods": [
      "Lorg/eclipse/jface/viewers/ViewerFilter.filter(Lorg/eclipse/jface/viewers/Viewer;Ljava/lang/Object;[Ljava/lang/Object;)[Ljava/lang/Object;",
      "Lorg/eclipse/jface/viewers/ViewerFilter.select(Lorg/eclipse/jface/viewers/Viewer;Ljava/lang/Object;Ljava/lang/Object;)Z"
    ]
  },
  {
    "frequency": 1,
    "overriddenMethods": [
      "Lorg/eclipse/jface/viewers/ViewerFilter.filter(Lorg/eclipse/jface/viewers/Viewer;Ljava/lang/Object;[Ljava/lang/Object;)[Ljava/lang/Object;"
    ]
  },
  {
    "frequency": 6,
    "overriddenMethods": [
      "Ljava/lang/Object.toString()Ljava/lang/String;",
      "Lorg/eclipse/jface/viewers/ViewerFilter.select(Lorg/eclipse/jface/viewers/Viewer;Ljava/lang/Object;Ljava/lang/Object;)Z"
    ]
  },
  {
    "frequency": 6,
    "overriddenMethods": [
      "Lorg/eclipse/jface/viewers/ViewerFilter.isFilterProperty(Ljava/lang/Object;Ljava/lang/String;)Z",
      "Lorg/eclipse/jface/viewers/ViewerFilter.select(Lorg/eclipse/jface/viewers/Viewer;Ljava/lang/Object;Ljava/lang/Object;)Z"
    ]
  },
  {
    "frequency": 994,
    "overriddenMethods": [
      "Lorg/eclipse/jface/viewers/ViewerFilter.select(Lorg/eclipse/jface/viewers/Viewer;Ljava/lang/Object;Ljava/lang/Object;)Z"
    ]
  }
]