[
  {
    "frequency": 1,
    "overriddenMethods": [
      "Lorg/eclipse/jface/viewers/ViewerDropAdapter.dragEnter(Lorg/eclipse/swt/dnd/DropTargetEvent;)V",
      "Lorg/eclipse/jface/viewers/ViewerDropAdapter.dragOperationChanged(Lorg/eclipse/swt/dnd/DropTargetEvent;)V",
      "Lorg/eclipse/jface/viewers/ViewerDropAdapter.dragOver(Lorg/eclipse/swt/dnd/DropTargetEvent;)V",
      "Lorg/eclipse/jface/viewers/ViewerDropAdapter.drop(Lorg/eclipse/swt/dnd/DropTargetEvent;)V",
      "Lorg/eclipse/jface/viewers/ViewerDropAdapter.getViewer()Lorg/eclipse/jface/viewers/Viewer;",
      "Lorg/eclipse/jface/viewers/ViewerDropAdapter.performDrop(Ljava/lang/Object;)Z",
      "Lorg/eclipse/jface/viewers/ViewerDropAdapter.validateDrop(Ljava/lang/Object;ILorg/eclipse/swt/dnd/TransferData;)Z"
    ]
  },
  {
    "frequency": 1,
    "overriddenMethods": [
      "Lorg/eclipse/jface/viewers/ViewerDropAdapter.determineLocation(Lorg/eclipse/swt/dnd/DropTargetEvent;)I",
      "Lorg/eclipse/jface/viewers/ViewerDropAdapter.dragOver(Lorg/eclipse/swt/dnd/DropTargetEvent;)V",
      "Lorg/eclipse/jface/viewers/ViewerDropAdapter.getSelectedObject()Ljava/lang/Object;",
      "Lorg/eclipse/jface/viewers/ViewerDropAdapter.performDrop(Ljava/lang/Object;)Z",
      "Lorg/eclipse/jface/viewers/ViewerDropAdapter.validateDrop(Ljava/lang/Object;ILorg/eclipse/swt/dnd/TransferData;)Z"
    ]
  },
  {
    "frequency": 29,
    "overriddenMethods": [
      "Lorg/eclipse/jface/viewers/ViewerDropAdapter.performDrop(Ljava/lang/Object;)Z",
      "Lorg/eclipse/jface/viewers/ViewerDropAdapter.validateDrop(Ljava/lang/Object;ILorg/eclipse/swt/dnd/TransferData;)Z"
    ]
  },
  {
    "frequency": 2,
    "overriddenMethods": [
      "Lorg/eclipse/jface/viewers/ViewerDropAdapter.determineLocation(Lorg/eclipse/swt/dnd/DropTargetEvent;)I",
      "Lorg/eclipse/jface/viewers/ViewerDropAdapter.dragEnter(Lorg/eclipse/swt/dnd/DropTargetEvent;)V",
      "Lorg/eclipse/jface/viewers/ViewerDropAdapter.dragOperationChanged(Lorg/eclipse/swt/dnd/DropTargetEvent;)V",
      "Lorg/eclipse/jface/viewers/ViewerDropAdapter.dragOver(Lorg/eclipse/swt/dnd/DropTargetEvent;)V",
      "Lorg/eclipse/jface/viewers/ViewerDropAdapter.performDrop(Ljava/lang/Object;)Z",
      "Lorg/eclipse/jface/viewers/ViewerDropAdapter.validateDrop(Ljava/lang/Object;ILorg/eclipse/swt/dnd/TransferData;)Z"
    ]
  },
  {
    "frequency": 7,
    "overriddenMethods": [
      "Lorg/eclipse/jface/viewers/ViewerDropAdapter.determineLocation(Lorg/eclipse/swt/dnd/DropTargetEvent;)I",
      "Lorg/eclipse/jface/viewers/ViewerDropAdapter.performDrop(Ljava/lang/Object;)Z",
      "Lorg/eclipse/jface/viewers/ViewerDropAdapter.validateDrop(Ljava/lang/Object;ILorg/eclipse/swt/dnd/TransferData;)Z"
    ]
  },
  {
    "frequency": 1,
    "overriddenMethods": [
      "Lorg/eclipse/jface/viewers/ViewerDropAdapter.dragEnter(Lorg/eclipse/swt/dnd/DropTargetEvent;)V",
      "Lorg/eclipse/jface/viewers/ViewerDropAdapter.dragOver(Lorg/eclipse/swt/dnd/DropTargetEvent;)V",
      "Lorg/eclipse/jface/viewers/ViewerDropAdapter.drop(Lorg/eclipse/swt/dnd/DropTargetEvent;)V",
      "Lorg/eclipse/jface/viewers/ViewerDropAdapter.performDrop(Ljava/lang/Object;)Z",
      "Lorg/eclipse/jface/viewers/ViewerDropAdapter.validateDrop(Ljava/lang/Object;ILorg/eclipse/swt/dnd/TransferData;)Z"
    ]
  },
  {
    "frequency": 5,
    "overriddenMethods": [
      "Lorg/eclipse/jface/viewers/ViewerDropAdapter.dragOver(Lorg/eclipse/swt/dnd/DropTargetEvent;)V",
      "Lorg/eclipse/jface/viewers/ViewerDropAdapter.performDrop(Ljava/lang/Object;)Z",
      "Lorg/eclipse/jface/viewers/ViewerDropAdapter.validateDrop(Ljava/lang/Object;ILorg/eclipse/swt/dnd/TransferData;)Z"
    ]
  },
  {
    "frequency": 1,
    "overriddenMethods": [
      "Lorg/eclipse/jface/viewers/ViewerDropAdapter.determineLocation(Lorg/eclipse/swt/dnd/DropTargetEvent;)I",
      "Lorg/eclipse/jface/viewers/ViewerDropAdapter.dragEnter(Lorg/eclipse/swt/dnd/DropTargetEvent;)V",
      "Lorg/eclipse/jface/viewers/ViewerDropAdapter.dragOperationChanged(Lorg/eclipse/swt/dnd/DropTargetEvent;)V",
      "Lorg/eclipse/jface/viewers/ViewerDropAdapter.dragOver(Lorg/eclipse/swt/dnd/DropTargetEvent;)V",
      "Lorg/eclipse/jface/viewers/ViewerDropAdapter.drop(Lorg/eclipse/swt/dnd/DropTargetEvent;)V",
      "Lorg/eclipse/jface/viewers/ViewerDropAdapter.dropAccept(Lorg/eclipse/swt/dnd/DropTargetEvent;)V",
      "Lorg/eclipse/jface/viewers/ViewerDropAdapter.performDrop(Ljava/lang/Object;)Z",
      "Lorg/eclipse/jface/viewers/ViewerDropAdapter.validateDrop(Ljava/lang/Object;ILorg/eclipse/swt/dnd/TransferData;)Z",
      "Lorg/eclipse/swt/dnd/DropTargetAdapter.dragLeave(Lorg/eclipse/swt/dnd/DropTargetEvent;)V"
    ]
  },
  {
    "frequency": 2,
    "overriddenMethods": [
      "Lorg/eclipse/jface/viewers/ViewerDropAdapter.dragOver(Lorg/eclipse/swt/dnd/DropTargetEvent;)V",
      "Lorg/eclipse/jface/viewers/ViewerDropAdapter.drop(Lorg/eclipse/swt/dnd/DropTargetEvent;)V",
      "Lorg/eclipse/jface/viewers/ViewerDropAdapter.performDrop(Ljava/lang/Object;)Z",
      "Lorg/eclipse/jface/viewers/ViewerDropAdapter.validateDrop(Ljava/lang/Object;ILorg/eclipse/swt/dnd/TransferData;)Z"
    ]
  },
  {
    "frequency": 1,
    "overriddenMethods": [
      "Lorg/eclipse/jface/viewers/ViewerDropAdapter.determineTarget(Lorg/eclipse/swt/dnd/DropTargetEvent;)Ljava/lang/Object;",
      "Lorg/eclipse/jface/viewers/ViewerDropAdapter.performDrop(Ljava/lang/Object;)Z",
      "Lorg/eclipse/jface/viewers/ViewerDropAdapter.validateDrop(Ljava/lang/Object;ILorg/eclipse/swt/dnd/TransferData;)Z"
    ]
  },
  {
    "frequency": 1,
    "overriddenMethods": [
      "Lorg/eclipse/jface/viewers/ViewerDropAdapter.dropAccept(Lorg/eclipse/swt/dnd/DropTargetEvent;)V",
      "Lorg/eclipse/jface/viewers/ViewerDropAdapter.performDrop(Ljava/lang/Object;)Z",
      "Lorg/eclipse/jface/viewers/ViewerDropAdapter.validateDrop(Ljava/lang/Object;ILorg/eclipse/swt/dnd/TransferData;)Z"
    ]
  },
  {
    "frequency": 9,
    "overriddenMethods": [
      "Lorg/eclipse/jface/viewers/ViewerDropAdapter.dragEnter(Lorg/eclipse/swt/dnd/DropTargetEvent;)V",
      "Lorg/eclipse/jface/viewers/ViewerDropAdapter.performDrop(Ljava/lang/Object;)Z",
      "Lorg/eclipse/jface/viewers/ViewerDropAdapter.validateDrop(Ljava/lang/Object;ILorg/eclipse/swt/dnd/TransferData;)Z"
    ]
  },
  {
    "frequency": 1,
    "overriddenMethods": [
      "Lorg/eclipse/jface/viewers/ViewerDropAdapter.drop(Lorg/eclipse/swt/dnd/DropTargetEvent;)V",
      "Lorg/eclipse/jface/viewers/ViewerDropAdapter.performDrop(Ljava/lang/Object;)Z",
      "Lorg/eclipse/jface/viewers/ViewerDropAdapter.validateDrop(Ljava/lang/Object;ILorg/eclipse/swt/dnd/TransferData;)Z"
    ]
  },
  {
    "frequency": 10,
    "overriddenMethods": [
      "Lorg/eclipse/jface/viewers/ViewerDropAdapter.dragEnter(Lorg/eclipse/swt/dnd/DropTargetEvent;)V",
      "Lorg/eclipse/jface/viewers/ViewerDropAdapter.dragOperationChanged(Lorg/eclipse/swt/dnd/DropTargetEvent;)V",
      "Lorg/eclipse/jface/viewers/ViewerDropAdapter.dragOver(Lorg/eclipse/swt/dnd/DropTargetEvent;)V",
      "Lorg/eclipse/jface/viewers/ViewerDropAdapter.drop(Lorg/eclipse/swt/dnd/DropTargetEvent;)V",
      "Lorg/eclipse/jface/viewers/ViewerDropAdapter.performDrop(Ljava/lang/Object;)Z",
      "Lorg/eclipse/jface/viewers/ViewerDropAdapter.validateDrop(Ljava/lang/Object;ILorg/eclipse/swt/dnd/TransferData;)Z"
    ]
  }
]