[
  {
    "frequency": 48,
    "overriddenMethods": []
  },
  {
    "frequency": 1,
    "overriddenMethods": [
      "Lorg/eclipse/jface/viewers/ViewerComparator.compare(Lorg/eclipse/jface/viewers/Viewer;Ljava/lang/Object;Ljava/lang/Object;)I",
      "Lorg/eclipse/jface/viewers/ViewerComparator.isSorterProperty(Ljava/lang/Object;Ljava/lang/String;)Z",
      "Lorg/eclipse/jface/viewers/ViewerComparator.sort(Lorg/eclipse/jface/viewers/Viewer;[Ljava/lang/Object;)V"
    ]
  },
  {
    "frequency": 30,
    "overriddenMethods": [
      "Lorg/eclipse/jface/viewers/ViewerComparator.compare(Lorg/eclipse/jface/viewers/Viewer;Ljava/lang/Object;Ljava/lang/Object;)I",
      "Lorg/eclipse/jface/viewers/ViewerComparator.isSorterProperty(Ljava/lang/Object;Ljava/lang/String;)Z"
    ]
  },
  {
    "frequency": 6,
    "overriddenMethods": [
      "Lorg/eclipse/jface/viewers/ViewerComparator.compare(Lorg/eclipse/jface/viewers/Viewer;Ljava/lang/Object;Ljava/lang/Object;)I",
      "Lorg/eclipse/jface/viewers/ViewerComparator.sort(Lorg/eclipse/jface/viewers/Viewer;[Ljava/lang/Object;)V"
    ]
  },
  {
    "frequency": 2,
    "overriddenMethods": [
      "Lorg/eclipse/jface/viewers/ViewerComparator.category(Ljava/lang/Object;)I",
      "Lorg/eclipse/jface/viewers/ViewerComparator.compare(Lorg/eclipse/jface/viewers/Viewer;Ljava/lang/Object;Ljava/lang/Object;)I",
      "Lorg/eclipse/jface/viewers/ViewerComparator.sort(Lorg/eclipse/jface/viewers/Viewer;[Ljava/lang/Object;)V"
    ]
  },
  {
    "frequency": 32,
    "overriddenMethods": [
      "Lorg/eclipse/jface/viewers/ViewerComparator.category(Ljava/lang/Object;)I",
      "Lorg/eclipse/jface/viewers/ViewerComparator.compare(Lorg/eclipse/jface/viewers/Viewer;Ljava/lang/Object;Ljava/lang/Object;)I"
    ]
  },
  {
    "frequency": 2,
    "overriddenMethods": [
      "Lorg/eclipse/jface/viewers/ViewerComparator.sort(Lorg/eclipse/jface/viewers/Viewer;[Ljava/lang/Object;)V"
    ]
  },
  {
    "frequency": 1,
    "overriddenMethods": [
      "Lorg/eclipse/jface/viewers/ViewerComparator.category(Ljava/lang/Object;)I",
      "Lorg/eclipse/jface/viewers/ViewerComparator.isSorterProperty(Ljava/lang/Object;Ljava/lang/String;)Z"
    ]
  },
  {
    "frequency": 2,
    "overriddenMethods": [
      "Lorg/eclipse/jface/viewers/ViewerComparator.isSorterProperty(Ljava/lang/Object;Ljava/lang/String;)Z"
    ]
  },
  {
    "frequency": 1,
    "overriddenMethods": [
      "Lorg/eclipse/jface/viewers/ViewerComparator.category(Ljava/lang/Object;)I",
      "Lorg/eclipse/jface/viewers/ViewerComparator.getComparator()Ljava/util/Comparator;"
    ]
  },
  {
    "frequency": 6,
    "overriddenMethods": [
      "Lorg/eclipse/jface/viewers/ViewerComparator.category(Ljava/lang/Object;)I",
      "Lorg/eclipse/jface/viewers/ViewerComparator.sort(Lorg/eclipse/jface/viewers/Viewer;[Ljava/lang/Object;)V"
    ]
  },
  {
    "frequency": 283,
    "overriddenMethods": [
      "Lorg/eclipse/jface/viewers/ViewerComparator.compare(Lorg/eclipse/jface/viewers/Viewer;Ljava/lang/Object;Ljava/lang/Object;)I"
    ]
  },
  {
    "frequency": 3,
    "overriddenMethods": [
      "Lorg/eclipse/jface/viewers/ViewerComparator.compare(Lorg/eclipse/jface/viewers/Viewer;Ljava/lang/Object;Ljava/lang/Object;)I",
      "Lorg/eclipse/jface/viewers/ViewerComparator.getComparator()Ljava/util/Comparator;"
    ]
  },
  {
    "frequency": 54,
    "overriddenMethods": [
      "Lorg/eclipse/jface/viewers/ViewerComparator.category(Ljava/lang/Object;)I"
    ]
  }
]