[
  {
    "frequency": 5,
    "overriddenMethods": []
  },
  {
    "frequency": 1,
    "overriddenMethods": [
      "Lorg/eclipse/jface/viewers/ViewerComparator.category(Ljava/lang/Object;)I",
      "Lorg/eclipse/jface/viewers/ViewerComparator.compare(Lorg/eclipse/jface/viewers/Viewer;Ljava/lang/Object;Ljava/lang/Object;)I",
      "Lorg/eclipse/jface/viewers/ViewerComparator.isSorterProperty(Ljava/lang/Object;Ljava/lang/String;)Z"
    ]
  },
  {
    "frequency": 13,
    "overriddenMethods": [
      "Lorg/eclipse/jface/viewers/ViewerComparator.compare(Lorg/eclipse/jface/viewers/Viewer;Ljava/lang/Object;Ljava/lang/Object;)I",
      "Lorg/eclipse/jface/viewers/ViewerComparator.isSorterProperty(Ljava/lang/Object;Ljava/lang/String;)Z"
    ]
  },
  {
    "frequency": 2,
    "overriddenMethods": [
      "Lorg/eclipse/jface/viewers/ViewerComparator.compare(Lorg/eclipse/jface/viewers/Viewer;Ljava/lang/Object;Ljava/lang/Object;)I",
      "Lorg/eclipse/jface/viewers/ViewerComparator.sort(Lorg/eclipse/jface/viewers/Viewer;[Ljava/lang/Object;)V"
    ]
  },
  {
    "frequency": 39,
    "overriddenMethods": [
      "Lorg/eclipse/jface/viewers/ViewerComparator.category(Ljava/lang/Object;)I",
      "Lorg/eclipse/jface/viewers/ViewerComparator.compare(Lorg/eclipse/jface/viewers/Viewer;Ljava/lang/Object;Ljava/lang/Object;)I"
    ]
  },
  {
    "frequency": 1,
    "overriddenMethods": [
      "Lorg/eclipse/jface/viewers/ViewerComparator.sort(Lorg/eclipse/jface/viewers/Viewer;[Ljava/lang/Object;)V"
    ]
  },
  {
    "frequency": 6,
    "overriddenMethods": [
      "Lorg/eclipse/jface/viewers/ViewerComparator.category(Ljava/lang/Object;)I",
      "Lorg/eclipse/jface/viewers/ViewerComparator.isSorterProperty(Ljava/lang/Object;Ljava/lang/String;)Z"
    ]
  },
  {
    "frequency": 5,
    "overriddenMethods": [
      "Lorg/eclipse/jface/viewers/ViewerComparator.isSorterProperty(Ljava/lang/Object;Ljava/lang/String;)Z"
    ]
  },
  {
    "frequency": 66,
    "overriddenMethods": [
      "Lorg/eclipse/jface/viewers/ViewerComparator.category(Ljava/lang/Object;)I",
      "Lorg/eclipse/jface/viewers/ViewerComparator.compare(Lorg/eclipse/jface/viewers/Viewer;Ljava/lang/Object;Ljava/lang/Object;)I",
      "Lorg/eclipse/jface/viewers/ViewerComparator.getComparator()Ljava/util/Comparator;"
    ]
  },
  {
    "frequency": 1,
    "overriddenMethods": [
      "Ljava/lang/Object.equals(Ljava/lang/Object;)Z",
      "Ljava/lang/Object.hashCode()I",
      "Lorg/eclipse/jface/viewers/ViewerComparator.category(Ljava/lang/Object;)I",
      "Lorg/eclipse/jface/viewers/ViewerComparator.compare(Lorg/eclipse/jface/viewers/Viewer;Ljava/lang/Object;Ljava/lang/Object;)I",
      "Lorg/eclipse/jface/viewers/ViewerComparator.isSorterProperty(Ljava/lang/Object;Ljava/lang/String;)Z"
    ]
  },
  {
    "frequency": 242,
    "overriddenMethods": [
      "Lorg/eclipse/jface/viewers/ViewerComparator.compare(Lorg/eclipse/jface/viewers/Viewer;Ljava/lang/Object;Ljava/lang/Object;)I"
    ]
  },
  {
    "frequency": 1,
    "overriddenMethods": [
      "Lorg/eclipse/jface/viewers/ViewerComparator.compare(Lorg/eclipse/jface/viewers/Viewer;Ljava/lang/Object;Ljava/lang/Object;)I",
      "Lorg/eclipse/jface/viewers/ViewerComparator.getComparator()Ljava/util/Comparator;"
    ]
  },
  {
    "frequency": 45,
    "overriddenMethods": [
      "Lorg/eclipse/jface/viewers/ViewerComparator.category(Ljava/lang/Object;)I"
    ]
  }
]