[
  {
    "frequency": 2,
    "overriddenMethods": []
  },
  {
    "frequency": 2,
    "overriddenMethods": [
      "Lorg/eclipse/jface/fieldassist/ContentProposalAdapter.closeProposalPopup()V"
    ]
  },
  {
    "frequency": 1,
    "overriddenMethods": [
      "Lorg/eclipse/jface/fieldassist/ContentProposalAdapter.setEnabled(Z)V"
    ]
  },
  {
    "frequency": 1,
    "overriddenMethods": [
      "Lorg/eclipse/jface/fieldassist/ContentProposalAdapter.closeProposalPopup()V",
      "Lorg/eclipse/jface/fieldassist/ContentProposalAdapter.getProposalAcceptanceStyle()I"
    ]
  },
  {
    "frequency": 1,
    "overriddenMethods": [
      "Lorg/eclipse/jface/fieldassist/ContentProposalAdapter.proposalAccepted(Lorg/eclipse/jface/fieldassist/IContentProposal;)V"
    ]
  }
]