[
  {
    "frequency": 1,
    "overriddenMethods": [
      "Lorg/eclipse/jface/preference/FieldEditor.getLabelControl(Lorg/eclipse/swt/widgets/Composite;)Lorg/eclipse/swt/widgets/Label;"
    ]
  },
  {
    "frequency": 8,
    "overriddenMethods": []
  },
  {
    "frequency": 2,
    "overriddenMethods": [
      "Lorg/eclipse/jface/preference/FieldEditor.fireStateChanged(Ljava/lang/String;ZZ)V"
    ]
  },
  {
    "frequency": 1,
    "overriddenMethods": [
      "Lorg/eclipse/jface/preference/BooleanFieldEditor.doLoadDefault()V",
      "Lorg/eclipse/jface/preference/FieldEditor.fireValueChanged(Ljava/lang/String;Ljava/lang/Object;Ljava/lang/Object;)V"
    ]
  },
  {
    "frequency": 13,
    "overriddenMethods": [
      "Lorg/eclipse/jface/preference/BooleanFieldEditor.getChangeControl(Lorg/eclipse/swt/widgets/Composite;)Lorg/eclipse/swt/widgets/Button;"
    ]
  },
  {
    "frequency": 1,
    "overriddenMethods": [
      "Lorg/eclipse/jface/preference/BooleanFieldEditor.doLoad()V",
      "Lorg/eclipse/jface/preference/BooleanFieldEditor.valueChanged(ZZ)V"
    ]
  },
  {
    "frequency": 9,
    "overriddenMethods": [
      "Lorg/eclipse/jface/preference/BooleanFieldEditor.valueChanged(ZZ)V"
    ]
  },
  {
    "frequency": 4,
    "overriddenMethods": [
      "Lorg/eclipse/jface/preference/FieldEditor.getLabelControl()Lorg/eclipse/swt/widgets/Label;"
    ]
  },
  {
    "frequency": 1,
    "overriddenMethods": [
      "Lorg/eclipse/jface/preference/FieldEditor.createControl(Lorg/eclipse/swt/widgets/Composite;)V"
    ]
  },
  {
    "frequency": 1,
    "overriddenMethods": [
      "Lorg/eclipse/jface/preference/BooleanFieldEditor.doFillIntoGrid(Lorg/eclipse/swt/widgets/Composite;I)V",
      "Lorg/eclipse/jface/preference/BooleanFieldEditor.getNumberOfControls()I"
    ]
  },
  {
    "frequency": 2,
    "overriddenMethods": [
      "Lorg/eclipse/jface/preference/BooleanFieldEditor.doFillIntoGrid(Lorg/eclipse/swt/widgets/Composite;I)V"
    ]
  },
  {
    "frequency": 1,
    "overriddenMethods": [
      "Lorg/eclipse/jface/preference/BooleanFieldEditor.doLoad()V",
      "Lorg/eclipse/jface/preference/BooleanFieldEditor.doLoadDefault()V",
      "Lorg/eclipse/jface/preference/BooleanFieldEditor.valueChanged(ZZ)V"
    ]
  },
  {
    "frequency": 2,
    "overriddenMethods": [
      "Lorg/eclipse/jface/preference/FieldEditor.getPreferenceStore()Lorg/eclipse/jface/preference/IPreferenceStore;"
    ]
  },
  {
    "frequency": 1,
    "overriddenMethods": [
      "Lorg/eclipse/jface/preference/BooleanFieldEditor.getNumberOfControls()I",
      "Lorg/eclipse/jface/preference/FieldEditor.fireStateChanged(Ljava/lang/String;ZZ)V",
      "Lorg/eclipse/jface/preference/FieldEditor.refreshValidState()V"
    ]
  },
  {
    "frequency": 1,
    "overriddenMethods": [
      "Lorg/eclipse/jface/preference/FieldEditor.fireValueChanged(Ljava/lang/String;Ljava/lang/Object;Ljava/lang/Object;)V"
    ]
  },
  {
    "frequency": 1,
    "overriddenMethods": [
      "Lorg/eclipse/jface/preference/BooleanFieldEditor.setEnabled(ZLorg/eclipse/swt/widgets/Composite;)V"
    ]
  },
  {
    "frequency": 1,
    "overriddenMethods": [
      "Lorg/eclipse/jface/preference/BooleanFieldEditor.doLoad()V"
    ]
  },
  {
    "frequency": 2,
    "overriddenMethods": [
      "Lorg/eclipse/jface/preference/BooleanFieldEditor.doLoad()V",
      "Lorg/eclipse/jface/preference/BooleanFieldEditor.doLoadDefault()V",
      "Lorg/eclipse/jface/preference/BooleanFieldEditor.doStore()V"
    ]
  },
  {
    "frequency": 1,
    "overriddenMethods": [
      "Lorg/eclipse/jface/preference/BooleanFieldEditor.adjustForNumColumns(I)V",
      "Lorg/eclipse/jface/preference/BooleanFieldEditor.doFillIntoGrid(Lorg/eclipse/swt/widgets/Composite;I)V",
      "Lorg/eclipse/jface/preference/BooleanFieldEditor.getDescriptionControl(Lorg/eclipse/swt/widgets/Composite;)Lorg/eclipse/swt/widgets/Control;",
      "Lorg/eclipse/jface/preference/BooleanFieldEditor.getNumberOfControls()I",
      "Lorg/eclipse/jface/preference/BooleanFieldEditor.setEnabled(ZLorg/eclipse/swt/widgets/Composite;)V"
    ]
  },
  {
    "frequency": 1,
    "overriddenMethods": [
      "Lorg/eclipse/jface/preference/FieldEditor.getLabelControl()Lorg/eclipse/swt/widgets/Label;",
      "Lorg/eclipse/jface/preference/FieldEditor.getLabelControl(Lorg/eclipse/swt/widgets/Composite;)Lorg/eclipse/swt/widgets/Label;"
    ]
  }
]