[
  {
    "frequency": 1,
    "overriddenMethods": []
  },
  {
    "frequency": 1,
    "overriddenMethods": [
      "Lorg/eclipse/jface/preference/ColorFieldEditor.adjustForNumColumns(I)V",
      "Lorg/eclipse/jface/preference/ColorFieldEditor.doFillIntoGrid(Lorg/eclipse/swt/widgets/Composite;I)V",
      "Lorg/eclipse/jface/preference/ColorFieldEditor.doLoad()V",
      "Lorg/eclipse/jface/preference/ColorFieldEditor.doLoadDefault()V",
      "Lorg/eclipse/jface/preference/ColorFieldEditor.doStore()V",
      "Lorg/eclipse/jface/preference/ColorFieldEditor.getNumberOfControls()I",
      "Lorg/eclipse/jface/preference/ColorFieldEditor.setEnabled(ZLorg/eclipse/swt/widgets/Composite;)V"
    ]
  },
  {
    "frequency": 1,
    "overriddenMethods": [
      "Lorg/eclipse/jface/preference/ColorFieldEditor.adjustForNumColumns(I)V",
      "Lorg/eclipse/jface/preference/ColorFieldEditor.doFillIntoGrid(Lorg/eclipse/swt/widgets/Composite;I)V"
    ]
  }
]