[
  {
    "frequency": 4,
    "overriddenMethods": []
  },
  {
    "frequency": 1,
    "overriddenMethods": [
      "Lorg/eclipse/jface/preference/ComboFieldEditor.adjustForNumColumns(I)V",
      "Lorg/eclipse/jface/preference/FieldEditor.setPresentsDefaultValue(Z)V"
    ]
  },
  {
    "frequency": 1,
    "overriddenMethods": [
      "Lorg/eclipse/jface/preference/ComboFieldEditor.doLoad()V",
      "Lorg/eclipse/jface/preference/ComboFieldEditor.doStore()V",
      "Lorg/eclipse/jface/preference/FieldEditor.fireValueChanged(Ljava/lang/String;Ljava/lang/Object;Ljava/lang/Object;)V"
    ]
  },
  {
    "frequency": 2,
    "overriddenMethods": [
      "Lorg/eclipse/jface/preference/ComboFieldEditor.doLoad()V",
      "Lorg/eclipse/jface/preference/ComboFieldEditor.doStore()V"
    ]
  },
  {
    "frequency": 1,
    "overriddenMethods": [
      "Lorg/eclipse/jface/preference/ComboFieldEditor.doLoad()V"
    ]
  }
]