[
  {
    "frequency": 2,
    "overriddenMethods": []
  },
  {
    "frequency": 1,
    "overriddenMethods": [
      "Lorg/eclipse/jface/preference/FieldEditor.getPreferenceStore()Lorg/eclipse/jface/preference/IPreferenceStore;",
      "Lorg/eclipse/jface/preference/StringFieldEditor.checkState()Z"
    ]
  },
  {
    "frequency": 1,
    "overriddenMethods": [
      "Lorg/eclipse/jface/preference/FieldEditor.createControl(Lorg/eclipse/swt/widgets/Composite;)V",
      "Lorg/eclipse/jface/preference/StringFieldEditor.isValid()Z"
    ]
  },
  {
    "frequency": 2,
    "overriddenMethods": [
      "Lorg/eclipse/jface/preference/DirectoryFieldEditor.doCheckState()Z",
      "Lorg/eclipse/jface/preference/StringFieldEditor.checkState()Z"
    ]
  },
  {
    "frequency": 1,
    "overriddenMethods": [
      "Lorg/eclipse/jface/preference/DirectoryFieldEditor.doCheckState()Z",
      "Lorg/eclipse/jface/preference/FieldEditor.dispose()V",
      "Lorg/eclipse/jface/preference/StringButtonFieldEditor.doFillIntoGrid(Lorg/eclipse/swt/widgets/Composite;I)V",
      "Lorg/eclipse/jface/preference/StringFieldEditor.doStore()V",
      "Lorg/eclipse/jface/preference/StringFieldEditor.getTextControl(Lorg/eclipse/swt/widgets/Composite;)Lorg/eclipse/swt/widgets/Text;"
    ]
  },
  {
    "frequency": 1,
    "overriddenMethods": [
      "Lorg/eclipse/jface/preference/DirectoryFieldEditor.doCheckState()Z",
      "Lorg/eclipse/jface/preference/StringButtonFieldEditor.getChangeControl(Lorg/eclipse/swt/widgets/Composite;)Lorg/eclipse/swt/widgets/Button;"
    ]
  },
  {
    "frequency": 2,
    "overriddenMethods": [
      "Lorg/eclipse/jface/preference/DirectoryFieldEditor.doCheckState()Z"
    ]
  },
  {
    "frequency": 1,
    "overriddenMethods": [
      "Lorg/eclipse/jface/preference/DirectoryFieldEditor.changePressed()Ljava/lang/String;"
    ]
  },
  {
    "frequency": 1,
    "overriddenMethods": [
      "Lorg/eclipse/jface/preference/DirectoryFieldEditor.doCheckState()Z",
      "Lorg/eclipse/jface/preference/StringFieldEditor.getTextControl(Lorg/eclipse/swt/widgets/Composite;)Lorg/eclipse/swt/widgets/Text;"
    ]
  },
  {
    "frequency": 2,
    "overriddenMethods": [
      "Lorg/eclipse/jface/preference/DirectoryFieldEditor.changePressed()Ljava/lang/String;",
      "Lorg/eclipse/jface/preference/DirectoryFieldEditor.doCheckState()Z"
    ]
  },
  {
    "frequency": 1,
    "overriddenMethods": [
      "Lorg/eclipse/jface/preference/DirectoryFieldEditor.doCheckState()Z",
      "Lorg/eclipse/jface/preference/StringFieldEditor.doLoad()V",
      "Lorg/eclipse/jface/preference/StringFieldEditor.doLoadDefault()V",
      "Lorg/eclipse/jface/preference/StringFieldEditor.doStore()V"
    ]
  },
  {
    "frequency": 1,
    "overriddenMethods": [
      "Lorg/eclipse/jface/preference/DirectoryFieldEditor.changePressed()Ljava/lang/String;",
      "Lorg/eclipse/jface/preference/DirectoryFieldEditor.doCheckState()Z",
      "Lorg/eclipse/jface/preference/StringButtonFieldEditor.setEnabled(ZLorg/eclipse/swt/widgets/Composite;)V"
    ]
  },
  {
    "frequency": 1,
    "overriddenMethods": [
      "Lorg/eclipse/jface/preference/DirectoryFieldEditor.doCheckState()Z",
      "Lorg/eclipse/jface/preference/FieldEditor.createControl(Lorg/eclipse/swt/widgets/Composite;)V",
      "Lorg/eclipse/jface/preference/StringButtonFieldEditor.adjustForNumColumns(I)V",
      "Lorg/eclipse/jface/preference/StringButtonFieldEditor.doFillIntoGrid(Lorg/eclipse/swt/widgets/Composite;I)V",
      "Lorg/eclipse/jface/preference/StringButtonFieldEditor.getNumberOfControls()I"
    ]
  }
]