[
  {
    "frequency": 2,
    "overriddenMethods": []
  },
  {
    "frequency": 1,
    "overriddenMethods": [
      "Lorg/eclipse/jface/preference/FieldEditorPreferencePage.createFieldEditors()V",
      "Lorg/eclipse/jface/preference/FieldEditorPreferencePage.performDefaults()V",
      "Lorg/eclipse/jface/preference/FieldEditorPreferencePage.setVisible(Z)V"
    ]
  },
  {
    "frequency": 1,
    "overriddenMethods": [
      "Lorg/eclipse/jface/preference/FieldEditorPreferencePage.createFieldEditors()V",
      "Lorg/eclipse/jface/preference/FieldEditorPreferencePage.dispose()V",
      "Lorg/eclipse/jface/preference/FieldEditorPreferencePage.initialize()V",
      "Lorg/eclipse/jface/preference/FieldEditorPreferencePage.performDefaults()V"
    ]
  },
  {
    "frequency": 12,
    "overriddenMethods": [
      "Lorg/eclipse/jface/preference/FieldEditorPreferencePage.createFieldEditors()V",
      "Lorg/eclipse/jface/preference/FieldEditorPreferencePage.dispose()V"
    ]
  },
  {
    "frequency": 1,
    "overriddenMethods": [
      "Lorg/eclipse/jface/preference/FieldEditorPreferencePage.createFieldEditors()V",
      "Lorg/eclipse/jface/preference/FieldEditorPreferencePage.dispose()V",
      "Lorg/eclipse/jface/preference/FieldEditorPreferencePage.performDefaults()V",
      "Lorg/eclipse/jface/preference/FieldEditorPreferencePage.performOk()Z",
      "Lorg/eclipse/jface/preference/PreferencePage.createControl(Lorg/eclipse/swt/widgets/Composite;)V"
    ]
  },
  {
    "frequency": 1,
    "overriddenMethods": [
      "Lorg/eclipse/jface/preference/FieldEditorPreferencePage.createFieldEditors()V",
      "Lorg/eclipse/jface/preference/FieldEditorPreferencePage.initialize()V",
      "Lorg/eclipse/jface/preference/FieldEditorPreferencePage.propertyChange(Lorg/eclipse/jface/util/PropertyChangeEvent;)V"
    ]
  },
  {
    "frequency": 1,
    "overriddenMethods": [
      "Lorg/eclipse/jface/preference/FieldEditorPreferencePage.createContents(Lorg/eclipse/swt/widgets/Composite;)Lorg/eclipse/swt/widgets/Control;",
      "Lorg/eclipse/jface/preference/FieldEditorPreferencePage.createFieldEditors()V",
      "Lorg/eclipse/jface/preference/FieldEditorPreferencePage.performOk()Z",
      "Lorg/eclipse/jface/preference/PreferencePage.applyData(Ljava/lang/Object;)V",
      "Lorg/eclipse/jface/preference/PreferencePage.doGetPreferenceStore()Lorg/eclipse/jface/preference/IPreferenceStore;"
    ]
  },
  {
    "frequency": 2,
    "overriddenMethods": [
      "Lorg/eclipse/jface/preference/FieldEditorPreferencePage.createFieldEditors()V",
      "Lorg/eclipse/jface/preference/FieldEditorPreferencePage.performDefaults()V",
      "Lorg/eclipse/jface/preference/FieldEditorPreferencePage.performOk()Z"
    ]
  },
  {
    "frequency": 1,
    "overriddenMethods": [
      "Lorg/eclipse/jface/preference/FieldEditorPreferencePage.createFieldEditors()V",
      "Lorg/eclipse/jface/preference/FieldEditorPreferencePage.performOk()Z",
      "Lorg/eclipse/jface/preference/PreferencePage.doGetPreferenceStore()Lorg/eclipse/jface/preference/IPreferenceStore;"
    ]
  },
  {
    "frequency": 1,
    "overriddenMethods": [
      "Lorg/eclipse/jface/preference/FieldEditorPreferencePage.createFieldEditors()V",
      "Lorg/eclipse/jface/preference/FieldEditorPreferencePage.dispose()V",
      "Lorg/eclipse/jface/preference/FieldEditorPreferencePage.performDefaults()V",
      "Lorg/eclipse/jface/preference/FieldEditorPreferencePage.performOk()Z",
      "Lorg/eclipse/jface/preference/FieldEditorPreferencePage.propertyChange(Lorg/eclipse/jface/util/PropertyChangeEvent;)V"
    ]
  },
  {
    "frequency": 1,
    "overriddenMethods": [
      "Lorg/eclipse/jface/preference/FieldEditorPreferencePage.createFieldEditors()V",
      "Lorg/eclipse/jface/preference/FieldEditorPreferencePage.initialize()V",
      "Lorg/eclipse/jface/preference/FieldEditorPreferencePage.performDefaults()V",
      "Lorg/eclipse/jface/preference/FieldEditorPreferencePage.performOk()Z",
      "Lorg/eclipse/jface/preference/FieldEditorPreferencePage.propertyChange(Lorg/eclipse/jface/util/PropertyChangeEvent;)V",
      "Lorg/eclipse/jface/preference/PreferencePage.createControl(Lorg/eclipse/swt/widgets/Composite;)V"
    ]
  },
  {
    "frequency": 1,
    "overriddenMethods": [
      "Lorg/eclipse/jface/preference/FieldEditorPreferencePage.createFieldEditors()V",
      "Lorg/eclipse/jface/preference/FieldEditorPreferencePage.setVisible(Z)V",
      "Lorg/eclipse/jface/preference/PreferencePage.isValid()Z"
    ]
  },
  {
    "frequency": 1,
    "overriddenMethods": [
      "Lorg/eclipse/jface/preference/FieldEditorPreferencePage.createContents(Lorg/eclipse/swt/widgets/Composite;)Lorg/eclipse/swt/widgets/Control;",
      "Lorg/eclipse/jface/preference/FieldEditorPreferencePage.createFieldEditors()V",
      "Lorg/eclipse/jface/preference/FieldEditorPreferencePage.getFieldEditorParent()Lorg/eclipse/swt/widgets/Composite;",
      "Lorg/eclipse/jface/preference/FieldEditorPreferencePage.performOk()Z"
    ]
  },
  {
    "frequency": 12,
    "overriddenMethods": [
      "Lorg/eclipse/jface/preference/FieldEditorPreferencePage.createFieldEditors()V",
      "Lorg/eclipse/jface/preference/FieldEditorPreferencePage.propertyChange(Lorg/eclipse/jface/util/PropertyChangeEvent;)V"
    ]
  },
  {
    "frequency": 1,
    "overriddenMethods": [
      "Lorg/eclipse/jface/preference/FieldEditorPreferencePage.createContents(Lorg/eclipse/swt/widgets/Composite;)Lorg/eclipse/swt/widgets/Control;",
      "Lorg/eclipse/jface/preference/FieldEditorPreferencePage.createFieldEditors()V",
      "Lorg/eclipse/jface/preference/PreferencePage.createDescriptionLabel(Lorg/eclipse/swt/widgets/Composite;)Lorg/eclipse/swt/widgets/Label;"
    ]
  },
  {
    "frequency": 1,
    "overriddenMethods": [
      "Lorg/eclipse/jface/preference/FieldEditorPreferencePage.createFieldEditors()V",
      "Lorg/eclipse/jface/preference/FieldEditorPreferencePage.dispose()V",
      "Lorg/eclipse/jface/preference/FieldEditorPreferencePage.propertyChange(Lorg/eclipse/jface/util/PropertyChangeEvent;)V"
    ]
  },
  {
    "frequency": 5,
    "overriddenMethods": [
      "Lorg/eclipse/jface/preference/FieldEditorPreferencePage.createFieldEditors()V",
      "Lorg/eclipse/jface/preference/FieldEditorPreferencePage.performOk()Z",
      "Lorg/eclipse/jface/preference/FieldEditorPreferencePage.propertyChange(Lorg/eclipse/jface/util/PropertyChangeEvent;)V"
    ]
  },
  {
    "frequency": 1,
    "overriddenMethods": [
      "Lorg/eclipse/jface/preference/FieldEditorPreferencePage.addField(Lorg/eclipse/jface/preference/FieldEditor;)V",
      "Lorg/eclipse/jface/preference/FieldEditorPreferencePage.createFieldEditors()V"
    ]
  },
  {
    "frequency": 1,
    "overriddenMethods": [
      "Lorg/eclipse/jface/preference/FieldEditorPreferencePage.checkState()V",
      "Lorg/eclipse/jface/preference/FieldEditorPreferencePage.createFieldEditors()V",
      "Lorg/eclipse/jface/preference/FieldEditorPreferencePage.propertyChange(Lorg/eclipse/jface/util/PropertyChangeEvent;)V",
      "Lorg/eclipse/jface/preference/PreferencePage.contributeButtons(Lorg/eclipse/swt/widgets/Composite;)V"
    ]
  },
  {
    "frequency": 1,
    "overriddenMethods": [
      "Lorg/eclipse/jface/preference/FieldEditorPreferencePage.addField(Lorg/eclipse/jface/preference/FieldEditor;)V",
      "Lorg/eclipse/jface/preference/FieldEditorPreferencePage.adjustGridLayout()V",
      "Lorg/eclipse/jface/preference/FieldEditorPreferencePage.createContents(Lorg/eclipse/swt/widgets/Composite;)Lorg/eclipse/swt/widgets/Control;",
      "Lorg/eclipse/jface/preference/FieldEditorPreferencePage.createFieldEditors()V",
      "Lorg/eclipse/jface/preference/FieldEditorPreferencePage.performDefaults()V",
      "Lorg/eclipse/jface/preference/FieldEditorPreferencePage.performOk()Z"
    ]
  },
  {
    "frequency": 1,
    "overriddenMethods": [
      "Lorg/eclipse/jface/preference/FieldEditorPreferencePage.createContents(Lorg/eclipse/swt/widgets/Composite;)Lorg/eclipse/swt/widgets/Control;",
      "Lorg/eclipse/jface/preference/FieldEditorPreferencePage.createFieldEditors()V",
      "Lorg/eclipse/jface/preference/FieldEditorPreferencePage.dispose()V",
      "Lorg/eclipse/jface/preference/FieldEditorPreferencePage.initialize()V",
      "Lorg/eclipse/jface/preference/FieldEditorPreferencePage.performDefaults()V",
      "Lorg/eclipse/jface/preference/FieldEditorPreferencePage.performOk()Z",
      "Lorg/eclipse/jface/preference/FieldEditorPreferencePage.propertyChange(Lorg/eclipse/jface/util/PropertyChangeEvent;)V",
      "Lorg/eclipse/jface/preference/PreferencePage.performCancel()Z"
    ]
  },
  {
    "frequency": 10,
    "overriddenMethods": [
      "Lorg/eclipse/jface/preference/FieldEditorPreferencePage.createFieldEditors()V",
      "Lorg/eclipse/jface/preference/FieldEditorPreferencePage.performDefaults()V"
    ]
  },
  {
    "frequency": 2,
    "overriddenMethods": [
      "Lorg/eclipse/jface/preference/FieldEditorPreferencePage.createFieldEditors()V",
      "Lorg/eclipse/jface/preference/FieldEditorPreferencePage.performDefaults()V",
      "Lorg/eclipse/jface/preference/FieldEditorPreferencePage.performOk()Z",
      "Lorg/eclipse/jface/preference/FieldEditorPreferencePage.propertyChange(Lorg/eclipse/jface/util/PropertyChangeEvent;)V"
    ]
  },
  {
    "frequency": 24,
    "overriddenMethods": [
      "Lorg/eclipse/jface/preference/FieldEditorPreferencePage.createContents(Lorg/eclipse/swt/widgets/Composite;)Lorg/eclipse/swt/widgets/Control;",
      "Lorg/eclipse/jface/preference/FieldEditorPreferencePage.createFieldEditors()V"
    ]
  },
  {
    "frequency": 4,
    "overriddenMethods": [
      "Lorg/eclipse/jface/preference/FieldEditorPreferencePage.createFieldEditors()V",
      "Lorg/eclipse/jface/preference/PreferencePage.performApply()V"
    ]
  },
  {
    "frequency": 1,
    "overriddenMethods": [
      "Lorg/eclipse/jface/preference/FieldEditorPreferencePage.checkState()V",
      "Lorg/eclipse/jface/preference/FieldEditorPreferencePage.createContents(Lorg/eclipse/swt/widgets/Composite;)Lorg/eclipse/swt/widgets/Control;",
      "Lorg/eclipse/jface/preference/FieldEditorPreferencePage.createFieldEditors()V",
      "Lorg/eclipse/jface/preference/FieldEditorPreferencePage.initialize()V",
      "Lorg/eclipse/jface/preference/FieldEditorPreferencePage.performOk()Z",
      "Lorg/eclipse/jface/preference/FieldEditorPreferencePage.propertyChange(Lorg/eclipse/jface/util/PropertyChangeEvent;)V"
    ]
  },
  {
    "frequency": 1,
    "overriddenMethods": [
      "Lorg/eclipse/jface/preference/FieldEditorPreferencePage.createFieldEditors()V",
      "Lorg/eclipse/jface/preference/FieldEditorPreferencePage.performDefaults()V",
      "Lorg/eclipse/jface/preference/PreferencePage.createControl(Lorg/eclipse/swt/widgets/Composite;)V"
    ]
  },
  {
    "frequency": 3,
    "overriddenMethods": [
      "Lorg/eclipse/jface/preference/FieldEditorPreferencePage.createFieldEditors()V",
      "Lorg/eclipse/jface/preference/FieldEditorPreferencePage.initialize()V"
    ]
  },
  {
    "frequency": 1,
    "overriddenMethods": [
      "Lorg/eclipse/jface/preference/FieldEditorPreferencePage.createContents(Lorg/eclipse/swt/widgets/Composite;)Lorg/eclipse/swt/widgets/Control;",
      "Lorg/eclipse/jface/preference/FieldEditorPreferencePage.createFieldEditors()V",
      "Lorg/eclipse/jface/preference/FieldEditorPreferencePage.performDefaults()V",
      "Lorg/eclipse/jface/preference/FieldEditorPreferencePage.performOk()Z"
    ]
  },
  {
    "frequency": 1,
    "overriddenMethods": [
      "Lorg/eclipse/jface/dialogs/DialogPage.setButtonLayoutData(Lorg/eclipse/swt/widgets/Button;)Lorg/eclipse/swt/layout/GridData;",
      "Lorg/eclipse/jface/preference/FieldEditorPreferencePage.createContents(Lorg/eclipse/swt/widgets/Composite;)Lorg/eclipse/swt/widgets/Control;",
      "Lorg/eclipse/jface/preference/FieldEditorPreferencePage.createFieldEditors()V",
      "Lorg/eclipse/jface/preference/FieldEditorPreferencePage.initialize()V",
      "Lorg/eclipse/jface/preference/FieldEditorPreferencePage.performDefaults()V",
      "Lorg/eclipse/jface/preference/FieldEditorPreferencePage.performOk()Z",
      "Lorg/eclipse/jface/preference/FieldEditorPreferencePage.propertyChange(Lorg/eclipse/jface/util/PropertyChangeEvent;)V",
      "Lorg/eclipse/jface/preference/PreferencePage.performApply()V",
      "Lorg/eclipse/jface/preference/PreferencePage.performCancel()Z"
    ]
  },
  {
    "frequency": 1,
    "overriddenMethods": [
      "Lorg/eclipse/jface/dialogs/DialogPage.getDescription()Ljava/lang/String;",
      "Lorg/eclipse/jface/preference/FieldEditorPreferencePage.createFieldEditors()V"
    ]
  },
  {
    "frequency": 1,
    "overriddenMethods": [
      "Lorg/eclipse/jface/preference/FieldEditorPreferencePage.createFieldEditors()V",
      "Lorg/eclipse/jface/preference/FieldEditorPreferencePage.initialize()V",
      "Lorg/eclipse/jface/preference/FieldEditorPreferencePage.performDefaults()V",
      "Lorg/eclipse/jface/preference/FieldEditorPreferencePage.performOk()Z"
    ]
  },
  {
    "frequency": 2,
    "overriddenMethods": [
      "Lorg/eclipse/jface/preference/FieldEditorPreferencePage.createFieldEditors()V",
      "Lorg/eclipse/jface/preference/FieldEditorPreferencePage.initialize()V",
      "Lorg/eclipse/jface/preference/FieldEditorPreferencePage.propertyChange(Lorg/eclipse/jface/util/PropertyChangeEvent;)V",
      "Lorg/eclipse/jface/preference/PreferencePage.createControl(Lorg/eclipse/swt/widgets/Composite;)V"
    ]
  },
  {
    "frequency": 11,
    "overriddenMethods": [
      "Lorg/eclipse/jface/preference/FieldEditorPreferencePage.createFieldEditors()V",
      "Lorg/eclipse/jface/preference/PreferencePage.doGetPreferenceStore()Lorg/eclipse/jface/preference/IPreferenceStore;"
    ]
  },
  {
    "frequency": 1,
    "overriddenMethods": [
      "Lorg/eclipse/jface/preference/FieldEditorPreferencePage.adjustGridLayout()V",
      "Lorg/eclipse/jface/preference/FieldEditorPreferencePage.createFieldEditors()V",
      "Lorg/eclipse/jface/preference/PreferencePage.createControl(Lorg/eclipse/swt/widgets/Composite;)V"
    ]
  },
  {
    "frequency": 1,
    "overriddenMethods": [
      "Lorg/eclipse/jface/preference/FieldEditorPreferencePage.createFieldEditors()V",
      "Lorg/eclipse/jface/preference/FieldEditorPreferencePage.performDefaults()V",
      "Lorg/eclipse/jface/preference/FieldEditorPreferencePage.propertyChange(Lorg/eclipse/jface/util/PropertyChangeEvent;)V",
      "Lorg/eclipse/jface/preference/FieldEditorPreferencePage.setVisible(Z)V",
      "Lorg/eclipse/jface/preference/PreferencePage.createControl(Lorg/eclipse/swt/widgets/Composite;)V"
    ]
  },
  {
    "frequency": 1,
    "overriddenMethods": [
      "Lorg/eclipse/jface/preference/FieldEditorPreferencePage.checkState()V",
      "Lorg/eclipse/jface/preference/FieldEditorPreferencePage.createFieldEditors()V",
      "Lorg/eclipse/jface/preference/FieldEditorPreferencePage.initialize()V",
      "Lorg/eclipse/jface/preference/FieldEditorPreferencePage.propertyChange(Lorg/eclipse/jface/util/PropertyChangeEvent;)V"
    ]
  },
  {
    "frequency": 1,
    "overriddenMethods": [
      "Lorg/eclipse/jface/preference/FieldEditorPreferencePage.createFieldEditors()V",
      "Lorg/eclipse/jface/preference/FieldEditorPreferencePage.performOk()Z",
      "Lorg/eclipse/jface/preference/PreferencePage.getPreferenceStore()Lorg/eclipse/jface/preference/IPreferenceStore;"
    ]
  },
  {
    "frequency": 1,
    "overriddenMethods": [
      "Lorg/eclipse/jface/preference/FieldEditorPreferencePage.createContents(Lorg/eclipse/swt/widgets/Composite;)Lorg/eclipse/swt/widgets/Control;",
      "Lorg/eclipse/jface/preference/FieldEditorPreferencePage.createFieldEditors()V",
      "Lorg/eclipse/jface/preference/FieldEditorPreferencePage.propertyChange(Lorg/eclipse/jface/util/PropertyChangeEvent;)V"
    ]
  },
  {
    "frequency": 1,
    "overriddenMethods": [
      "Lorg/eclipse/jface/preference/FieldEditorPreferencePage.checkState()V",
      "Lorg/eclipse/jface/preference/FieldEditorPreferencePage.createFieldEditors()V",
      "Lorg/eclipse/jface/preference/FieldEditorPreferencePage.performDefaults()V",
      "Lorg/eclipse/jface/preference/FieldEditorPreferencePage.performOk()Z",
      "Lorg/eclipse/jface/preference/FieldEditorPreferencePage.propertyChange(Lorg/eclipse/jface/util/PropertyChangeEvent;)V"
    ]
  },
  {
    "frequency": 1,
    "overriddenMethods": [
      "Lorg/eclipse/jface/preference/FieldEditorPreferencePage.createContents(Lorg/eclipse/swt/widgets/Composite;)Lorg/eclipse/swt/widgets/Control;",
      "Lorg/eclipse/jface/preference/FieldEditorPreferencePage.createFieldEditors()V",
      "Lorg/eclipse/jface/preference/PreferencePage.doGetPreferenceStore()Lorg/eclipse/jface/preference/IPreferenceStore;"
    ]
  },
  {
    "frequency": 6,
    "overriddenMethods": [
      "Lorg/eclipse/jface/preference/FieldEditorPreferencePage.createFieldEditors()V",
      "Lorg/eclipse/jface/preference/FieldEditorPreferencePage.performOk()Z",
      "Lorg/eclipse/jface/preference/PreferencePage.performApply()V"
    ]
  },
  {
    "frequency": 29,
    "overriddenMethods": [
      "Lorg/eclipse/jface/preference/FieldEditorPreferencePage.createFieldEditors()V",
      "Lorg/eclipse/jface/preference/PreferencePage.createControl(Lorg/eclipse/swt/widgets/Composite;)V"
    ]
  },
  {
    "frequency": 1,
    "overriddenMethods": [
      "Lorg/eclipse/jface/preference/FieldEditorPreferencePage.createFieldEditors()V",
      "Lorg/eclipse/jface/preference/FieldEditorPreferencePage.initialize()V",
      "Lorg/eclipse/jface/preference/FieldEditorPreferencePage.performOk()Z",
      "Lorg/eclipse/jface/preference/FieldEditorPreferencePage.propertyChange(Lorg/eclipse/jface/util/PropertyChangeEvent;)V",
      "Lorg/eclipse/jface/preference/PreferencePage.getPreferenceStore()Lorg/eclipse/jface/preference/IPreferenceStore;"
    ]
  },
  {
    "frequency": 1,
    "overriddenMethods": [
      "Lorg/eclipse/jface/preference/FieldEditorPreferencePage.createContents(Lorg/eclipse/swt/widgets/Composite;)Lorg/eclipse/swt/widgets/Control;",
      "Lorg/eclipse/jface/preference/FieldEditorPreferencePage.createFieldEditors()V",
      "Lorg/eclipse/jface/preference/FieldEditorPreferencePage.performDefaults()V",
      "Lorg/eclipse/jface/preference/FieldEditorPreferencePage.performOk()Z",
      "Lorg/eclipse/jface/preference/PreferencePage.doGetPreferenceStore()Lorg/eclipse/jface/preference/IPreferenceStore;"
    ]
  },
  {
    "frequency": 1,
    "overriddenMethods": [
      "Lorg/eclipse/jface/preference/FieldEditorPreferencePage.createFieldEditors()V",
      "Lorg/eclipse/jface/preference/FieldEditorPreferencePage.dispose()V",
      "Lorg/eclipse/jface/preference/FieldEditorPreferencePage.setVisible(Z)V"
    ]
  },
  {
    "frequency": 5,
    "overriddenMethods": [
      "Lorg/eclipse/jface/preference/FieldEditorPreferencePage.adjustGridLayout()V",
      "Lorg/eclipse/jface/preference/FieldEditorPreferencePage.createFieldEditors()V"
    ]
  },
  {
    "frequency": 1,
    "overriddenMethods": [
      "Lorg/eclipse/jface/preference/FieldEditorPreferencePage.createFieldEditors()V",
      "Lorg/eclipse/jface/preference/PreferencePage.isValid()Z"
    ]
  },
  {
    "frequency": 1,
    "overriddenMethods": [
      "Lorg/eclipse/jface/preference/FieldEditorPreferencePage.createFieldEditors()V",
      "Lorg/eclipse/jface/preference/FieldEditorPreferencePage.initialize()V",
      "Lorg/eclipse/jface/preference/FieldEditorPreferencePage.performOk()Z",
      "Lorg/eclipse/jface/preference/PreferencePage.doGetPreferenceStore()Lorg/eclipse/jface/preference/IPreferenceStore;"
    ]
  },
  {
    "frequency": 1,
    "overriddenMethods": [
      "Lorg/eclipse/jface/preference/FieldEditorPreferencePage.createFieldEditors()V",
      "Lorg/eclipse/jface/preference/FieldEditorPreferencePage.initialize()V",
      "Lorg/eclipse/jface/preference/FieldEditorPreferencePage.performOk()Z",
      "Lorg/eclipse/jface/preference/PreferencePage.getPreferenceStore()Lorg/eclipse/jface/preference/IPreferenceStore;"
    ]
  },
  {
    "frequency": 2,
    "overriddenMethods": [
      "Lorg/eclipse/jface/preference/FieldEditorPreferencePage.createFieldEditors()V",
      "Lorg/eclipse/jface/preference/FieldEditorPreferencePage.initialize()V",
      "Lorg/eclipse/jface/preference/FieldEditorPreferencePage.performDefaults()V",
      "Lorg/eclipse/jface/preference/FieldEditorPreferencePage.propertyChange(Lorg/eclipse/jface/util/PropertyChangeEvent;)V"
    ]
  },
  {
    "frequency": 1,
    "overriddenMethods": [
      "Lorg/eclipse/jface/preference/FieldEditorPreferencePage.createFieldEditors()V",
      "Lorg/eclipse/jface/preference/FieldEditorPreferencePage.initialize()V",
      "Lorg/eclipse/jface/preference/FieldEditorPreferencePage.performOk()Z",
      "Lorg/eclipse/jface/preference/FieldEditorPreferencePage.propertyChange(Lorg/eclipse/jface/util/PropertyChangeEvent;)V",
      "Lorg/eclipse/jface/preference/PreferencePage.createControl(Lorg/eclipse/swt/widgets/Composite;)V"
    ]
  },
  {
    "frequency": 2,
    "overriddenMethods": [
      "Lorg/eclipse/jface/preference/FieldEditorPreferencePage.createContents(Lorg/eclipse/swt/widgets/Composite;)Lorg/eclipse/swt/widgets/Control;",
      "Lorg/eclipse/jface/preference/FieldEditorPreferencePage.createFieldEditors()V",
      "Lorg/eclipse/jface/preference/FieldEditorPreferencePage.performDefaults()V",
      "Lorg/eclipse/jface/preference/FieldEditorPreferencePage.performOk()Z",
      "Lorg/eclipse/jface/preference/PreferencePage.createControl(Lorg/eclipse/swt/widgets/Composite;)V"
    ]
  },
  {
    "frequency": 1,
    "overriddenMethods": [
      "Lorg/eclipse/jface/preference/FieldEditorPreferencePage.adjustGridLayout()V",
      "Lorg/eclipse/jface/preference/FieldEditorPreferencePage.createFieldEditors()V",
      "Lorg/eclipse/jface/preference/FieldEditorPreferencePage.setVisible(Z)V"
    ]
  },
  {
    "frequency": 3,
    "overriddenMethods": [
      "Lorg/eclipse/jface/preference/FieldEditorPreferencePage.createFieldEditors()V",
      "Lorg/eclipse/jface/preference/FieldEditorPreferencePage.performOk()Z",
      "Lorg/eclipse/jface/preference/PreferencePage.getPreferenceStore()Lorg/eclipse/jface/preference/IPreferenceStore;",
      "Lorg/eclipse/jface/preference/PreferencePage.performCancel()Z"
    ]
  },
  {
    "frequency": 5,
    "overriddenMethods": [
      "Lorg/eclipse/jface/preference/FieldEditorPreferencePage.createFieldEditors()V",
      "Lorg/eclipse/jface/preference/FieldEditorPreferencePage.performDefaults()V",
      "Lorg/eclipse/jface/preference/FieldEditorPreferencePage.propertyChange(Lorg/eclipse/jface/util/PropertyChangeEvent;)V"
    ]
  },
  {
    "frequency": 1,
    "overriddenMethods": [
      "Lorg/eclipse/jface/preference/FieldEditorPreferencePage.createFieldEditors()V",
      "Lorg/eclipse/jface/preference/FieldEditorPreferencePage.initialize()V",
      "Lorg/eclipse/jface/preference/PreferencePage.okToLeave()Z"
    ]
  },
  {
    "frequency": 1,
    "overriddenMethods": [
      "Lorg/eclipse/jface/preference/FieldEditorPreferencePage.addField(Lorg/eclipse/jface/preference/FieldEditor;)V",
      "Lorg/eclipse/jface/preference/FieldEditorPreferencePage.createFieldEditors()V",
      "Lorg/eclipse/jface/preference/FieldEditorPreferencePage.performOk()Z",
      "Lorg/eclipse/jface/preference/PreferencePage.noDefaultAndApplyButton()V"
    ]
  },
  {
    "frequency": 2,
    "overriddenMethods": [
      "Lorg/eclipse/jface/preference/FieldEditorPreferencePage.createFieldEditors()V",
      "Lorg/eclipse/jface/preference/PreferencePage.createControl(Lorg/eclipse/swt/widgets/Composite;)V",
      "Lorg/eclipse/jface/preference/PreferencePage.doGetPreferenceStore()Lorg/eclipse/jface/preference/IPreferenceStore;"
    ]
  },
  {
    "frequency": 2,
    "overriddenMethods": [
      "Lorg/eclipse/jface/preference/FieldEditorPreferencePage.createContents(Lorg/eclipse/swt/widgets/Composite;)Lorg/eclipse/swt/widgets/Control;",
      "Lorg/eclipse/jface/preference/FieldEditorPreferencePage.createFieldEditors()V",
      "Lorg/eclipse/jface/preference/FieldEditorPreferencePage.performOk()Z"
    ]
  },
  {
    "frequency": 1,
    "overriddenMethods": [
      "Lorg/eclipse/jface/dialogs/DialogPage.getTitle()Ljava/lang/String;",
      "Lorg/eclipse/jface/preference/FieldEditorPreferencePage.createContents(Lorg/eclipse/swt/widgets/Composite;)Lorg/eclipse/swt/widgets/Control;",
      "Lorg/eclipse/jface/preference/FieldEditorPreferencePage.createFieldEditors()V",
      "Lorg/eclipse/jface/preference/FieldEditorPreferencePage.getFieldEditorParent()Lorg/eclipse/swt/widgets/Composite;",
      "Lorg/eclipse/jface/preference/FieldEditorPreferencePage.performOk()Z",
      "Lorg/eclipse/jface/preference/PreferencePage.getPreferenceStore()Lorg/eclipse/jface/preference/IPreferenceStore;"
    ]
  },
  {
    "frequency": 1,
    "overriddenMethods": [
      "Lorg/eclipse/jface/preference/FieldEditorPreferencePage.adjustGridLayout()V",
      "Lorg/eclipse/jface/preference/FieldEditorPreferencePage.createFieldEditors()V",
      "Lorg/eclipse/jface/preference/FieldEditorPreferencePage.initialize()V",
      "Lorg/eclipse/jface/preference/FieldEditorPreferencePage.performDefaults()V",
      "Lorg/eclipse/jface/preference/FieldEditorPreferencePage.performOk()Z",
      "Lorg/eclipse/jface/preference/FieldEditorPreferencePage.propertyChange(Lorg/eclipse/jface/util/PropertyChangeEvent;)V",
      "Lorg/eclipse/jface/preference/PreferencePage.createControl(Lorg/eclipse/swt/widgets/Composite;)V"
    ]
  },
  {
    "frequency": 1,
    "overriddenMethods": [
      "Lorg/eclipse/jface/preference/FieldEditorPreferencePage.addField(Lorg/eclipse/jface/preference/FieldEditor;)V",
      "Lorg/eclipse/jface/preference/FieldEditorPreferencePage.createFieldEditors()V",
      "Lorg/eclipse/jface/preference/FieldEditorPreferencePage.performDefaults()V",
      "Lorg/eclipse/jface/preference/FieldEditorPreferencePage.performOk()Z"
    ]
  },
  {
    "frequency": 1,
    "overriddenMethods": [
      "Lorg/eclipse/jface/preference/FieldEditorPreferencePage.createFieldEditors()V",
      "Lorg/eclipse/jface/preference/FieldEditorPreferencePage.performOk()Z",
      "Lorg/eclipse/jface/preference/FieldEditorPreferencePage.propertyChange(Lorg/eclipse/jface/util/PropertyChangeEvent;)V",
      "Lorg/eclipse/jface/preference/PreferencePage.createControl(Lorg/eclipse/swt/widgets/Composite;)V"
    ]
  },
  {
    "frequency": 30,
    "overriddenMethods": [
      "Lorg/eclipse/jface/preference/FieldEditorPreferencePage.createFieldEditors()V",
      "Lorg/eclipse/jface/preference/FieldEditorPreferencePage.performOk()Z"
    ]
  },
  {
    "frequency": 1,
    "overriddenMethods": [
      "Lorg/eclipse/jface/preference/FieldEditorPreferencePage.createContents(Lorg/eclipse/swt/widgets/Composite;)Lorg/eclipse/swt/widgets/Control;",
      "Lorg/eclipse/jface/preference/FieldEditorPreferencePage.createFieldEditors()V",
      "Lorg/eclipse/jface/preference/FieldEditorPreferencePage.performOk()Z",
      "Lorg/eclipse/jface/preference/PreferencePage.performApply()V"
    ]
  },
  {
    "frequency": 3,
    "overriddenMethods": [
      "Lorg/eclipse/jface/preference/FieldEditorPreferencePage.createFieldEditors()V",
      "Lorg/eclipse/jface/preference/FieldEditorPreferencePage.performOk()Z",
      "Lorg/eclipse/jface/preference/PreferencePage.createControl(Lorg/eclipse/swt/widgets/Composite;)V"
    ]
  },
  {
    "frequency": 1,
    "overriddenMethods": [
      "Lorg/eclipse/jface/preference/FieldEditorPreferencePage.createFieldEditors()V",
      "Lorg/eclipse/jface/preference/FieldEditorPreferencePage.performDefaults()V",
      "Lorg/eclipse/jface/preference/PreferencePage.createControl(Lorg/eclipse/swt/widgets/Composite;)V",
      "Lorg/eclipse/jface/preference/PreferencePage.doGetPreferenceStore()Lorg/eclipse/jface/preference/IPreferenceStore;"
    ]
  },
  {
    "frequency": 2,
    "overriddenMethods": [
      "Lorg/eclipse/jface/preference/FieldEditorPreferencePage.createFieldEditors()V",
      "Lorg/eclipse/jface/preference/FieldEditorPreferencePage.initialize()V",
      "Lorg/eclipse/jface/preference/FieldEditorPreferencePage.performOk()Z"
    ]
  },
  {
    "frequency": 2,
    "overriddenMethods": [
      "Lorg/eclipse/jface/preference/FieldEditorPreferencePage.createContents(Lorg/eclipse/swt/widgets/Composite;)Lorg/eclipse/swt/widgets/Control;",
      "Lorg/eclipse/jface/preference/FieldEditorPreferencePage.createFieldEditors()V",
      "Lorg/eclipse/jface/preference/PreferencePage.createControl(Lorg/eclipse/swt/widgets/Composite;)V"
    ]
  },
  {
    "frequency": 1,
    "overriddenMethods": [
      "Lorg/eclipse/jface/preference/FieldEditorPreferencePage.createContents(Lorg/eclipse/swt/widgets/Composite;)Lorg/eclipse/swt/widgets/Control;",
      "Lorg/eclipse/jface/preference/FieldEditorPreferencePage.createFieldEditors()V",
      "Lorg/eclipse/jface/preference/FieldEditorPreferencePage.getFieldEditorParent()Lorg/eclipse/swt/widgets/Composite;"
    ]
  },
  {
    "frequency": 1,
    "overriddenMethods": [
      "Lorg/eclipse/jface/preference/FieldEditorPreferencePage.checkState()V",
      "Lorg/eclipse/jface/preference/FieldEditorPreferencePage.createFieldEditors()V",
      "Lorg/eclipse/jface/preference/FieldEditorPreferencePage.propertyChange(Lorg/eclipse/jface/util/PropertyChangeEvent;)V"
    ]
  },
  {
    "frequency": 1,
    "overriddenMethods": [
      "Lorg/eclipse/jface/preference/FieldEditorPreferencePage.checkState()V",
      "Lorg/eclipse/jface/preference/FieldEditorPreferencePage.createFieldEditors()V",
      "Lorg/eclipse/jface/preference/FieldEditorPreferencePage.performOk()Z",
      "Lorg/eclipse/jface/preference/PreferencePage.performApply()V"
    ]
  },
  {
    "frequency": 322,
    "overriddenMethods": [
      "Lorg/eclipse/jface/preference/FieldEditorPreferencePage.createFieldEditors()V"
    ]
  },
  {
    "frequency": 2,
    "overriddenMethods": [
      "Lorg/eclipse/jface/preference/FieldEditorPreferencePage.createFieldEditors()V",
      "Lorg/eclipse/jface/preference/PreferencePage.contributeButtons(Lorg/eclipse/swt/widgets/Composite;)V"
    ]
  }
]