[
  {
    "frequency": 2,
    "overriddenMethods": [
      "Lorg/eclipse/jface/preference/FieldEditor.adjustForNumColumns(I)V",
      "Lorg/eclipse/jface/preference/FieldEditor.dispose()V",
      "Lorg/eclipse/jface/preference/FieldEditor.doFillIntoGrid(Lorg/eclipse/swt/widgets/Composite;I)V",
      "Lorg/eclipse/jface/preference/FieldEditor.doLoad()V",
      "Lorg/eclipse/jface/preference/FieldEditor.doLoadDefault()V",
      "Lorg/eclipse/jface/preference/FieldEditor.doStore()V",
      "Lorg/eclipse/jface/preference/FieldEditor.getNumberOfControls()I",
      "Lorg/eclipse/jface/preference/FieldEditor.setEnabled(ZLorg/eclipse/swt/widgets/Composite;)V",
      "Lorg/eclipse/jface/preference/FieldEditor.setFocus()V",
      "Lorg/eclipse/jface/preference/FieldEditor.setLabelText(Ljava/lang/String;)V",
      "Lorg/eclipse/jface/preference/FieldEditor.setPage(Lorg/eclipse/jface/dialogs/DialogPage;)V"
    ]
  },
  {
    "frequency": 1,
    "overriddenMethods": [
      "Lorg/eclipse/jface/preference/FieldEditor.adjustForNumColumns(I)V",
      "Lorg/eclipse/jface/preference/FieldEditor.applyFont()V",
      "Lorg/eclipse/jface/preference/FieldEditor.dispose()V",
      "Lorg/eclipse/jface/preference/FieldEditor.doFillIntoGrid(Lorg/eclipse/swt/widgets/Composite;I)V",
      "Lorg/eclipse/jface/preference/FieldEditor.doLoad()V",
      "Lorg/eclipse/jface/preference/FieldEditor.doLoadDefault()V",
      "Lorg/eclipse/jface/preference/FieldEditor.doStore()V",
      "Lorg/eclipse/jface/preference/FieldEditor.getNumberOfControls()I",
      "Lorg/eclipse/jface/preference/FieldEditor.setEnabled(ZLorg/eclipse/swt/widgets/Composite;)V"
    ]
  },
  {
    "frequency": 1,
    "overriddenMethods": [
      "Lorg/eclipse/jface/preference/FieldEditor.adjustForNumColumns(I)V",
      "Lorg/eclipse/jface/preference/FieldEditor.createControl(Lorg/eclipse/swt/widgets/Composite;)V",
      "Lorg/eclipse/jface/preference/FieldEditor.dispose()V",
      "Lorg/eclipse/jface/preference/FieldEditor.doFillIntoGrid(Lorg/eclipse/swt/widgets/Composite;I)V",
      "Lorg/eclipse/jface/preference/FieldEditor.doLoad()V",
      "Lorg/eclipse/jface/preference/FieldEditor.doLoadDefault()V",
      "Lorg/eclipse/jface/preference/FieldEditor.doStore()V",
      "Lorg/eclipse/jface/preference/FieldEditor.getNumberOfControls()I"
    ]
  },
  {
    "frequency": 6,
    "overriddenMethods": [
      "Lorg/eclipse/jface/preference/FieldEditor.adjustForNumColumns(I)V",
      "Lorg/eclipse/jface/preference/FieldEditor.doFillIntoGrid(Lorg/eclipse/swt/widgets/Composite;I)V",
      "Lorg/eclipse/jface/preference/FieldEditor.doLoad()V",
      "Lorg/eclipse/jface/preference/FieldEditor.doLoadDefault()V",
      "Lorg/eclipse/jface/preference/FieldEditor.doStore()V",
      "Lorg/eclipse/jface/preference/FieldEditor.getNumberOfControls()I",
      "Lorg/eclipse/jface/preference/FieldEditor.isValid()Z",
      "Lorg/eclipse/jface/preference/FieldEditor.refreshValidState()V",
      "Lorg/eclipse/jface/preference/FieldEditor.setEnabled(ZLorg/eclipse/swt/widgets/Composite;)V",
      "Lorg/eclipse/jface/preference/FieldEditor.setFocus()V"
    ]
  },
  {
    "frequency": 3,
    "overriddenMethods": [
      "Lorg/eclipse/jface/preference/FieldEditor.adjustForNumColumns(I)V",
      "Lorg/eclipse/jface/preference/FieldEditor.createControl(Lorg/eclipse/swt/widgets/Composite;)V",
      "Lorg/eclipse/jface/preference/FieldEditor.doFillIntoGrid(Lorg/eclipse/swt/widgets/Composite;I)V",
      "Lorg/eclipse/jface/preference/FieldEditor.doLoad()V",
      "Lorg/eclipse/jface/preference/FieldEditor.doLoadDefault()V",
      "Lorg/eclipse/jface/preference/FieldEditor.doStore()V",
      "Lorg/eclipse/jface/preference/FieldEditor.getNumberOfControls()I"
    ]
  },
  {
    "frequency": 1,
    "overriddenMethods": [
      "Lorg/eclipse/jface/preference/FieldEditor.adjustForNumColumns(I)V",
      "Lorg/eclipse/jface/preference/FieldEditor.dispose()V",
      "Lorg/eclipse/jface/preference/FieldEditor.doFillIntoGrid(Lorg/eclipse/swt/widgets/Composite;I)V",
      "Lorg/eclipse/jface/preference/FieldEditor.doLoad()V",
      "Lorg/eclipse/jface/preference/FieldEditor.doLoadDefault()V",
      "Lorg/eclipse/jface/preference/FieldEditor.doStore()V",
      "Lorg/eclipse/jface/preference/FieldEditor.getNumberOfControls()I",
      "Lorg/eclipse/jface/preference/FieldEditor.load()V"
    ]
  },
  {
    "frequency": 1,
    "overriddenMethods": [
      "Lorg/eclipse/jface/preference/FieldEditor.adjustForNumColumns(I)V",
      "Lorg/eclipse/jface/preference/FieldEditor.doFillIntoGrid(Lorg/eclipse/swt/widgets/Composite;I)V",
      "Lorg/eclipse/jface/preference/FieldEditor.doLoad()V",
      "Lorg/eclipse/jface/preference/FieldEditor.doLoadDefault()V",
      "Lorg/eclipse/jface/preference/FieldEditor.doStore()V",
      "Lorg/eclipse/jface/preference/FieldEditor.getNumberOfControls()I",
      "Lorg/eclipse/jface/preference/FieldEditor.isValid()Z",
      "Lorg/eclipse/jface/preference/FieldEditor.setEnabled(ZLorg/eclipse/swt/widgets/Composite;)V",
      "Lorg/eclipse/jface/preference/FieldEditor.setFocus()V"
    ]
  },
  {
    "frequency": 1,
    "overriddenMethods": [
      "Lorg/eclipse/jface/preference/FieldEditor.adjustForNumColumns(I)V",
      "Lorg/eclipse/jface/preference/FieldEditor.doFillIntoGrid(Lorg/eclipse/swt/widgets/Composite;I)V",
      "Lorg/eclipse/jface/preference/FieldEditor.doLoad()V",
      "Lorg/eclipse/jface/preference/FieldEditor.doLoadDefault()V",
      "Lorg/eclipse/jface/preference/FieldEditor.doStore()V",
      "Lorg/eclipse/jface/preference/FieldEditor.getNumberOfControls()I",
      "Lorg/eclipse/jface/preference/FieldEditor.isValid()Z"
    ]
  },
  {
    "frequency": 6,
    "overriddenMethods": [
      "Lorg/eclipse/jface/preference/FieldEditor.adjustForNumColumns(I)V",
      "Lorg/eclipse/jface/preference/FieldEditor.doFillIntoGrid(Lorg/eclipse/swt/widgets/Composite;I)V",
      "Lorg/eclipse/jface/preference/FieldEditor.doLoad()V",
      "Lorg/eclipse/jface/preference/FieldEditor.doLoadDefault()V",
      "Lorg/eclipse/jface/preference/FieldEditor.doStore()V",
      "Lorg/eclipse/jface/preference/FieldEditor.getNumberOfControls()I",
      "Lorg/eclipse/jface/preference/FieldEditor.isValid()Z",
      "Lorg/eclipse/jface/preference/FieldEditor.refreshValidState()V",
      "Lorg/eclipse/jface/preference/FieldEditor.setFocus()V"
    ]
  },
  {
    "frequency": 1,
    "overriddenMethods": [
      "Lorg/eclipse/jface/preference/FieldEditor.adjustForNumColumns(I)V",
      "Lorg/eclipse/jface/preference/FieldEditor.doFillIntoGrid(Lorg/eclipse/swt/widgets/Composite;I)V",
      "Lorg/eclipse/jface/preference/FieldEditor.doLoad()V",
      "Lorg/eclipse/jface/preference/FieldEditor.doLoadDefault()V",
      "Lorg/eclipse/jface/preference/FieldEditor.doStore()V",
      "Lorg/eclipse/jface/preference/FieldEditor.getNumberOfControls()I",
      "Lorg/eclipse/jface/preference/FieldEditor.load()V"
    ]
  },
  {
    "frequency": 2,
    "overriddenMethods": [
      "Lorg/eclipse/jface/preference/FieldEditor.adjustForNumColumns(I)V",
      "Lorg/eclipse/jface/preference/FieldEditor.doFillIntoGrid(Lorg/eclipse/swt/widgets/Composite;I)V",
      "Lorg/eclipse/jface/preference/FieldEditor.doLoad()V",
      "Lorg/eclipse/jface/preference/FieldEditor.doLoadDefault()V",
      "Lorg/eclipse/jface/preference/FieldEditor.doStore()V",
      "Lorg/eclipse/jface/preference/FieldEditor.getNumberOfControls()I",
      "Lorg/eclipse/jface/preference/FieldEditor.setFocus()V"
    ]
  },
  {
    "frequency": 2,
    "overriddenMethods": [
      "Lorg/eclipse/jface/preference/FieldEditor.adjustForNumColumns(I)V",
      "Lorg/eclipse/jface/preference/FieldEditor.doFillIntoGrid(Lorg/eclipse/swt/widgets/Composite;I)V",
      "Lorg/eclipse/jface/preference/FieldEditor.doLoad()V",
      "Lorg/eclipse/jface/preference/FieldEditor.doLoadDefault()V",
      "Lorg/eclipse/jface/preference/FieldEditor.doStore()V",
      "Lorg/eclipse/jface/preference/FieldEditor.getNumberOfControls()I",
      "Lorg/eclipse/jface/preference/FieldEditor.store()V"
    ]
  },
  {
    "frequency": 11,
    "overriddenMethods": [
      "Lorg/eclipse/jface/preference/FieldEditor.adjustForNumColumns(I)V",
      "Lorg/eclipse/jface/preference/FieldEditor.doFillIntoGrid(Lorg/eclipse/swt/widgets/Composite;I)V",
      "Lorg/eclipse/jface/preference/FieldEditor.doLoad()V",
      "Lorg/eclipse/jface/preference/FieldEditor.doLoadDefault()V",
      "Lorg/eclipse/jface/preference/FieldEditor.doStore()V",
      "Lorg/eclipse/jface/preference/FieldEditor.getNumberOfControls()I",
      "Lorg/eclipse/jface/preference/FieldEditor.setEnabled(ZLorg/eclipse/swt/widgets/Composite;)V"
    ]
  },
  {
    "frequency": 1,
    "overriddenMethods": [
      "Lorg/eclipse/jface/preference/FieldEditor.adjustForNumColumns(I)V",
      "Lorg/eclipse/jface/preference/FieldEditor.dispose()V",
      "Lorg/eclipse/jface/preference/FieldEditor.doFillIntoGrid(Lorg/eclipse/swt/widgets/Composite;I)V",
      "Lorg/eclipse/jface/preference/FieldEditor.doLoad()V",
      "Lorg/eclipse/jface/preference/FieldEditor.doLoadDefault()V",
      "Lorg/eclipse/jface/preference/FieldEditor.doStore()V",
      "Lorg/eclipse/jface/preference/FieldEditor.getNumberOfControls()I",
      "Lorg/eclipse/jface/preference/FieldEditor.isValid()Z",
      "Lorg/eclipse/jface/preference/FieldEditor.setEnabled(ZLorg/eclipse/swt/widgets/Composite;)V"
    ]
  },
  {
    "frequency": 1,
    "overriddenMethods": [
      "Lorg/eclipse/jface/preference/FieldEditor.adjustForNumColumns(I)V",
      "Lorg/eclipse/jface/preference/FieldEditor.doFillIntoGrid(Lorg/eclipse/swt/widgets/Composite;I)V",
      "Lorg/eclipse/jface/preference/FieldEditor.doLoad()V",
      "Lorg/eclipse/jface/preference/FieldEditor.doLoadDefault()V",
      "Lorg/eclipse/jface/preference/FieldEditor.doStore()V",
      "Lorg/eclipse/jface/preference/FieldEditor.getLabelControl(Lorg/eclipse/swt/widgets/Composite;)Lorg/eclipse/swt/widgets/Label;",
      "Lorg/eclipse/jface/preference/FieldEditor.getNumberOfControls()I",
      "Lorg/eclipse/jface/preference/FieldEditor.setEnabled(ZLorg/eclipse/swt/widgets/Composite;)V"
    ]
  },
  {
    "frequency": 2,
    "overriddenMethods": [
      "Lorg/eclipse/jface/preference/FieldEditor.adjustForNumColumns(I)V",
      "Lorg/eclipse/jface/preference/FieldEditor.doFillIntoGrid(Lorg/eclipse/swt/widgets/Composite;I)V",
      "Lorg/eclipse/jface/preference/FieldEditor.doLoad()V",
      "Lorg/eclipse/jface/preference/FieldEditor.doLoadDefault()V",
      "Lorg/eclipse/jface/preference/FieldEditor.doStore()V",
      "Lorg/eclipse/jface/preference/FieldEditor.getNumberOfControls()I",
      "Lorg/eclipse/jface/preference/FieldEditor.setEnabled(ZLorg/eclipse/swt/widgets/Composite;)V",
      "Lorg/eclipse/jface/preference/FieldEditor.setFocus()V"
    ]
  },
  {
    "frequency": 1,
    "overriddenMethods": [
      "Lorg/eclipse/jface/preference/FieldEditor.adjustForNumColumns(I)V",
      "Lorg/eclipse/jface/preference/FieldEditor.doFillIntoGrid(Lorg/eclipse/swt/widgets/Composite;I)V",
      "Lorg/eclipse/jface/preference/FieldEditor.doLoad()V",
      "Lorg/eclipse/jface/preference/FieldEditor.doLoadDefault()V",
      "Lorg/eclipse/jface/preference/FieldEditor.doStore()V",
      "Lorg/eclipse/jface/preference/FieldEditor.getLabelControl()Lorg/eclipse/swt/widgets/Label;",
      "Lorg/eclipse/jface/preference/FieldEditor.getLabelControl(Lorg/eclipse/swt/widgets/Composite;)Lorg/eclipse/swt/widgets/Label;",
      "Lorg/eclipse/jface/preference/FieldEditor.getNumberOfControls()I"
    ]
  },
  {
    "frequency": 1,
    "overriddenMethods": [
      "Lorg/eclipse/jface/preference/FieldEditor.adjustForNumColumns(I)V",
      "Lorg/eclipse/jface/preference/FieldEditor.doFillIntoGrid(Lorg/eclipse/swt/widgets/Composite;I)V",
      "Lorg/eclipse/jface/preference/FieldEditor.doLoad()V",
      "Lorg/eclipse/jface/preference/FieldEditor.doLoadDefault()V",
      "Lorg/eclipse/jface/preference/FieldEditor.doStore()V",
      "Lorg/eclipse/jface/preference/FieldEditor.getNumberOfControls()I",
      "Lorg/eclipse/jface/preference/FieldEditor.isValid()Z",
      "Lorg/eclipse/jface/preference/FieldEditor.refreshValidState()V",
      "Lorg/eclipse/jface/preference/FieldEditor.store()V"
    ]
  },
  {
    "frequency": 51,
    "overriddenMethods": [
      "Lorg/eclipse/jface/preference/FieldEditor.adjustForNumColumns(I)V",
      "Lorg/eclipse/jface/preference/FieldEditor.doFillIntoGrid(Lorg/eclipse/swt/widgets/Composite;I)V",
      "Lorg/eclipse/jface/preference/FieldEditor.doLoad()V",
      "Lorg/eclipse/jface/preference/FieldEditor.doLoadDefault()V",
      "Lorg/eclipse/jface/preference/FieldEditor.doStore()V",
      "Lorg/eclipse/jface/preference/FieldEditor.getNumberOfControls()I"
    ]
  },
  {
    "frequency": 2,
    "overriddenMethods": [
      "Lorg/eclipse/jface/preference/FieldEditor.adjustForNumColumns(I)V",
      "Lorg/eclipse/jface/preference/FieldEditor.doFillIntoGrid(Lorg/eclipse/swt/widgets/Composite;I)V",
      "Lorg/eclipse/jface/preference/FieldEditor.doLoad()V",
      "Lorg/eclipse/jface/preference/FieldEditor.doLoadDefault()V",
      "Lorg/eclipse/jface/preference/FieldEditor.doStore()V",
      "Lorg/eclipse/jface/preference/FieldEditor.getNumberOfControls()I",
      "Lorg/eclipse/jface/preference/FieldEditor.isValid()Z",
      "Lorg/eclipse/jface/preference/FieldEditor.refreshValidState()V"
    ]
  },
  {
    "frequency": 2,
    "overriddenMethods": [
      "Lorg/eclipse/jface/preference/FieldEditor.adjustForNumColumns(I)V",
      "Lorg/eclipse/jface/preference/FieldEditor.doFillIntoGrid(Lorg/eclipse/swt/widgets/Composite;I)V",
      "Lorg/eclipse/jface/preference/FieldEditor.doLoad()V",
      "Lorg/eclipse/jface/preference/FieldEditor.doLoadDefault()V",
      "Lorg/eclipse/jface/preference/FieldEditor.doStore()V",
      "Lorg/eclipse/jface/preference/FieldEditor.fireValueChanged(Ljava/lang/String;Ljava/lang/Object;Ljava/lang/Object;)V",
      "Lorg/eclipse/jface/preference/FieldEditor.getNumberOfControls()I",
      "Lorg/eclipse/jface/preference/FieldEditor.setPresentsDefaultValue(Z)V"
    ]
  },
  {
    "frequency": 2,
    "overriddenMethods": [
      "Lorg/eclipse/jface/preference/FieldEditor.adjustForNumColumns(I)V",
      "Lorg/eclipse/jface/preference/FieldEditor.applyFont()V",
      "Lorg/eclipse/jface/preference/FieldEditor.doFillIntoGrid(Lorg/eclipse/swt/widgets/Composite;I)V",
      "Lorg/eclipse/jface/preference/FieldEditor.doLoad()V",
      "Lorg/eclipse/jface/preference/FieldEditor.doLoadDefault()V",
      "Lorg/eclipse/jface/preference/FieldEditor.doStore()V",
      "Lorg/eclipse/jface/preference/FieldEditor.getNumberOfControls()I",
      "Lorg/eclipse/jface/preference/FieldEditor.setEnabled(ZLorg/eclipse/swt/widgets/Composite;)V"
    ]
  }
]