[
  {
    "frequency": 1,
    "overriddenMethods": []
  },
  {
    "frequency": 1,
    "overriddenMethods": [
      "Lorg/eclipse/jface/preference/StringButtonFieldEditor.doFillIntoGrid(Lorg/eclipse/swt/widgets/Composite;I)V",
      "Lorg/eclipse/jface/preference/StringButtonFieldEditor.getNumberOfControls()I"
    ]
  },
  {
    "frequency": 1,
    "overriddenMethods": [
      "Lorg/eclipse/jface/preference/FileFieldEditor.checkState()Z",
      "Lorg/eclipse/jface/preference/StringFieldEditor.isValid()Z",
      "Lorg/eclipse/jface/preference/StringFieldEditor.refreshValidState()V"
    ]
  },
  {
    "frequency": 6,
    "overriddenMethods": [
      "Lorg/eclipse/jface/preference/FileFieldEditor.checkState()Z"
    ]
  },
  {
    "frequency": 1,
    "overriddenMethods": [
      "Lorg/eclipse/jface/preference/FieldEditor.fireValueChanged(Ljava/lang/String;Ljava/lang/Object;Ljava/lang/Object;)V",
      "Lorg/eclipse/jface/preference/FileFieldEditor.checkState()Z"
    ]
  },
  {
    "frequency": 1,
    "overriddenMethods": [
      "Lorg/eclipse/jface/preference/FileFieldEditor.checkState()Z",
      "Lorg/eclipse/jface/preference/StringFieldEditor.getTextControl(Lorg/eclipse/swt/widgets/Composite;)Lorg/eclipse/swt/widgets/Text;"
    ]
  },
  {
    "frequency": 1,
    "overriddenMethods": [
      "Lorg/eclipse/jface/preference/FieldEditor.getPreferenceStore()Lorg/eclipse/jface/preference/IPreferenceStore;",
      "Lorg/eclipse/jface/preference/FileFieldEditor.checkState()Z"
    ]
  }
]