[
  {
    "frequency": 2,
    "overriddenMethods": [
      "Lorg/eclipse/jface/preference/FieldEditor.clearErrorMessage()V",
      "Lorg/eclipse/jface/preference/IntegerFieldEditor.checkState()Z",
      "Lorg/eclipse/jface/preference/IntegerFieldEditor.doStore()V"
    ]
  },
  {
    "frequency": 2,
    "overriddenMethods": [
      "Lorg/eclipse/jface/preference/FieldEditor.clearErrorMessage()V",
      "Lorg/eclipse/jface/preference/IntegerFieldEditor.checkState()Z",
      "Lorg/eclipse/jface/preference/IntegerFieldEditor.doStore()V",
      "Lorg/eclipse/jface/preference/StringFieldEditor.refreshValidState()V"
    ]
  },
  {
    "frequency": 4,
    "overriddenMethods": [
      "Lorg/eclipse/jface/preference/FieldEditor.clearErrorMessage()V",
      "Lorg/eclipse/jface/preference/StringFieldEditor.refreshValidState()V"
    ]
  },
  {
    "frequency": 1,
    "overriddenMethods": [
      "Lorg/eclipse/jface/preference/StringFieldEditor.adjustForNumColumns(I)V"
    ]
  },
  {
    "frequency": 2,
    "overriddenMethods": [
      "Lorg/eclipse/jface/preference/FieldEditor.clearErrorMessage()V",
      "Lorg/eclipse/jface/preference/FieldEditor.showErrorMessage(Ljava/lang/String;)V",
      "Lorg/eclipse/jface/preference/StringFieldEditor.getTextControl(Lorg/eclipse/swt/widgets/Composite;)Lorg/eclipse/swt/widgets/Text;"
    ]
  },
  {
    "frequency": 1,
    "overriddenMethods": [
      "Lorg/eclipse/jface/preference/FieldEditor.createControl(Lorg/eclipse/swt/widgets/Composite;)V"
    ]
  },
  {
    "frequency": 1,
    "overriddenMethods": [
      "Lorg/eclipse/jface/preference/FieldEditor.getLabelControl(Lorg/eclipse/swt/widgets/Composite;)Lorg/eclipse/swt/widgets/Label;",
      "Lorg/eclipse/jface/preference/IntegerFieldEditor.checkState()Z",
      "Lorg/eclipse/jface/preference/IntegerFieldEditor.doLoad()V",
      "Lorg/eclipse/jface/preference/IntegerFieldEditor.doStore()V",
      "Lorg/eclipse/jface/preference/IntegerFieldEditor.getIntValue()I",
      "Lorg/eclipse/jface/preference/StringFieldEditor.doFillIntoGrid(Lorg/eclipse/swt/widgets/Composite;I)V"
    ]
  },
  {
    "frequency": 1,
    "overriddenMethods": [
      "Lorg/eclipse/jface/preference/FieldEditor.load()V"
    ]
  },
  {
    "frequency": 5,
    "overriddenMethods": [
      "Lorg/eclipse/jface/preference/IntegerFieldEditor.checkState()Z"
    ]
  },
  {
    "frequency": 1,
    "overriddenMethods": [
      "Lorg/eclipse/jface/preference/FieldEditor.getPreferenceStore()Lorg/eclipse/jface/preference/IPreferenceStore;",
      "Lorg/eclipse/jface/preference/IntegerFieldEditor.checkState()Z"
    ]
  },
  {
    "frequency": 1,
    "overriddenMethods": [
      "Lorg/eclipse/jface/preference/StringFieldEditor.setEnabled(ZLorg/eclipse/swt/widgets/Composite;)V"
    ]
  },
  {
    "frequency": 1,
    "overriddenMethods": [
      "Lorg/eclipse/jface/preference/StringFieldEditor.doFillIntoGrid(Lorg/eclipse/swt/widgets/Composite;I)V",
      "Lorg/eclipse/jface/preference/StringFieldEditor.getNumberOfControls()I"
    ]
  },
  {
    "frequency": 1,
    "overriddenMethods": [
      "Lorg/eclipse/jface/preference/FieldEditor.clearErrorMessage()V",
      "Lorg/eclipse/jface/preference/FieldEditor.getLabelControl(Lorg/eclipse/swt/widgets/Composite;)Lorg/eclipse/swt/widgets/Label;",
      "Lorg/eclipse/jface/preference/FieldEditor.showErrorMessage(Ljava/lang/String;)V",
      "Lorg/eclipse/jface/preference/IntegerFieldEditor.checkState()Z",
      "Lorg/eclipse/jface/preference/IntegerFieldEditor.doLoad()V",
      "Lorg/eclipse/jface/preference/IntegerFieldEditor.doLoadDefault()V",
      "Lorg/eclipse/jface/preference/IntegerFieldEditor.doStore()V",
      "Lorg/eclipse/jface/preference/StringFieldEditor.doFillIntoGrid(Lorg/eclipse/swt/widgets/Composite;I)V",
      "Lorg/eclipse/jface/preference/StringFieldEditor.getTextControl(Lorg/eclipse/swt/widgets/Composite;)Lorg/eclipse/swt/widgets/Text;"
    ]
  },
  {
    "frequency": 1,
    "overriddenMethods": [
      "Lorg/eclipse/jface/preference/IntegerFieldEditor.doLoad()V",
      "Lorg/eclipse/jface/preference/IntegerFieldEditor.doLoadDefault()V",
      "Lorg/eclipse/jface/preference/IntegerFieldEditor.doStore()V"
    ]
  },
  {
    "frequency": 1,
    "overriddenMethods": [
      "Lorg/eclipse/jface/preference/IntegerFieldEditor.setValidRange(II)V",
      "Lorg/eclipse/jface/preference/StringFieldEditor.refreshValidState()V"
    ]
  },
  {
    "frequency": 1,
    "overriddenMethods": [
      "Lorg/eclipse/jface/preference/FieldEditor.load()V",
      "Lorg/eclipse/jface/preference/FieldEditor.loadDefault()V",
      "Lorg/eclipse/jface/preference/IntegerFieldEditor.doStore()V"
    ]
  }
]