[
  {
    "frequency": 20,
    "overriddenMethods": [
      "Lorg/eclipse/jface/preference/ListEditor.createList([Ljava/lang/String;)Ljava/lang/String;",
      "Lorg/eclipse/jface/preference/ListEditor.getNewInputObject()Ljava/lang/String;",
      "Lorg/eclipse/jface/preference/ListEditor.parseString(Ljava/lang/String;)[Ljava/lang/String;"
    ]
  },
  {
    "frequency": 3,
    "overriddenMethods": [
      "Lorg/eclipse/jface/preference/ListEditor.createList([Ljava/lang/String;)Ljava/lang/String;",
      "Lorg/eclipse/jface/preference/ListEditor.doFillIntoGrid(Lorg/eclipse/swt/widgets/Composite;I)V",
      "Lorg/eclipse/jface/preference/ListEditor.getNewInputObject()Ljava/lang/String;",
      "Lorg/eclipse/jface/preference/ListEditor.parseString(Ljava/lang/String;)[Ljava/lang/String;"
    ]
  },
  {
    "frequency": 1,
    "overriddenMethods": [
      "Lorg/eclipse/jface/preference/ListEditor.createList([Ljava/lang/String;)Ljava/lang/String;",
      "Lorg/eclipse/jface/preference/ListEditor.createSelectionListener()V",
      "Lorg/eclipse/jface/preference/ListEditor.getButtonBoxControl(Lorg/eclipse/swt/widgets/Composite;)Lorg/eclipse/swt/widgets/Composite;",
      "Lorg/eclipse/jface/preference/ListEditor.getNewInputObject()Ljava/lang/String;",
      "Lorg/eclipse/jface/preference/ListEditor.getShell()Lorg/eclipse/swt/widgets/Shell;",
      "Lorg/eclipse/jface/preference/ListEditor.parseString(Ljava/lang/String;)[Ljava/lang/String;",
      "Lorg/eclipse/jface/preference/ListEditor.selectionChanged()V",
      "Lorg/eclipse/jface/preference/ListEditor.setEnabled(ZLorg/eclipse/swt/widgets/Composite;)V"
    ]
  },
  {
    "frequency": 2,
    "overriddenMethods": [
      "Lorg/eclipse/jface/preference/ListEditor.createList([Ljava/lang/String;)Ljava/lang/String;",
      "Lorg/eclipse/jface/preference/ListEditor.getButtonBoxControl(Lorg/eclipse/swt/widgets/Composite;)Lorg/eclipse/swt/widgets/Composite;",
      "Lorg/eclipse/jface/preference/ListEditor.getNewInputObject()Ljava/lang/String;",
      "Lorg/eclipse/jface/preference/ListEditor.parseString(Ljava/lang/String;)[Ljava/lang/String;"
    ]
  },
  {
    "frequency": 1,
    "overriddenMethods": [
      "Lorg/eclipse/jface/preference/FieldEditor.getPreferenceStore()Lorg/eclipse/jface/preference/IPreferenceStore;",
      "Lorg/eclipse/jface/preference/ListEditor.createList([Ljava/lang/String;)Ljava/lang/String;",
      "Lorg/eclipse/jface/preference/ListEditor.doLoadDefault()V",
      "Lorg/eclipse/jface/preference/ListEditor.getNewInputObject()Ljava/lang/String;",
      "Lorg/eclipse/jface/preference/ListEditor.parseString(Ljava/lang/String;)[Ljava/lang/String;"
    ]
  },
  {
    "frequency": 1,
    "overriddenMethods": [
      "Lorg/eclipse/jface/preference/ListEditor.createList([Ljava/lang/String;)Ljava/lang/String;",
      "Lorg/eclipse/jface/preference/ListEditor.doLoad()V",
      "Lorg/eclipse/jface/preference/ListEditor.doLoadDefault()V",
      "Lorg/eclipse/jface/preference/ListEditor.doStore()V",
      "Lorg/eclipse/jface/preference/ListEditor.getButtonBoxControl(Lorg/eclipse/swt/widgets/Composite;)Lorg/eclipse/swt/widgets/Composite;",
      "Lorg/eclipse/jface/preference/ListEditor.getListControl(Lorg/eclipse/swt/widgets/Composite;)Lorg/eclipse/swt/widgets/List;",
      "Lorg/eclipse/jface/preference/ListEditor.getNewInputObject()Ljava/lang/String;",
      "Lorg/eclipse/jface/preference/ListEditor.parseString(Ljava/lang/String;)[Ljava/lang/String;"
    ]
  }
]