[
  {
    "frequency": 1,
    "overriddenMethods": [
      "Lorg/eclipse/jface/preference/FieldEditor.getPreferenceStore()Lorg/eclipse/jface/preference/IPreferenceStore;"
    ]
  },
  {
    "frequency": 1,
    "overriddenMethods": [
      "Lorg/eclipse/jface/preference/PathEditor.getNewInputObject()Ljava/lang/String;"
    ]
  },
  {
    "frequency": 1,
    "overriddenMethods": [
      "Lorg/eclipse/jface/preference/ListEditor.doLoad()V",
      "Lorg/eclipse/jface/preference/ListEditor.doLoadDefault()V",
      "Lorg/eclipse/jface/preference/PathEditor.getNewInputObject()Ljava/lang/String;"
    ]
  },
  {
    "frequency": 1,
    "overriddenMethods": [
      "Lorg/eclipse/jface/preference/ListEditor.doFillIntoGrid(Lorg/eclipse/swt/widgets/Composite;I)V",
      "Lorg/eclipse/jface/preference/PathEditor.createList([Ljava/lang/String;)Ljava/lang/String;",
      "Lorg/eclipse/jface/preference/PathEditor.getNewInputObject()Ljava/lang/String;",
      "Lorg/eclipse/jface/preference/PathEditor.parseString(Ljava/lang/String;)[Ljava/lang/String;"
    ]
  },
  {
    "frequency": 1,
    "overriddenMethods": [
      "Lorg/eclipse/jface/preference/PathEditor.createList([Ljava/lang/String;)Ljava/lang/String;",
      "Lorg/eclipse/jface/preference/PathEditor.getNewInputObject()Ljava/lang/String;",
      "Lorg/eclipse/jface/preference/PathEditor.parseString(Ljava/lang/String;)[Ljava/lang/String;"
    ]
  }
]