[
  {
    "frequency": 2,
    "overriddenMethods": [
      "Lorg/eclipse/jface/preference/PreferenceStore.needsSaving()Z"
    ]
  },
  {
    "frequency": 2,
    "overriddenMethods": [
      "Lorg/eclipse/jface/preference/PreferenceStore.contains(Ljava/lang/String;)Z",
      "Lorg/eclipse/jface/preference/PreferenceStore.getBoolean(Ljava/lang/String;)Z",
      "Lorg/eclipse/jface/preference/PreferenceStore.getDefaultBoolean(Ljava/lang/String;)Z",
      "Lorg/eclipse/jface/preference/PreferenceStore.getDefaultDouble(Ljava/lang/String;)D",
      "Lorg/eclipse/jface/preference/PreferenceStore.getDefaultFloat(Ljava/lang/String;)F",
      "Lorg/eclipse/jface/preference/PreferenceStore.getDefaultInt(Ljava/lang/String;)I",
      "Lorg/eclipse/jface/preference/PreferenceStore.getDefaultLong(Ljava/lang/String;)J",
      "Lorg/eclipse/jface/preference/PreferenceStore.getDefaultString(Ljava/lang/String;)Ljava/lang/String;",
      "Lorg/eclipse/jface/preference/PreferenceStore.getDouble(Ljava/lang/String;)D",
      "Lorg/eclipse/jface/preference/PreferenceStore.getFloat(Ljava/lang/String;)F",
      "Lorg/eclipse/jface/preference/PreferenceStore.getInt(Ljava/lang/String;)I",
      "Lorg/eclipse/jface/preference/PreferenceStore.getLong(Ljava/lang/String;)J",
      "Lorg/eclipse/jface/preference/PreferenceStore.getString(Ljava/lang/String;)Ljava/lang/String;",
      "Lorg/eclipse/jface/preference/PreferenceStore.isDefault(Ljava/lang/String;)Z",
      "Lorg/eclipse/jface/preference/PreferenceStore.save()V",
      "Lorg/eclipse/jface/preference/PreferenceStore.save(Ljava/io/OutputStream;Ljava/lang/String;)V",
      "Lorg/eclipse/jface/preference/PreferenceStore.setToDefault(Ljava/lang/String;)V"
    ]
  },
  {
    "frequency": 2,
    "overriddenMethods": [
      "Lorg/eclipse/jface/preference/PreferenceStore.save()V"
    ]
  }
]