[
  {
    "frequency": 12,
    "overriddenMethods": [
      "Lorg/eclipse/jface/dialogs/DialogPage.dispose()V",
      "Lorg/eclipse/jface/preference/PreferencePage.createContents(Lorg/eclipse/swt/widgets/Composite;)Lorg/eclipse/swt/widgets/Control;",
      "Lorg/eclipse/jface/preference/PreferencePage.createControl(Lorg/eclipse/swt/widgets/Composite;)V",
      "Lorg/eclipse/jface/preference/PreferencePage.performDefaults()V",
      "Lorg/eclipse/jface/preference/PreferencePage.performOk()Z"
    ]
  },
  {
    "frequency": 1,
    "overriddenMethods": [
      "Lorg/eclipse/jface/preference/PreferencePage.contributeButtons(Lorg/eclipse/swt/widgets/Composite;)V",
      "Lorg/eclipse/jface/preference/PreferencePage.createContents(Lorg/eclipse/swt/widgets/Composite;)Lorg/eclipse/swt/widgets/Control;",
      "Lorg/eclipse/jface/preference/PreferencePage.performOk()Z"
    ]
  },
  {
    "frequency": 1,
    "overriddenMethods": [
      "Lorg/eclipse/jface/dialogs/DialogPage.setVisible(Z)V",
      "Lorg/eclipse/jface/preference/PreferencePage.createContents(Lorg/eclipse/swt/widgets/Composite;)Lorg/eclipse/swt/widgets/Control;",
      "Lorg/eclipse/jface/preference/PreferencePage.performDefaults()V",
      "Lorg/eclipse/jface/preference/PreferencePage.performOk()Z",
      "Lorg/eclipse/jface/preference/PreferencePage.updateApplyButton()V"
    ]
  },
  {
    "frequency": 1,
    "overriddenMethods": [
      "Lorg/eclipse/jface/preference/PreferencePage.createContents(Lorg/eclipse/swt/widgets/Composite;)Lorg/eclipse/swt/widgets/Control;",
      "Lorg/eclipse/jface/preference/PreferencePage.createControl(Lorg/eclipse/swt/widgets/Composite;)V",
      "Lorg/eclipse/jface/preference/PreferencePage.performCancel()Z",
      "Lorg/eclipse/jface/preference/PreferencePage.performDefaults()V",
      "Lorg/eclipse/jface/preference/PreferencePage.performOk()Z",
      "Lorg/eclipse/jface/preference/PreferencePage.updateApplyButton()V"
    ]
  },
  {
    "frequency": 1,
    "overriddenMethods": [
      "Lorg/eclipse/jface/dialogs/DialogPage.dispose()V",
      "Lorg/eclipse/jface/preference/PreferencePage.createContents(Lorg/eclipse/swt/widgets/Composite;)Lorg/eclipse/swt/widgets/Control;",
      "Lorg/eclipse/jface/preference/PreferencePage.isValid()Z",
      "Lorg/eclipse/jface/preference/PreferencePage.performOk()Z"
    ]
  },
  {
    "frequency": 40,
    "overriddenMethods": [
      "Lorg/eclipse/jface/preference/PreferencePage.createContents(Lorg/eclipse/swt/widgets/Composite;)Lorg/eclipse/swt/widgets/Control;",
      "Lorg/eclipse/jface/preference/PreferencePage.doGetPreferenceStore()Lorg/eclipse/jface/preference/IPreferenceStore;",
      "Lorg/eclipse/jface/preference/PreferencePage.performDefaults()V",
      "Lorg/eclipse/jface/preference/PreferencePage.performOk()Z"
    ]
  },
  {
    "frequency": 2,
    "overriddenMethods": [
      "Lorg/eclipse/jface/preference/PreferencePage.createContents(Lorg/eclipse/swt/widgets/Composite;)Lorg/eclipse/swt/widgets/Control;",
      "Lorg/eclipse/jface/preference/PreferencePage.createControl(Lorg/eclipse/swt/widgets/Composite;)V"
    ]
  },
  {
    "frequency": 2,
    "overriddenMethods": [
      "Lorg/eclipse/jface/dialogs/DialogPage.dispose()V",
      "Lorg/eclipse/jface/preference/PreferencePage.createContents(Lorg/eclipse/swt/widgets/Composite;)Lorg/eclipse/swt/widgets/Control;",
      "Lorg/eclipse/jface/preference/PreferencePage.performCancel()Z",
      "Lorg/eclipse/jface/preference/PreferencePage.performDefaults()V",
      "Lorg/eclipse/jface/preference/PreferencePage.performOk()Z"
    ]
  },
  {
    "frequency": 1,
    "overriddenMethods": [
      "Lorg/eclipse/jface/dialogs/DialogPage.getTitle()Ljava/lang/String;",
      "Lorg/eclipse/jface/preference/PreferencePage.createContents(Lorg/eclipse/swt/widgets/Composite;)Lorg/eclipse/swt/widgets/Control;",
      "Lorg/eclipse/jface/preference/PreferencePage.doGetPreferenceStore()Lorg/eclipse/jface/preference/IPreferenceStore;",
      "Lorg/eclipse/jface/preference/PreferencePage.performDefaults()V",
      "Lorg/eclipse/jface/preference/PreferencePage.performOk()Z"
    ]
  },
  {
    "frequency": 1,
    "overriddenMethods": [
      "Lorg/eclipse/jface/preference/PreferencePage.applyData(Ljava/lang/Object;)V",
      "Lorg/eclipse/jface/preference/PreferencePage.doGetPreferenceStore()Lorg/eclipse/jface/preference/IPreferenceStore;"
    ]
  },
  {
    "frequency": 8,
    "overriddenMethods": [
      "Lorg/eclipse/jface/dialogs/DialogPage.dispose()V",
      "Lorg/eclipse/jface/preference/PreferencePage.createContents(Lorg/eclipse/swt/widgets/Composite;)Lorg/eclipse/swt/widgets/Control;",
      "Lorg/eclipse/jface/preference/PreferencePage.doGetPreferenceStore()Lorg/eclipse/jface/preference/IPreferenceStore;",
      "Lorg/eclipse/jface/preference/PreferencePage.performDefaults()V",
      "Lorg/eclipse/jface/preference/PreferencePage.performOk()Z"
    ]
  },
  {
    "frequency": 1,
    "overriddenMethods": [
      "Lorg/eclipse/jface/dialogs/DialogPage.dispose()V",
      "Lorg/eclipse/jface/dialogs/DialogPage.setVisible(Z)V",
      "Lorg/eclipse/jface/preference/PreferencePage.contributeButtons(Lorg/eclipse/swt/widgets/Composite;)V",
      "Lorg/eclipse/jface/preference/PreferencePage.createContents(Lorg/eclipse/swt/widgets/Composite;)Lorg/eclipse/swt/widgets/Control;",
      "Lorg/eclipse/jface/preference/PreferencePage.createControl(Lorg/eclipse/swt/widgets/Composite;)V",
      "Lorg/eclipse/jface/preference/PreferencePage.createDescriptionLabel(Lorg/eclipse/swt/widgets/Composite;)Lorg/eclipse/swt/widgets/Label;",
      "Lorg/eclipse/jface/preference/PreferencePage.performApply()V",
      "Lorg/eclipse/jface/preference/PreferencePage.performDefaults()V",
      "Lorg/eclipse/jface/preference/PreferencePage.performOk()Z"
    ]
  },
  {
    "frequency": 1,
    "overriddenMethods": [
      "Lorg/eclipse/jface/preference/PreferencePage.applyData(Ljava/lang/Object;)V",
      "Lorg/eclipse/jface/preference/PreferencePage.createContents(Lorg/eclipse/swt/widgets/Composite;)Lorg/eclipse/swt/widgets/Control;",
      "Lorg/eclipse/jface/preference/PreferencePage.performCancel()Z",
      "Lorg/eclipse/jface/preference/PreferencePage.performDefaults()V",
      "Lorg/eclipse/jface/preference/PreferencePage.performOk()Z"
    ]
  },
  {
    "frequency": 4,
    "overriddenMethods": [
      "Lorg/eclipse/jface/preference/PreferencePage.createContents(Lorg/eclipse/swt/widgets/Composite;)Lorg/eclipse/swt/widgets/Control;",
      "Lorg/eclipse/jface/preference/PreferencePage.performDefaults()V"
    ]
  },
  {
    "frequency": 1,
    "overriddenMethods": [
      "Lorg/eclipse/jface/dialogs/DialogPage.dispose()V",
      "Lorg/eclipse/jface/preference/PreferencePage.createContents(Lorg/eclipse/swt/widgets/Composite;)Lorg/eclipse/swt/widgets/Control;",
      "Lorg/eclipse/jface/preference/PreferencePage.createControl(Lorg/eclipse/swt/widgets/Composite;)V"
    ]
  },
  {
    "frequency": 1,
    "overriddenMethods": [
      "Lorg/eclipse/jface/preference/PreferencePage.applyData(Ljava/lang/Object;)V",
      "Lorg/eclipse/jface/preference/PreferencePage.createContents(Lorg/eclipse/swt/widgets/Composite;)Lorg/eclipse/swt/widgets/Control;",
      "Lorg/eclipse/jface/preference/PreferencePage.performDefaults()V",
      "Lorg/eclipse/jface/preference/PreferencePage.performOk()Z"
    ]
  },
  {
    "frequency": 1,
    "overriddenMethods": [
      "Lorg/eclipse/jface/dialogs/DialogPage.dispose()V",
      "Lorg/eclipse/jface/dialogs/DialogPage.setVisible(Z)V",
      "Lorg/eclipse/jface/preference/PreferencePage.createContents(Lorg/eclipse/swt/widgets/Composite;)Lorg/eclipse/swt/widgets/Control;",
      "Lorg/eclipse/jface/preference/PreferencePage.performOk()Z"
    ]
  },
  {
    "frequency": 41,
    "overriddenMethods": [
      "Lorg/eclipse/jface/preference/PreferencePage.createContents(Lorg/eclipse/swt/widgets/Composite;)Lorg/eclipse/swt/widgets/Control;",
      "Lorg/eclipse/jface/preference/PreferencePage.performOk()Z"
    ]
  },
  {
    "frequency": 11,
    "overriddenMethods": [
      "Lorg/eclipse/jface/dialogs/DialogPage.setVisible(Z)V",
      "Lorg/eclipse/jface/preference/PreferencePage.createContents(Lorg/eclipse/swt/widgets/Composite;)Lorg/eclipse/swt/widgets/Control;"
    ]
  },
  {
    "frequency": 1,
    "overriddenMethods": [
      "Lorg/eclipse/jface/preference/PreferencePage.createContents(Lorg/eclipse/swt/widgets/Composite;)Lorg/eclipse/swt/widgets/Control;",
      "Lorg/eclipse/jface/preference/PreferencePage.performApply()V"
    ]
  },
  {
    "frequency": 26,
    "overriddenMethods": [
      "Lorg/eclipse/jface/dialogs/DialogPage.dispose()V",
      "Lorg/eclipse/jface/preference/PreferencePage.createContents(Lorg/eclipse/swt/widgets/Composite;)Lorg/eclipse/swt/widgets/Control;",
      "Lorg/eclipse/jface/preference/PreferencePage.performDefaults()V",
      "Lorg/eclipse/jface/preference/PreferencePage.performOk()Z"
    ]
  },
  {
    "frequency": 2,
    "overriddenMethods": [
      "Lorg/eclipse/jface/preference/PreferencePage.createContents(Lorg/eclipse/swt/widgets/Composite;)Lorg/eclipse/swt/widgets/Control;",
      "Lorg/eclipse/jface/preference/PreferencePage.createControl(Lorg/eclipse/swt/widgets/Composite;)V",
      "Lorg/eclipse/jface/preference/PreferencePage.performOk()Z"
    ]
  },
  {
    "frequency": 104,
    "overriddenMethods": [
      "Lorg/eclipse/jface/preference/PreferencePage.createContents(Lorg/eclipse/swt/widgets/Composite;)Lorg/eclipse/swt/widgets/Control;",
      "Lorg/eclipse/jface/preference/PreferencePage.performApply()V",
      "Lorg/eclipse/jface/preference/PreferencePage.performDefaults()V",
      "Lorg/eclipse/jface/preference/PreferencePage.performOk()Z"
    ]
  },
  {
    "frequency": 1,
    "overriddenMethods": [
      "Lorg/eclipse/jface/preference/PreferencePage.contributeButtons(Lorg/eclipse/swt/widgets/Composite;)V",
      "Lorg/eclipse/jface/preference/PreferencePage.createContents(Lorg/eclipse/swt/widgets/Composite;)Lorg/eclipse/swt/widgets/Control;",
      "Lorg/eclipse/jface/preference/PreferencePage.createControl(Lorg/eclipse/swt/widgets/Composite;)V",
      "Lorg/eclipse/jface/preference/PreferencePage.performDefaults()V",
      "Lorg/eclipse/jface/preference/PreferencePage.performOk()Z"
    ]
  },
  {
    "frequency": 1,
    "overriddenMethods": [
      "Lorg/eclipse/jface/dialogs/DialogPage.getShell()Lorg/eclipse/swt/widgets/Shell;",
      "Lorg/eclipse/jface/preference/PreferencePage.createContents(Lorg/eclipse/swt/widgets/Composite;)Lorg/eclipse/swt/widgets/Control;",
      "Lorg/eclipse/jface/preference/PreferencePage.performDefaults()V",
      "Lorg/eclipse/jface/preference/PreferencePage.performOk()Z"
    ]
  },
  {
    "frequency": 1,
    "overriddenMethods": [
      "Lorg/eclipse/jface/preference/PreferencePage.createContents(Lorg/eclipse/swt/widgets/Composite;)Lorg/eclipse/swt/widgets/Control;",
      "Lorg/eclipse/jface/preference/PreferencePage.createControl(Lorg/eclipse/swt/widgets/Composite;)V",
      "Lorg/eclipse/jface/preference/PreferencePage.performCancel()Z",
      "Lorg/eclipse/jface/preference/PreferencePage.performOk()Z"
    ]
  },
  {
    "frequency": 1,
    "overriddenMethods": [
      "Lorg/eclipse/jface/preference/PreferencePage.applyData(Ljava/lang/Object;)V",
      "Lorg/eclipse/jface/preference/PreferencePage.createContents(Lorg/eclipse/swt/widgets/Composite;)Lorg/eclipse/swt/widgets/Control;",
      "Lorg/eclipse/jface/preference/PreferencePage.performOk()Z"
    ]
  },
  {
    "frequency": 4,
    "overriddenMethods": [
      "Lorg/eclipse/jface/dialogs/DialogPage.dispose()V",
      "Lorg/eclipse/jface/preference/PreferencePage.createContents(Lorg/eclipse/swt/widgets/Composite;)Lorg/eclipse/swt/widgets/Control;",
      "Lorg/eclipse/jface/preference/PreferencePage.performOk()Z"
    ]
  },
  {
    "frequency": 3,
    "overriddenMethods": [
      "Lorg/eclipse/jface/preference/PreferencePage.createContents(Lorg/eclipse/swt/widgets/Composite;)Lorg/eclipse/swt/widgets/Control;",
      "Lorg/eclipse/jface/preference/PreferencePage.createControl(Lorg/eclipse/swt/widgets/Composite;)V",
      "Lorg/eclipse/jface/preference/PreferencePage.performCancel()Z",
      "Lorg/eclipse/jface/preference/PreferencePage.performDefaults()V",
      "Lorg/eclipse/jface/preference/PreferencePage.performOk()Z"
    ]
  },
  {
    "frequency": 1,
    "overriddenMethods": [
      "Lorg/eclipse/jface/dialogs/DialogPage.dispose()V",
      "Lorg/eclipse/jface/preference/PreferencePage.applyData(Ljava/lang/Object;)V",
      "Lorg/eclipse/jface/preference/PreferencePage.createContents(Lorg/eclipse/swt/widgets/Composite;)Lorg/eclipse/swt/widgets/Control;",
      "Lorg/eclipse/jface/preference/PreferencePage.createControl(Lorg/eclipse/swt/widgets/Composite;)V",
      "Lorg/eclipse/jface/preference/PreferencePage.performApply()V",
      "Lorg/eclipse/jface/preference/PreferencePage.performCancel()Z",
      "Lorg/eclipse/jface/preference/PreferencePage.performDefaults()V",
      "Lorg/eclipse/jface/preference/PreferencePage.performOk()Z"
    ]
  },
  {
    "frequency": 1,
    "overriddenMethods": [
      "Lorg/eclipse/jface/preference/PreferencePage.createContents(Lorg/eclipse/swt/widgets/Composite;)Lorg/eclipse/swt/widgets/Control;",
      "Lorg/eclipse/jface/preference/PreferencePage.noDefaultAndApplyButton()V"
    ]
  },
  {
    "frequency": 3,
    "overriddenMethods": [
      "Lorg/eclipse/jface/preference/PreferencePage.createContents(Lorg/eclipse/swt/widgets/Composite;)Lorg/eclipse/swt/widgets/Control;",
      "Lorg/eclipse/jface/preference/PreferencePage.getPreferenceStore()Lorg/eclipse/jface/preference/IPreferenceStore;",
      "Lorg/eclipse/jface/preference/PreferencePage.performDefaults()V",
      "Lorg/eclipse/jface/preference/PreferencePage.performOk()Z"
    ]
  },
  {
    "frequency": 1,
    "overriddenMethods": [
      "Lorg/eclipse/jface/preference/PreferencePage.createContents(Lorg/eclipse/swt/widgets/Composite;)Lorg/eclipse/swt/widgets/Control;",
      "Lorg/eclipse/jface/preference/PreferencePage.doComputeSize()Lorg/eclipse/swt/graphics/Point;",
      "Lorg/eclipse/jface/preference/PreferencePage.performApply()V",
      "Lorg/eclipse/jface/preference/PreferencePage.performCancel()Z",
      "Lorg/eclipse/jface/preference/PreferencePage.performDefaults()V",
      "Lorg/eclipse/jface/preference/PreferencePage.performOk()Z"
    ]
  },
  {
    "frequency": 1,
    "overriddenMethods": [
      "Lorg/eclipse/jface/preference/PreferencePage.createContents(Lorg/eclipse/swt/widgets/Composite;)Lorg/eclipse/swt/widgets/Control;",
      "Lorg/eclipse/jface/preference/PreferencePage.doGetPreferenceStore()Lorg/eclipse/jface/preference/IPreferenceStore;",
      "Lorg/eclipse/jface/preference/PreferencePage.performOk()Z"
    ]
  },
  {
    "frequency": 1,
    "overriddenMethods": [
      "Lorg/eclipse/jface/dialogs/DialogPage.setControl(Lorg/eclipse/swt/widgets/Control;)V",
      "Lorg/eclipse/jface/preference/PreferencePage.createContents(Lorg/eclipse/swt/widgets/Composite;)Lorg/eclipse/swt/widgets/Control;"
    ]
  },
  {
    "frequency": 30,
    "overriddenMethods": [
      "Lorg/eclipse/jface/preference/PreferencePage.createContents(Lorg/eclipse/swt/widgets/Composite;)Lorg/eclipse/swt/widgets/Control;",
      "Lorg/eclipse/jface/preference/PreferencePage.createControl(Lorg/eclipse/swt/widgets/Composite;)V",
      "Lorg/eclipse/jface/preference/PreferencePage.performDefaults()V",
      "Lorg/eclipse/jface/preference/PreferencePage.performOk()Z"
    ]
  },
  {
    "frequency": 2,
    "overriddenMethods": [
      "Lorg/eclipse/jface/dialogs/DialogPage.setVisible(Z)V",
      "Lorg/eclipse/jface/preference/PreferencePage.applyData(Ljava/lang/Object;)V",
      "Lorg/eclipse/jface/preference/PreferencePage.createContents(Lorg/eclipse/swt/widgets/Composite;)Lorg/eclipse/swt/widgets/Control;",
      "Lorg/eclipse/jface/preference/PreferencePage.createControl(Lorg/eclipse/swt/widgets/Composite;)V",
      "Lorg/eclipse/jface/preference/PreferencePage.performDefaults()V",
      "Lorg/eclipse/jface/preference/PreferencePage.performOk()Z"
    ]
  },
  {
    "frequency": 1,
    "overriddenMethods": [
      "Lorg/eclipse/jface/dialogs/DialogPage.getTitle()Ljava/lang/String;",
      "Lorg/eclipse/jface/preference/PreferencePage.createContents(Lorg/eclipse/swt/widgets/Composite;)Lorg/eclipse/swt/widgets/Control;",
      "Lorg/eclipse/jface/preference/PreferencePage.performCancel()Z",
      "Lorg/eclipse/jface/preference/PreferencePage.performDefaults()V",
      "Lorg/eclipse/jface/preference/PreferencePage.performOk()Z"
    ]
  },
  {
    "frequency": 1,
    "overriddenMethods": [
      "Lorg/eclipse/jface/preference/PreferencePage.createContents(Lorg/eclipse/swt/widgets/Composite;)Lorg/eclipse/swt/widgets/Control;",
      "Lorg/eclipse/jface/preference/PreferencePage.createControl(Lorg/eclipse/swt/widgets/Composite;)V",
      "Lorg/eclipse/jface/preference/PreferencePage.performApply()V",
      "Lorg/eclipse/jface/preference/PreferencePage.performOk()Z"
    ]
  },
  {
    "frequency": 1,
    "overriddenMethods": [
      "Lorg/eclipse/jface/dialogs/DialogPage.setVisible(Z)V",
      "Lorg/eclipse/jface/preference/PreferencePage.createContents(Lorg/eclipse/swt/widgets/Composite;)Lorg/eclipse/swt/widgets/Control;",
      "Lorg/eclipse/jface/preference/PreferencePage.createControl(Lorg/eclipse/swt/widgets/Composite;)V",
      "Lorg/eclipse/jface/preference/PreferencePage.isValid()Z",
      "Lorg/eclipse/jface/preference/PreferencePage.performDefaults()V",
      "Lorg/eclipse/jface/preference/PreferencePage.performOk()Z",
      "Lorg/eclipse/jface/preference/PreferencePage.setContainer(Lorg/eclipse/jface/preference/IPreferencePageContainer;)V"
    ]
  },
  {
    "frequency": 1,
    "overriddenMethods": [
      "Lorg/eclipse/jface/preference/PreferencePage.createContents(Lorg/eclipse/swt/widgets/Composite;)Lorg/eclipse/swt/widgets/Control;",
      "Lorg/eclipse/jface/preference/PreferencePage.getPreferenceStore()Lorg/eclipse/jface/preference/IPreferenceStore;",
      "Lorg/eclipse/jface/preference/PreferencePage.performApply()V",
      "Lorg/eclipse/jface/preference/PreferencePage.performDefaults()V",
      "Lorg/eclipse/jface/preference/PreferencePage.performOk()Z"
    ]
  },
  {
    "frequency": 1,
    "overriddenMethods": [
      "Lorg/eclipse/jface/dialogs/DialogPage.dispose()V",
      "Lorg/eclipse/jface/preference/PreferencePage.createContents(Lorg/eclipse/swt/widgets/Composite;)Lorg/eclipse/swt/widgets/Control;",
      "Lorg/eclipse/jface/preference/PreferencePage.okToLeave()Z",
      "Lorg/eclipse/jface/preference/PreferencePage.performApply()V",
      "Lorg/eclipse/jface/preference/PreferencePage.performCancel()Z",
      "Lorg/eclipse/jface/preference/PreferencePage.performDefaults()V",
      "Lorg/eclipse/jface/preference/PreferencePage.performOk()Z"
    ]
  },
  {
    "frequency": 11,
    "overriddenMethods": [
      "Lorg/eclipse/jface/preference/PreferencePage.createContents(Lorg/eclipse/swt/widgets/Composite;)Lorg/eclipse/swt/widgets/Control;",
      "Lorg/eclipse/jface/preference/PreferencePage.performApply()V",
      "Lorg/eclipse/jface/preference/PreferencePage.performCancel()Z",
      "Lorg/eclipse/jface/preference/PreferencePage.performDefaults()V",
      "Lorg/eclipse/jface/preference/PreferencePage.performOk()Z"
    ]
  },
  {
    "frequency": 2,
    "overriddenMethods": [
      "Lorg/eclipse/jface/dialogs/DialogPage.setButtonLayoutData(Lorg/eclipse/swt/widgets/Button;)Lorg/eclipse/swt/layout/GridData;",
      "Lorg/eclipse/jface/preference/PreferencePage.createContents(Lorg/eclipse/swt/widgets/Composite;)Lorg/eclipse/swt/widgets/Control;",
      "Lorg/eclipse/jface/preference/PreferencePage.performDefaults()V",
      "Lorg/eclipse/jface/preference/PreferencePage.performOk()Z"
    ]
  },
  {
    "frequency": 1,
    "overriddenMethods": [
      "Lorg/eclipse/jface/dialogs/DialogPage.convertHeightInCharsToPixels(I)I",
      "Lorg/eclipse/jface/dialogs/DialogPage.convertWidthInCharsToPixels(I)I",
      "Lorg/eclipse/jface/dialogs/DialogPage.dispose()V",
      "Lorg/eclipse/jface/preference/PreferencePage.createContents(Lorg/eclipse/swt/widgets/Composite;)Lorg/eclipse/swt/widgets/Control;",
      "Lorg/eclipse/jface/preference/PreferencePage.performDefaults()V",
      "Lorg/eclipse/jface/preference/PreferencePage.performOk()Z"
    ]
  },
  {
    "frequency": 1,
    "overriddenMethods": [
      "Lorg/eclipse/jface/preference/PreferencePage.contributeButtons(Lorg/eclipse/swt/widgets/Composite;)V",
      "Lorg/eclipse/jface/preference/PreferencePage.createContents(Lorg/eclipse/swt/widgets/Composite;)Lorg/eclipse/swt/widgets/Control;",
      "Lorg/eclipse/jface/preference/PreferencePage.performDefaults()V",
      "Lorg/eclipse/jface/preference/PreferencePage.performOk()Z"
    ]
  },
  {
    "frequency": 1,
    "overriddenMethods": [
      "Lorg/eclipse/jface/dialogs/DialogPage.dispose()V",
      "Lorg/eclipse/jface/preference/PreferencePage.applyData(Ljava/lang/Object;)V",
      "Lorg/eclipse/jface/preference/PreferencePage.createContents(Lorg/eclipse/swt/widgets/Composite;)Lorg/eclipse/swt/widgets/Control;",
      "Lorg/eclipse/jface/preference/PreferencePage.performApply()V",
      "Lorg/eclipse/jface/preference/PreferencePage.performDefaults()V",
      "Lorg/eclipse/jface/preference/PreferencePage.performOk()Z"
    ]
  },
  {
    "frequency": 68,
    "overriddenMethods": [
      "Lorg/eclipse/jface/dialogs/DialogPage.dispose()V",
      "Lorg/eclipse/jface/preference/PreferencePage.createContents(Lorg/eclipse/swt/widgets/Composite;)Lorg/eclipse/swt/widgets/Control;",
      "Lorg/eclipse/jface/preference/PreferencePage.performApply()V",
      "Lorg/eclipse/jface/preference/PreferencePage.performCancel()Z",
      "Lorg/eclipse/jface/preference/PreferencePage.performDefaults()V",
      "Lorg/eclipse/jface/preference/PreferencePage.performOk()Z"
    ]
  },
  {
    "frequency": 2,
    "overriddenMethods": [
      "Lorg/eclipse/jface/preference/PreferencePage.contributeButtons(Lorg/eclipse/swt/widgets/Composite;)V",
      "Lorg/eclipse/jface/preference/PreferencePage.createContents(Lorg/eclipse/swt/widgets/Composite;)Lorg/eclipse/swt/widgets/Control;"
    ]
  },
  {
    "frequency": 1,
    "overriddenMethods": [
      "Lorg/eclipse/jface/dialogs/DialogPage.dispose()V",
      "Lorg/eclipse/jface/preference/PreferencePage.applyData(Ljava/lang/Object;)V",
      "Lorg/eclipse/jface/preference/PreferencePage.createContents(Lorg/eclipse/swt/widgets/Composite;)Lorg/eclipse/swt/widgets/Control;",
      "Lorg/eclipse/jface/preference/PreferencePage.performApply()V",
      "Lorg/eclipse/jface/preference/PreferencePage.performCancel()Z",
      "Lorg/eclipse/jface/preference/PreferencePage.performDefaults()V",
      "Lorg/eclipse/jface/preference/PreferencePage.performOk()Z"
    ]
  },
  {
    "frequency": 1,
    "overriddenMethods": [
      "Lorg/eclipse/jface/dialogs/DialogPage.getTitle()Ljava/lang/String;",
      "Lorg/eclipse/jface/preference/PreferencePage.createContents(Lorg/eclipse/swt/widgets/Composite;)Lorg/eclipse/swt/widgets/Control;",
      "Lorg/eclipse/jface/preference/PreferencePage.performApply()V",
      "Lorg/eclipse/jface/preference/PreferencePage.performDefaults()V",
      "Lorg/eclipse/jface/preference/PreferencePage.performOk()Z"
    ]
  },
  {
    "frequency": 2,
    "overriddenMethods": [
      "Lorg/eclipse/jface/dialogs/DialogPage.dispose()V",
      "Lorg/eclipse/jface/preference/PreferencePage.createContents(Lorg/eclipse/swt/widgets/Composite;)Lorg/eclipse/swt/widgets/Control;",
      "Lorg/eclipse/jface/preference/PreferencePage.createControl(Lorg/eclipse/swt/widgets/Composite;)V",
      "Lorg/eclipse/jface/preference/PreferencePage.createDescriptionLabel(Lorg/eclipse/swt/widgets/Composite;)Lorg/eclipse/swt/widgets/Label;",
      "Lorg/eclipse/jface/preference/PreferencePage.performDefaults()V",
      "Lorg/eclipse/jface/preference/PreferencePage.performOk()Z"
    ]
  },
  {
    "frequency": 2,
    "overriddenMethods": [
      "Lorg/eclipse/jface/dialogs/DialogPage.dispose()V",
      "Lorg/eclipse/jface/dialogs/DialogPage.setVisible(Z)V",
      "Lorg/eclipse/jface/preference/PreferencePage.createContents(Lorg/eclipse/swt/widgets/Composite;)Lorg/eclipse/swt/widgets/Control;",
      "Lorg/eclipse/jface/preference/PreferencePage.performDefaults()V",
      "Lorg/eclipse/jface/preference/PreferencePage.performOk()Z"
    ]
  },
  {
    "frequency": 5,
    "overriddenMethods": [
      "Lorg/eclipse/jface/preference/PreferencePage.createContents(Lorg/eclipse/swt/widgets/Composite;)Lorg/eclipse/swt/widgets/Control;",
      "Lorg/eclipse/jface/preference/PreferencePage.performApply()V",
      "Lorg/eclipse/jface/preference/PreferencePage.performOk()Z"
    ]
  },
  {
    "frequency": 3,
    "overriddenMethods": [
      "Lorg/eclipse/jface/dialogs/DialogPage.setVisible(Z)V",
      "Lorg/eclipse/jface/preference/PreferencePage.createContents(Lorg/eclipse/swt/widgets/Composite;)Lorg/eclipse/swt/widgets/Control;",
      "Lorg/eclipse/jface/preference/PreferencePage.performDefaults()V",
      "Lorg/eclipse/jface/preference/PreferencePage.performOk()Z"
    ]
  },
  {
    "frequency": 1,
    "overriddenMethods": [
      "Lorg/eclipse/jface/dialogs/DialogPage.setVisible(Z)V",
      "Lorg/eclipse/jface/preference/PreferencePage.createContents(Lorg/eclipse/swt/widgets/Composite;)Lorg/eclipse/swt/widgets/Control;",
      "Lorg/eclipse/jface/preference/PreferencePage.performApply()V",
      "Lorg/eclipse/jface/preference/PreferencePage.performCancel()Z",
      "Lorg/eclipse/jface/preference/PreferencePage.performDefaults()V",
      "Lorg/eclipse/jface/preference/PreferencePage.performOk()Z"
    ]
  },
  {
    "frequency": 8,
    "overriddenMethods": [
      "Lorg/eclipse/jface/preference/PreferencePage.createContents(Lorg/eclipse/swt/widgets/Composite;)Lorg/eclipse/swt/widgets/Control;",
      "Lorg/eclipse/jface/preference/PreferencePage.performCancel()Z",
      "Lorg/eclipse/jface/preference/PreferencePage.performOk()Z"
    ]
  },
  {
    "frequency": 4,
    "overriddenMethods": [
      "Lorg/eclipse/jface/preference/PreferencePage.createContents(Lorg/eclipse/swt/widgets/Composite;)Lorg/eclipse/swt/widgets/Control;",
      "Lorg/eclipse/jface/preference/PreferencePage.performCancel()Z",
      "Lorg/eclipse/jface/preference/PreferencePage.performDefaults()V",
      "Lorg/eclipse/jface/preference/PreferencePage.performOk()Z"
    ]
  },
  {
    "frequency": 2,
    "overriddenMethods": [
      "Lorg/eclipse/jface/preference/PreferencePage.applyData(Ljava/lang/Object;)V",
      "Lorg/eclipse/jface/preference/PreferencePage.createContents(Lorg/eclipse/swt/widgets/Composite;)Lorg/eclipse/swt/widgets/Control;",
      "Lorg/eclipse/jface/preference/PreferencePage.getPreferenceStore()Lorg/eclipse/jface/preference/IPreferenceStore;",
      "Lorg/eclipse/jface/preference/PreferencePage.performDefaults()V",
      "Lorg/eclipse/jface/preference/PreferencePage.performOk()Z"
    ]
  },
  {
    "frequency": 6,
    "overriddenMethods": [
      "Lorg/eclipse/jface/dialogs/DialogPage.dispose()V",
      "Lorg/eclipse/jface/preference/PreferencePage.createContents(Lorg/eclipse/swt/widgets/Composite;)Lorg/eclipse/swt/widgets/Control;",
      "Lorg/eclipse/jface/preference/PreferencePage.performApply()V",
      "Lorg/eclipse/jface/preference/PreferencePage.performDefaults()V",
      "Lorg/eclipse/jface/preference/PreferencePage.performOk()Z"
    ]
  },
  {
    "frequency": 2,
    "overriddenMethods": [
      "Lorg/eclipse/jface/dialogs/DialogPage.dispose()V",
      "Lorg/eclipse/jface/preference/PreferencePage.createContents(Lorg/eclipse/swt/widgets/Composite;)Lorg/eclipse/swt/widgets/Control;",
      "Lorg/eclipse/jface/preference/PreferencePage.doGetPreferenceStore()Lorg/eclipse/jface/preference/IPreferenceStore;",
      "Lorg/eclipse/jface/preference/PreferencePage.performOk()Z"
    ]
  },
  {
    "frequency": 1,
    "overriddenMethods": [
      "Lorg/eclipse/jface/dialogs/DialogPage.dispose()V",
      "Lorg/eclipse/jface/dialogs/DialogPage.setVisible(Z)V",
      "Lorg/eclipse/jface/preference/PreferencePage.createContents(Lorg/eclipse/swt/widgets/Composite;)Lorg/eclipse/swt/widgets/Control;",
      "Lorg/eclipse/jface/preference/PreferencePage.getDefaultsButton()Lorg/eclipse/swt/widgets/Button;",
      "Lorg/eclipse/jface/preference/PreferencePage.performDefaults()V",
      "Lorg/eclipse/jface/preference/PreferencePage.performOk()Z"
    ]
  },
  {
    "frequency": 2,
    "overriddenMethods": [
      "Lorg/eclipse/jface/preference/PreferencePage.createContents(Lorg/eclipse/swt/widgets/Composite;)Lorg/eclipse/swt/widgets/Control;",
      "Lorg/eclipse/jface/preference/PreferencePage.createControl(Lorg/eclipse/swt/widgets/Composite;)V",
      "Lorg/eclipse/jface/preference/PreferencePage.createNoteComposite(Lorg/eclipse/swt/graphics/Font;Lorg/eclipse/swt/widgets/Composite;Ljava/lang/String;Ljava/lang/String;)Lorg/eclipse/swt/widgets/Composite;",
      "Lorg/eclipse/jface/preference/PreferencePage.performDefaults()V",
      "Lorg/eclipse/jface/preference/PreferencePage.performOk()Z"
    ]
  },
  {
    "frequency": 2,
    "overriddenMethods": [
      "Lorg/eclipse/jface/preference/PreferencePage.createContents(Lorg/eclipse/swt/widgets/Composite;)Lorg/eclipse/swt/widgets/Control;",
      "Lorg/eclipse/jface/preference/PreferencePage.createControl(Lorg/eclipse/swt/widgets/Composite;)V",
      "Lorg/eclipse/jface/preference/PreferencePage.doGetPreferenceStore()Lorg/eclipse/jface/preference/IPreferenceStore;",
      "Lorg/eclipse/jface/preference/PreferencePage.performDefaults()V",
      "Lorg/eclipse/jface/preference/PreferencePage.performOk()Z"
    ]
  },
  {
    "frequency": 1,
    "overriddenMethods": [
      "Lorg/eclipse/jface/dialogs/DialogPage.dispose()V",
      "Lorg/eclipse/jface/dialogs/DialogPage.getTitle()Ljava/lang/String;",
      "Lorg/eclipse/jface/preference/PreferencePage.createContents(Lorg/eclipse/swt/widgets/Composite;)Lorg/eclipse/swt/widgets/Control;",
      "Lorg/eclipse/jface/preference/PreferencePage.isValid()Z",
      "Lorg/eclipse/jface/preference/PreferencePage.performCancel()Z",
      "Lorg/eclipse/jface/preference/PreferencePage.performDefaults()V",
      "Lorg/eclipse/jface/preference/PreferencePage.performHelp()V",
      "Lorg/eclipse/jface/preference/PreferencePage.performOk()Z"
    ]
  },
  {
    "frequency": 1,
    "overriddenMethods": [
      "Lorg/eclipse/jface/dialogs/DialogPage.dispose()V",
      "Lorg/eclipse/jface/preference/PreferencePage.createContents(Lorg/eclipse/swt/widgets/Composite;)Lorg/eclipse/swt/widgets/Control;",
      "Lorg/eclipse/jface/preference/PreferencePage.performCancel()Z",
      "Lorg/eclipse/jface/preference/PreferencePage.performDefaults()V",
      "Lorg/eclipse/jface/preference/PreferencePage.performHelp()V",
      "Lorg/eclipse/jface/preference/PreferencePage.performOk()Z"
    ]
  },
  {
    "frequency": 2,
    "overriddenMethods": [
      "Lorg/eclipse/jface/preference/PreferencePage.applyData(Ljava/lang/Object;)V",
      "Lorg/eclipse/jface/preference/PreferencePage.createContents(Lorg/eclipse/swt/widgets/Composite;)Lorg/eclipse/swt/widgets/Control;",
      "Lorg/eclipse/jface/preference/PreferencePage.createControl(Lorg/eclipse/swt/widgets/Composite;)V",
      "Lorg/eclipse/jface/preference/PreferencePage.performDefaults()V",
      "Lorg/eclipse/jface/preference/PreferencePage.performOk()Z"
    ]
  },
  {
    "frequency": 1,
    "overriddenMethods": [
      "Lorg/eclipse/jface/preference/PreferencePage.contributeButtons(Lorg/eclipse/swt/widgets/Composite;)V",
      "Lorg/eclipse/jface/preference/PreferencePage.createContents(Lorg/eclipse/swt/widgets/Composite;)Lorg/eclipse/swt/widgets/Control;",
      "Lorg/eclipse/jface/preference/PreferencePage.createDescriptionLabel(Lorg/eclipse/swt/widgets/Composite;)Lorg/eclipse/swt/widgets/Label;",
      "Lorg/eclipse/jface/preference/PreferencePage.performDefaults()V",
      "Lorg/eclipse/jface/preference/PreferencePage.performOk()Z"
    ]
  },
  {
    "frequency": 1,
    "overriddenMethods": [
      "Lorg/eclipse/jface/dialogs/DialogPage.convertHeightInCharsToPixels(I)I",
      "Lorg/eclipse/jface/dialogs/DialogPage.convertWidthInCharsToPixels(I)I",
      "Lorg/eclipse/jface/dialogs/DialogPage.dispose()V",
      "Lorg/eclipse/jface/dialogs/DialogPage.initializeDialogUnits(Lorg/eclipse/swt/widgets/Control;)V",
      "Lorg/eclipse/jface/preference/PreferencePage.createContents(Lorg/eclipse/swt/widgets/Composite;)Lorg/eclipse/swt/widgets/Control;",
      "Lorg/eclipse/jface/preference/PreferencePage.performDefaults()V",
      "Lorg/eclipse/jface/preference/PreferencePage.performOk()Z"
    ]
  },
  {
    "frequency": 5,
    "overriddenMethods": [
      "Lorg/eclipse/jface/dialogs/DialogPage.dispose()V",
      "Lorg/eclipse/jface/preference/PreferencePage.createContents(Lorg/eclipse/swt/widgets/Composite;)Lorg/eclipse/swt/widgets/Control;"
    ]
  },
  {
    "frequency": 2,
    "overriddenMethods": [
      "Lorg/eclipse/jface/dialogs/DialogPage.setVisible(Z)V",
      "Lorg/eclipse/jface/preference/PreferencePage.createContents(Lorg/eclipse/swt/widgets/Composite;)Lorg/eclipse/swt/widgets/Control;",
      "Lorg/eclipse/jface/preference/PreferencePage.performCancel()Z",
      "Lorg/eclipse/jface/preference/PreferencePage.performDefaults()V",
      "Lorg/eclipse/jface/preference/PreferencePage.performOk()Z"
    ]
  },
  {
    "frequency": 1,
    "overriddenMethods": [
      "Lorg/eclipse/jface/preference/PreferencePage.applyData(Ljava/lang/Object;)V",
      "Lorg/eclipse/jface/preference/PreferencePage.createContents(Lorg/eclipse/swt/widgets/Composite;)Lorg/eclipse/swt/widgets/Control;",
      "Lorg/eclipse/jface/preference/PreferencePage.isValid()Z",
      "Lorg/eclipse/jface/preference/PreferencePage.performOk()Z"
    ]
  },
  {
    "frequency": 1,
    "overriddenMethods": [
      "Lorg/eclipse/jface/preference/PreferencePage.createContents(Lorg/eclipse/swt/widgets/Composite;)Lorg/eclipse/swt/widgets/Control;",
      "Lorg/eclipse/jface/preference/PreferencePage.doGetPreferenceStore()Lorg/eclipse/jface/preference/IPreferenceStore;"
    ]
  },
  {
    "frequency": 1,
    "overriddenMethods": [
      "Lorg/eclipse/jface/preference/PreferencePage.applyData(Ljava/lang/Object;)V",
      "Lorg/eclipse/jface/preference/PreferencePage.contributeButtons(Lorg/eclipse/swt/widgets/Composite;)V",
      "Lorg/eclipse/jface/preference/PreferencePage.createContents(Lorg/eclipse/swt/widgets/Composite;)Lorg/eclipse/swt/widgets/Control;",
      "Lorg/eclipse/jface/preference/PreferencePage.createControl(Lorg/eclipse/swt/widgets/Composite;)V",
      "Lorg/eclipse/jface/preference/PreferencePage.createDescriptionLabel(Lorg/eclipse/swt/widgets/Composite;)Lorg/eclipse/swt/widgets/Label;",
      "Lorg/eclipse/jface/preference/PreferencePage.getPreferenceStore()Lorg/eclipse/jface/preference/IPreferenceStore;",
      "Lorg/eclipse/jface/preference/PreferencePage.performDefaults()V",
      "Lorg/eclipse/jface/preference/PreferencePage.performOk()Z"
    ]
  },
  {
    "frequency": 2,
    "overriddenMethods": [
      "Lorg/eclipse/jface/preference/PreferencePage.createContents(Lorg/eclipse/swt/widgets/Composite;)Lorg/eclipse/swt/widgets/Control;",
      "Lorg/eclipse/jface/preference/PreferencePage.getPreferenceStore()Lorg/eclipse/jface/preference/IPreferenceStore;",
      "Lorg/eclipse/jface/preference/PreferencePage.performCancel()Z",
      "Lorg/eclipse/jface/preference/PreferencePage.performDefaults()V",
      "Lorg/eclipse/jface/preference/PreferencePage.performOk()Z"
    ]
  },
  {
    "frequency": 2,
    "overriddenMethods": [
      "Lorg/eclipse/jface/dialogs/DialogPage.setVisible(Z)V",
      "Lorg/eclipse/jface/preference/PreferencePage.createContents(Lorg/eclipse/swt/widgets/Composite;)Lorg/eclipse/swt/widgets/Control;",
      "Lorg/eclipse/jface/preference/PreferencePage.createControl(Lorg/eclipse/swt/widgets/Composite;)V",
      "Lorg/eclipse/jface/preference/PreferencePage.performDefaults()V",
      "Lorg/eclipse/jface/preference/PreferencePage.performOk()Z"
    ]
  },
  {
    "frequency": 178,
    "overriddenMethods": [
      "Lorg/eclipse/jface/preference/PreferencePage.createContents(Lorg/eclipse/swt/widgets/Composite;)Lorg/eclipse/swt/widgets/Control;",
      "Lorg/eclipse/jface/preference/PreferencePage.performDefaults()V",
      "Lorg/eclipse/jface/preference/PreferencePage.performOk()Z"
    ]
  },
  {
    "frequency": 1,
    "overriddenMethods": [
      "Lorg/eclipse/jface/dialogs/DialogPage.dispose()V",
      "Lorg/eclipse/jface/preference/PreferencePage.createContents(Lorg/eclipse/swt/widgets/Composite;)Lorg/eclipse/swt/widgets/Control;",
      "Lorg/eclipse/jface/preference/PreferencePage.performCancel()Z",
      "Lorg/eclipse/jface/preference/PreferencePage.performOk()Z"
    ]
  },
  {
    "frequency": 5,
    "overriddenMethods": [
      "Lorg/eclipse/jface/preference/PreferencePage.createContents(Lorg/eclipse/swt/widgets/Composite;)Lorg/eclipse/swt/widgets/Control;",
      "Lorg/eclipse/jface/preference/PreferencePage.doGetPreferenceStore()Lorg/eclipse/jface/preference/IPreferenceStore;",
      "Lorg/eclipse/jface/preference/PreferencePage.performApply()V",
      "Lorg/eclipse/jface/preference/PreferencePage.performDefaults()V",
      "Lorg/eclipse/jface/preference/PreferencePage.performOk()Z"
    ]
  },
  {
    "frequency": 150,
    "overriddenMethods": [
      "Lorg/eclipse/jface/preference/PreferencePage.createContents(Lorg/eclipse/swt/widgets/Composite;)Lorg/eclipse/swt/widgets/Control;"
    ]
  },
  {
    "frequency": 1,
    "overriddenMethods": [
      "Lorg/eclipse/jface/dialogs/DialogPage.dispose()V",
      "Lorg/eclipse/jface/preference/PreferencePage.createContents(Lorg/eclipse/swt/widgets/Composite;)Lorg/eclipse/swt/widgets/Control;",
      "Lorg/eclipse/jface/preference/PreferencePage.createControl(Lorg/eclipse/swt/widgets/Composite;)V",
      "Lorg/eclipse/jface/preference/PreferencePage.performApply()V",
      "Lorg/eclipse/jface/preference/PreferencePage.performDefaults()V",
      "Lorg/eclipse/jface/preference/PreferencePage.performOk()Z"
    ]
  }
]