[
  {
    "frequency": 1,
    "overriddenMethods": [
      "Lorg/eclipse/jface/preference/PreferenceDialog.createDialogArea(Lorg/eclipse/swt/widgets/Composite;)Lorg/eclipse/swt/widgets/Control;",
      "Lorg/eclipse/jface/preference/PreferenceDialog.getSelectedNodePreference()Ljava/lang/String;",
      "Lorg/eclipse/jface/preference/PreferenceDialog.okPressed()V",
      "Lorg/eclipse/jface/preference/PreferenceDialog.showPage(Lorg/eclipse/jface/preference/IPreferenceNode;)Z"
    ]
  },
  {
    "frequency": 2,
    "overriddenMethods": []
  },
  {
    "frequency": 1,
    "overriddenMethods": [
      "Lorg/eclipse/jface/preference/PreferenceDialog.buttonPressed(I)V",
      "Lorg/eclipse/jface/preference/PreferenceDialog.createButtonsForButtonBar(Lorg/eclipse/swt/widgets/Composite;)V",
      "Lorg/eclipse/jface/preference/PreferenceDialog.createDialogArea(Lorg/eclipse/swt/widgets/Composite;)Lorg/eclipse/swt/widgets/Control;",
      "Lorg/eclipse/jface/preference/PreferenceDialog.updateButtons()V"
    ]
  },
  {
    "frequency": 1,
    "overriddenMethods": [
      "Lorg/eclipse/jface/preference/PreferenceDialog.configureShell(Lorg/eclipse/swt/widgets/Shell;)V",
      "Lorg/eclipse/jface/preference/PreferenceDialog.createDialogArea(Lorg/eclipse/swt/widgets/Composite;)Lorg/eclipse/swt/widgets/Control;",
      "Lorg/eclipse/jface/preference/PreferenceDialog.createTreeViewer(Lorg/eclipse/swt/widgets/Composite;)Lorg/eclipse/jface/viewers/TreeViewer;",
      "Lorg/eclipse/jface/preference/PreferenceDialog.okPressed()V",
      "Lorg/eclipse/jface/preference/PreferenceDialog.setErrorMessage(Ljava/lang/String;)V",
      "Lorg/eclipse/jface/window/Window.open()I"
    ]
  },
  {
    "frequency": 1,
    "overriddenMethods": [
      "Lorg/eclipse/jface/preference/PreferenceDialog.buttonPressed(I)V",
      "Lorg/eclipse/jface/preference/PreferenceDialog.createTreeAreaContents(Lorg/eclipse/swt/widgets/Composite;)Lorg/eclipse/swt/widgets/Control;",
      "Lorg/eclipse/jface/preference/PreferenceDialog.createTreeViewer(Lorg/eclipse/swt/widgets/Composite;)Lorg/eclipse/jface/viewers/TreeViewer;",
      "Lorg/eclipse/jface/preference/PreferenceDialog.okPressed()V"
    ]
  },
  {
    "frequency": 1,
    "overriddenMethods": [
      "Lorg/eclipse/jface/preference/PreferenceDialog.createDialogArea(Lorg/eclipse/swt/widgets/Composite;)Lorg/eclipse/swt/widgets/Control;",
      "Lorg/eclipse/jface/preference/PreferenceDialog.update()V"
    ]
  },
  {
    "frequency": 1,
    "overriddenMethods": [
      "Lorg/eclipse/jface/preference/PreferenceDialog.buttonPressed(I)V",
      "Lorg/eclipse/jface/preference/PreferenceDialog.cancelPressed()V",
      "Lorg/eclipse/jface/preference/PreferenceDialog.createButtonsForButtonBar(Lorg/eclipse/swt/widgets/Composite;)V",
      "Lorg/eclipse/jface/preference/PreferenceDialog.createContents(Lorg/eclipse/swt/widgets/Composite;)Lorg/eclipse/swt/widgets/Control;",
      "Lorg/eclipse/jface/preference/PreferenceDialog.okPressed()V",
      "Lorg/eclipse/jface/preference/PreferenceDialog.updateButtons()V"
    ]
  },
  {
    "frequency": 3,
    "overriddenMethods": [
      "Lorg/eclipse/jface/preference/PreferenceDialog.showPage(Lorg/eclipse/jface/preference/IPreferenceNode;)Z"
    ]
  },
  {
    "frequency": 1,
    "overriddenMethods": [
      "Lorg/eclipse/jface/preference/PreferenceDialog.getPage(Lorg/eclipse/jface/preference/IPreferenceNode;)Lorg/eclipse/jface/preference/IPreferencePage;",
      "Lorg/eclipse/jface/preference/PreferenceDialog.showPage(Lorg/eclipse/jface/preference/IPreferenceNode;)Z"
    ]
  }
]