[
  {
    "frequency": 1,
    "overriddenMethods": []
  },
  {
    "frequency": 1,
    "overriddenMethods": [
      "Lorg/eclipse/jface/preference/PreferenceNode.createPage()V",
      "Lorg/eclipse/jface/preference/PreferenceNode.getLabelText()Ljava/lang/String;"
    ]
  },
  {
    "frequency": 1,
    "overriddenMethods": [
      "Lorg/eclipse/jface/preference/PreferenceNode.findSubNode(Ljava/lang/String;)Lorg/eclipse/jface/preference/IPreferenceNode;",
      "Lorg/eclipse/jface/preference/PreferenceNode.getSubNodes()[Lorg/eclipse/jface/preference/IPreferenceNode;"
    ]
  },
  {
    "frequency": 1,
    "overriddenMethods": [
      "Lorg/eclipse/jface/preference/PreferenceNode.getLabelImage()Lorg/eclipse/swt/graphics/Image;"
    ]
  },
  {
    "frequency": 1,
    "overriddenMethods": [
      "Ljava/lang/Object.toString()Ljava/lang/String;",
      "Lorg/eclipse/jface/preference/PreferenceNode.createPage()V",
      "Lorg/eclipse/jface/preference/PreferenceNode.disposeResources()V",
      "Lorg/eclipse/jface/preference/PreferenceNode.getId()Ljava/lang/String;",
      "Lorg/eclipse/jface/preference/PreferenceNode.getLabelImage()Lorg/eclipse/swt/graphics/Image;",
      "Lorg/eclipse/jface/preference/PreferenceNode.getLabelText()Ljava/lang/String;"
    ]
  },
  {
    "frequency": 2,
    "overriddenMethods": [
      "Lorg/eclipse/jface/preference/PreferenceNode.createPage()V"
    ]
  }
]