[
  {
    "frequency": 4,
    "overriddenMethods": [
      "Lorg/eclipse/jface/preference/StringButtonFieldEditor.changePressed()Ljava/lang/String;",
      "Lorg/eclipse/jface/preference/StringFieldEditor.doCheckState()Z"
    ]
  },
  {
    "frequency": 1,
    "overriddenMethods": [
      "Lorg/eclipse/jface/preference/StringButtonFieldEditor.changePressed()Ljava/lang/String;",
      "Lorg/eclipse/jface/preference/StringFieldEditor.checkState()Z"
    ]
  },
  {
    "frequency": 8,
    "overriddenMethods": [
      "Lorg/eclipse/jface/preference/StringButtonFieldEditor.changePressed()Ljava/lang/String;"
    ]
  },
  {
    "frequency": 1,
    "overriddenMethods": [
      "Lorg/eclipse/jface/preference/StringButtonFieldEditor.changePressed()Ljava/lang/String;",
      "Lorg/eclipse/jface/preference/StringButtonFieldEditor.doFillIntoGrid(Lorg/eclipse/swt/widgets/Composite;I)V"
    ]
  }
]