[
  {
    "frequency": 1,
    "overriddenMethods": [
      "Lorg/eclipse/jface/preference/FieldEditor.getPreferenceStore()Lorg/eclipse/jface/preference/IPreferenceStore;",
      "Lorg/eclipse/jface/preference/StringFieldEditor.checkState()Z"
    ]
  },
  {
    "frequency": 1,
    "overriddenMethods": []
  },
  {
    "frequency": 1,
    "overriddenMethods": [
      "Lorg/eclipse/jface/preference/StringFieldEditor.doFillIntoGrid(Lorg/eclipse/swt/widgets/Composite;I)V",
      "Lorg/eclipse/jface/preference/StringFieldEditor.doLoad()V",
      "Lorg/eclipse/jface/preference/StringFieldEditor.doLoadDefault()V",
      "Lorg/eclipse/jface/preference/StringFieldEditor.doStore()V"
    ]
  },
  {
    "frequency": 1,
    "overriddenMethods": [
      "Lorg/eclipse/jface/preference/StringFieldEditor.adjustForNumColumns(I)V"
    ]
  },
  {
    "frequency": 1,
    "overriddenMethods": [
      "Lorg/eclipse/jface/preference/StringFieldEditor.adjustForNumColumns(I)V",
      "Lorg/eclipse/jface/preference/StringFieldEditor.doFillIntoGrid(Lorg/eclipse/swt/widgets/Composite;I)V",
      "Lorg/eclipse/jface/preference/StringFieldEditor.getTextControl()Lorg/eclipse/swt/widgets/Text;",
      "Lorg/eclipse/jface/preference/StringFieldEditor.getTextControl(Lorg/eclipse/swt/widgets/Composite;)Lorg/eclipse/swt/widgets/Text;"
    ]
  },
  {
    "frequency": 1,
    "overriddenMethods": [
      "Lorg/eclipse/jface/preference/StringFieldEditor.checkState()Z",
      "Lorg/eclipse/jface/preference/StringFieldEditor.doLoad()V",
      "Lorg/eclipse/jface/preference/StringFieldEditor.doLoadDefault()V",
      "Lorg/eclipse/jface/preference/StringFieldEditor.doStore()V"
    ]
  },
  {
    "frequency": 1,
    "overriddenMethods": [
      "Lorg/eclipse/jface/preference/FieldEditor.clearErrorMessage()V",
      "Lorg/eclipse/jface/preference/FieldEditor.showErrorMessage(Ljava/lang/String;)V",
      "Lorg/eclipse/jface/preference/StringFieldEditor.getTextControl(Lorg/eclipse/swt/widgets/Composite;)Lorg/eclipse/swt/widgets/Text;"
    ]
  },
  {
    "frequency": 1,
    "overriddenMethods": [
      "Lorg/eclipse/jface/preference/FieldEditor.createControl(Lorg/eclipse/swt/widgets/Composite;)V"
    ]
  },
  {
    "frequency": 1,
    "overriddenMethods": [
      "Lorg/eclipse/jface/preference/FieldEditor.clearErrorMessage()V",
      "Lorg/eclipse/jface/preference/StringFieldEditor.checkState()Z",
      "Lorg/eclipse/jface/preference/StringFieldEditor.doLoad()V",
      "Lorg/eclipse/jface/preference/StringFieldEditor.doStore()V",
      "Lorg/eclipse/jface/preference/StringFieldEditor.refreshValidState()V"
    ]
  },
  {
    "frequency": 1,
    "overriddenMethods": [
      "Lorg/eclipse/jface/preference/StringFieldEditor.doLoad()V",
      "Lorg/eclipse/jface/preference/StringFieldEditor.doStore()V",
      "Lorg/eclipse/jface/preference/StringFieldEditor.getStringValue()Ljava/lang/String;",
      "Lorg/eclipse/jface/preference/StringFieldEditor.getTextControl(Lorg/eclipse/swt/widgets/Composite;)Lorg/eclipse/swt/widgets/Text;"
    ]
  },
  {
    "frequency": 6,
    "overriddenMethods": [
      "Lorg/eclipse/jface/preference/StringFieldEditor.doCheckState()Z",
      "Lorg/eclipse/jface/preference/StringFieldEditor.getNumberOfControls()I",
      "Lorg/eclipse/jface/preference/StringFieldEditor.valueChanged()V"
    ]
  },
  {
    "frequency": 2,
    "overriddenMethods": [
      "Lorg/eclipse/jface/preference/FieldEditor.clearErrorMessage()V",
      "Lorg/eclipse/jface/preference/StringFieldEditor.checkState()Z",
      "Lorg/eclipse/jface/preference/StringFieldEditor.doLoad()V",
      "Lorg/eclipse/jface/preference/StringFieldEditor.doStore()V"
    ]
  },
  {
    "frequency": 1,
    "overriddenMethods": [
      "Lorg/eclipse/jface/preference/StringFieldEditor.doLoad()V",
      "Lorg/eclipse/jface/preference/StringFieldEditor.doLoadDefault()V",
      "Lorg/eclipse/jface/preference/StringFieldEditor.doStore()V",
      "Lorg/eclipse/jface/preference/StringFieldEditor.setEnabled(ZLorg/eclipse/swt/widgets/Composite;)V"
    ]
  },
  {
    "frequency": 2,
    "overriddenMethods": [
      "Lorg/eclipse/jface/preference/StringFieldEditor.doCheckState()Z",
      "Lorg/eclipse/jface/preference/StringFieldEditor.doLoad()V",
      "Lorg/eclipse/jface/preference/StringFieldEditor.doLoadDefault()V",
      "Lorg/eclipse/jface/preference/StringFieldEditor.doStore()V"
    ]
  },
  {
    "frequency": 1,
    "overriddenMethods": [
      "Lorg/eclipse/jface/preference/StringFieldEditor.getTextControl()Lorg/eclipse/swt/widgets/Text;",
      "Lorg/eclipse/jface/preference/StringFieldEditor.refreshValidState()V"
    ]
  },
  {
    "frequency": 1,
    "overriddenMethods": [
      "Lorg/eclipse/jface/preference/FieldEditor.clearErrorMessage()V",
      "Lorg/eclipse/jface/preference/StringFieldEditor.checkState()Z",
      "Lorg/eclipse/jface/preference/StringFieldEditor.doStore()V",
      "Lorg/eclipse/jface/preference/StringFieldEditor.refreshValidState()V"
    ]
  },
  {
    "frequency": 1,
    "overriddenMethods": [
      "Lorg/eclipse/jface/preference/StringFieldEditor.getNumberOfControls()I"
    ]
  },
  {
    "frequency": 1,
    "overriddenMethods": [
      "Lorg/eclipse/jface/preference/StringFieldEditor.doLoad()V",
      "Lorg/eclipse/jface/preference/StringFieldEditor.doLoadDefault()V",
      "Lorg/eclipse/jface/preference/StringFieldEditor.doStore()V",
      "Lorg/eclipse/jface/preference/StringFieldEditor.getStringValue()Ljava/lang/String;",
      "Lorg/eclipse/jface/preference/StringFieldEditor.getTextControl(Lorg/eclipse/swt/widgets/Composite;)Lorg/eclipse/swt/widgets/Text;",
      "Lorg/eclipse/jface/preference/StringFieldEditor.setTextLimit(I)V",
      "Lorg/eclipse/jface/preference/StringFieldEditor.setValidateStrategy(I)V",
      "Lorg/eclipse/jface/preference/StringFieldEditor.valueChanged()V"
    ]
  },
  {
    "frequency": 6,
    "overriddenMethods": [
      "Lorg/eclipse/jface/preference/StringFieldEditor.doCheckState()Z"
    ]
  },
  {
    "frequency": 2,
    "overriddenMethods": [
      "Lorg/eclipse/jface/preference/StringFieldEditor.doFillIntoGrid(Lorg/eclipse/swt/widgets/Composite;I)V"
    ]
  },
  {
    "frequency": 1,
    "overriddenMethods": [
      "Lorg/eclipse/jface/preference/StringFieldEditor.getTextControl()Lorg/eclipse/swt/widgets/Text;",
      "Lorg/eclipse/jface/preference/StringFieldEditor.valueChanged()V"
    ]
  }
]