[
  {
    "frequency": 1,
    "overriddenMethods": [
      "Lorg/eclipse/jface/window/ApplicationWindow.configureShell(Lorg/eclipse/swt/widgets/Shell;)V",
      "Lorg/eclipse/jface/window/ApplicationWindow.createMenuManager()Lorg/eclipse/jface/action/MenuManager;",
      "Lorg/eclipse/jface/window/Window.createContents(Lorg/eclipse/swt/widgets/Composite;)Lorg/eclipse/swt/widgets/Control;"
    ]
  },
  {
    "frequency": 1,
    "overriddenMethods": [
      "Lorg/eclipse/jface/window/ApplicationWindow.configureShell(Lorg/eclipse/swt/widgets/Shell;)V",
      "Lorg/eclipse/jface/window/Window.createContents(Lorg/eclipse/swt/widgets/Composite;)Lorg/eclipse/swt/widgets/Control;",
      "Lorg/eclipse/jface/window/Window.handleShellCloseEvent()V"
    ]
  },
  {
    "frequency": 1,
    "overriddenMethods": [
      "Lorg/eclipse/jface/window/ApplicationWindow.createTrimWidgets(Lorg/eclipse/swt/widgets/Shell;)V",
      "Lorg/eclipse/jface/window/Window.create()V"
    ]
  },
  {
    "frequency": 1,
    "overriddenMethods": [
      "Lorg/eclipse/jface/window/ApplicationWindow.configureShell(Lorg/eclipse/swt/widgets/Shell;)V",
      "Lorg/eclipse/jface/window/ApplicationWindow.showTopSeperator()Z",
      "Lorg/eclipse/jface/window/Window.createContents(Lorg/eclipse/swt/widgets/Composite;)Lorg/eclipse/swt/widgets/Control;",
      "Lorg/eclipse/jface/window/Window.getShellStyle()I"
    ]
  },
  {
    "frequency": 1,
    "overriddenMethods": [
      "Lorg/eclipse/jface/window/ApplicationWindow.close()Z",
      "Lorg/eclipse/jface/window/ApplicationWindow.createTrimWidgets(Lorg/eclipse/swt/widgets/Shell;)V",
      "Lorg/eclipse/jface/window/Window.create()V",
      "Lorg/eclipse/jface/window/Window.createContents(Lorg/eclipse/swt/widgets/Composite;)Lorg/eclipse/swt/widgets/Control;",
      "Lorg/eclipse/jface/window/Window.getShellStyle()I",
      "Lorg/eclipse/jface/window/Window.setShellStyle(I)V"
    ]
  },
  {
    "frequency": 1,
    "overriddenMethods": [
      "Lorg/eclipse/jface/window/ApplicationWindow.configureShell(Lorg/eclipse/swt/widgets/Shell;)V",
      "Lorg/eclipse/jface/window/Window.createContents(Lorg/eclipse/swt/widgets/Composite;)Lorg/eclipse/swt/widgets/Control;",
      "Lorg/eclipse/jface/window/Window.getInitialSize()Lorg/eclipse/swt/graphics/Point;"
    ]
  },
  {
    "frequency": 4,
    "overriddenMethods": [
      "Lorg/eclipse/jface/window/ApplicationWindow.configureShell(Lorg/eclipse/swt/widgets/Shell;)V",
      "Lorg/eclipse/jface/window/Window.createContents(Lorg/eclipse/swt/widgets/Composite;)Lorg/eclipse/swt/widgets/Control;"
    ]
  },
  {
    "frequency": 3,
    "overriddenMethods": [
      "Lorg/eclipse/jface/window/Window.createContents(Lorg/eclipse/swt/widgets/Composite;)Lorg/eclipse/swt/widgets/Control;",
      "Lorg/eclipse/jface/window/Window.getInitialSize()Lorg/eclipse/swt/graphics/Point;"
    ]
  },
  {
    "frequency": 1,
    "overriddenMethods": [
      "Lorg/eclipse/jface/window/Window.createContents(Lorg/eclipse/swt/widgets/Composite;)Lorg/eclipse/swt/widgets/Control;",
      "Lorg/eclipse/jface/window/Window.getInitialLocation(Lorg/eclipse/swt/graphics/Point;)Lorg/eclipse/swt/graphics/Point;",
      "Lorg/eclipse/jface/window/Window.getInitialSize()Lorg/eclipse/swt/graphics/Point;"
    ]
  },
  {
    "frequency": 5,
    "overriddenMethods": [
      "Lorg/eclipse/jface/window/Window.createContents(Lorg/eclipse/swt/widgets/Composite;)Lorg/eclipse/swt/widgets/Control;"
    ]
  },
  {
    "frequency": 1,
    "overriddenMethods": [
      "Lorg/eclipse/jface/window/ApplicationWindow.configureShell(Lorg/eclipse/swt/widgets/Shell;)V",
      "Lorg/eclipse/jface/window/ApplicationWindow.createCoolBarManager(I)Lorg/eclipse/jface/action/CoolBarManager;",
      "Lorg/eclipse/jface/window/ApplicationWindow.createMenuManager()Lorg/eclipse/jface/action/MenuManager;",
      "Lorg/eclipse/jface/window/ApplicationWindow.createStatusLineManager()Lorg/eclipse/jface/action/StatusLineManager;",
      "Lorg/eclipse/jface/window/Window.createContents(Lorg/eclipse/swt/widgets/Composite;)Lorg/eclipse/swt/widgets/Control;",
      "Lorg/eclipse/jface/window/Window.getInitialSize()Lorg/eclipse/swt/graphics/Point;"
    ]
  },
  {
    "frequency": 1,
    "overriddenMethods": [
      "Lorg/eclipse/jface/window/ApplicationWindow.close()Z",
      "Lorg/eclipse/jface/window/Window.create()V",
      "Lorg/eclipse/jface/window/Window.createContents(Lorg/eclipse/swt/widgets/Composite;)Lorg/eclipse/swt/widgets/Control;"
    ]
  },
  {
    "frequency": 1,
    "overriddenMethods": [
      "Lorg/eclipse/jface/window/ApplicationWindow.configureShell(Lorg/eclipse/swt/widgets/Shell;)V",
      "Lorg/eclipse/jface/window/ApplicationWindow.createToolBarManager(I)Lorg/eclipse/jface/action/ToolBarManager;",
      "Lorg/eclipse/jface/window/Window.createContents(Lorg/eclipse/swt/widgets/Composite;)Lorg/eclipse/swt/widgets/Control;"
    ]
  }
]