[
  {
    "frequency": 1,
    "overriddenMethods": [
      "Lorg/eclipse/jface/window/DefaultToolTip.getText(Lorg/eclipse/swt/widgets/Event;)Ljava/lang/String;"
    ]
  },
  {
    "frequency": 3,
    "overriddenMethods": [
      "Lorg/eclipse/jface/window/DefaultToolTip.getText(Lorg/eclipse/swt/widgets/Event;)Ljava/lang/String;",
      "Lorg/eclipse/jface/window/ToolTip.shouldCreateToolTip(Lorg/eclipse/swt/widgets/Event;)Z"
    ]
  },
  {
    "frequency": 3,
    "overriddenMethods": [
      "Lorg/eclipse/jface/window/DefaultToolTip.getText(Lorg/eclipse/swt/widgets/Event;)Ljava/lang/String;",
      "Lorg/eclipse/jface/window/ToolTip.getToolTipArea(Lorg/eclipse/swt/widgets/Event;)Ljava/lang/Object;",
      "Lorg/eclipse/jface/window/ToolTip.shouldCreateToolTip(Lorg/eclipse/swt/widgets/Event;)Z"
    ]
  },
  {
    "frequency": 3,
    "overriddenMethods": [
      "Lorg/eclipse/jface/window/DefaultToolTip.createToolTipContentArea(Lorg/eclipse/swt/widgets/Event;Lorg/eclipse/swt/widgets/Composite;)Lorg/eclipse/swt/widgets/Composite;",
      "Lorg/eclipse/jface/window/ToolTip.getToolTipArea(Lorg/eclipse/swt/widgets/Event;)Ljava/lang/Object;"
    ]
  }
]