[
  {
    "frequency": 1,
    "overriddenMethods": [
      "Lorg/eclipse/jface/window/ToolTip.createToolTipContentArea(Lorg/eclipse/swt/widgets/Event;Lorg/eclipse/swt/widgets/Composite;)Lorg/eclipse/swt/widgets/Composite;",
      "Lorg/eclipse/jface/window/ToolTip.getLocation(Lorg/eclipse/swt/graphics/Point;Lorg/eclipse/swt/widgets/Event;)Lorg/eclipse/swt/graphics/Point;"
    ]
  },
  {
    "frequency": 3,
    "overriddenMethods": [
      "Lorg/eclipse/jface/window/ToolTip.createToolTipContentArea(Lorg/eclipse/swt/widgets/Event;Lorg/eclipse/swt/widgets/Composite;)Lorg/eclipse/swt/widgets/Composite;"
    ]
  },
  {
    "frequency": 3,
    "overriddenMethods": [
      "Lorg/eclipse/jface/window/ToolTip.createToolTipContentArea(Lorg/eclipse/swt/widgets/Event;Lorg/eclipse/swt/widgets/Composite;)Lorg/eclipse/swt/widgets/Composite;",
      "Lorg/eclipse/jface/window/ToolTip.shouldCreateToolTip(Lorg/eclipse/swt/widgets/Event;)Z"
    ]
  },
  {
    "frequency": 2,
    "overriddenMethods": [
      "Lorg/eclipse/jface/window/ToolTip.afterHideToolTip(Lorg/eclipse/swt/widgets/Event;)V",
      "Lorg/eclipse/jface/window/ToolTip.createToolTipContentArea(Lorg/eclipse/swt/widgets/Event;Lorg/eclipse/swt/widgets/Composite;)Lorg/eclipse/swt/widgets/Composite;"
    ]
  },
  {
    "frequency": 1,
    "overriddenMethods": [
      "Lorg/eclipse/jface/window/ToolTip.createToolTipContentArea(Lorg/eclipse/swt/widgets/Event;Lorg/eclipse/swt/widgets/Composite;)Lorg/eclipse/swt/widgets/Composite;",
      "Lorg/eclipse/jface/window/ToolTip.getToolTipArea(Lorg/eclipse/swt/widgets/Event;)Ljava/lang/Object;"
    ]
  },
  {
    "frequency": 1,
    "overriddenMethods": [
      "Lorg/eclipse/jface/window/ToolTip.createToolTipContentArea(Lorg/eclipse/swt/widgets/Event;Lorg/eclipse/swt/widgets/Composite;)Lorg/eclipse/swt/widgets/Composite;",
      "Lorg/eclipse/jface/window/ToolTip.deactivate()V",
      "Lorg/eclipse/jface/window/ToolTip.shouldCreateToolTip(Lorg/eclipse/swt/widgets/Event;)Z"
    ]
  }
]