[
  {
    "frequency": 1,
    "overriddenMethods": [
      "Lorg/eclipse/jface/window/Window.close()Z",
      "Lorg/eclipse/jface/window/Window.configureShell(Lorg/eclipse/swt/widgets/Shell;)V",
      "Lorg/eclipse/jface/window/Window.constrainShellSize()V",
      "Lorg/eclipse/jface/window/Window.createContents(Lorg/eclipse/swt/widgets/Composite;)Lorg/eclipse/swt/widgets/Control;",
      "Lorg/eclipse/jface/window/Window.open()I"
    ]
  },
  {
    "frequency": 1,
    "overriddenMethods": [
      "Lorg/eclipse/jface/window/Window.close()Z",
      "Lorg/eclipse/jface/window/Window.createContents(Lorg/eclipse/swt/widgets/Composite;)Lorg/eclipse/swt/widgets/Control;",
      "Lorg/eclipse/jface/window/Window.open()I"
    ]
  },
  {
    "frequency": 1,
    "overriddenMethods": [
      "Lorg/eclipse/jface/window/Window.configureShell(Lorg/eclipse/swt/widgets/Shell;)V",
      "Lorg/eclipse/jface/window/Window.createContents(Lorg/eclipse/swt/widgets/Composite;)Lorg/eclipse/swt/widgets/Control;"
    ]
  },
  {
    "frequency": 1,
    "overriddenMethods": [
      "Lorg/eclipse/jface/window/Window.configureShell(Lorg/eclipse/swt/widgets/Shell;)V",
      "Lorg/eclipse/jface/window/Window.createContents(Lorg/eclipse/swt/widgets/Composite;)Lorg/eclipse/swt/widgets/Control;",
      "Lorg/eclipse/jface/window/Window.getInitialLocation(Lorg/eclipse/swt/graphics/Point;)Lorg/eclipse/swt/graphics/Point;"
    ]
  },
  {
    "frequency": 1,
    "overriddenMethods": [
      "Lorg/eclipse/jface/window/Window.close()Z",
      "Lorg/eclipse/jface/window/Window.createContents(Lorg/eclipse/swt/widgets/Composite;)Lorg/eclipse/swt/widgets/Control;",
      "Lorg/eclipse/jface/window/Window.initializeBounds()V",
      "Lorg/eclipse/jface/window/Window.open()I"
    ]
  },
  {
    "frequency": 1,
    "overriddenMethods": [
      "Lorg/eclipse/jface/window/Window.close()Z",
      "Lorg/eclipse/jface/window/Window.configureShell(Lorg/eclipse/swt/widgets/Shell;)V",
      "Lorg/eclipse/jface/window/Window.create()V",
      "Lorg/eclipse/jface/window/Window.createContents(Lorg/eclipse/swt/widgets/Composite;)Lorg/eclipse/swt/widgets/Control;",
      "Lorg/eclipse/jface/window/Window.initializeBounds()V",
      "Lorg/eclipse/jface/window/Window.open()I"
    ]
  },
  {
    "frequency": 1,
    "overriddenMethods": [
      "Lorg/eclipse/jface/window/Window.configureShell(Lorg/eclipse/swt/widgets/Shell;)V",
      "Lorg/eclipse/jface/window/Window.create()V",
      "Lorg/eclipse/jface/window/Window.createContents(Lorg/eclipse/swt/widgets/Composite;)Lorg/eclipse/swt/widgets/Control;",
      "Lorg/eclipse/jface/window/Window.initializeBounds()V",
      "Lorg/eclipse/jface/window/Window.open()I"
    ]
  }
]