[
  {
    "frequency": 340,
    "overriddenMethods": []
  },
  {
    "frequency": 15,
    "overriddenMethods": [
      "Lorg/eclipse/jface/action/Action.getToolTipText()Ljava/lang/String;",
      "Lorg/eclipse/jface/action/Action.run()V"
    ]
  },
  {
    "frequency": 5135,
    "overriddenMethods": [
      "Lorg/eclipse/jface/action/Action.run()V"
    ]
  },
  {
    "frequency": 51,
    "overriddenMethods": [
      "Lorg/eclipse/jface/action/Action.getImageDescriptor()Lorg/eclipse/jface/resource/ImageDescriptor;",
      "Lorg/eclipse/jface/action/Action.run()V"
    ]
  },
  {
    "frequency": 2,
    "overriddenMethods": [
      "Lorg/eclipse/jface/action/Action.getId()Ljava/lang/String;",
      "Lorg/eclipse/jface/action/Action.getStyle()I",
      "Lorg/eclipse/jface/action/Action.getToolTipText()Ljava/lang/String;",
      "Lorg/eclipse/jface/action/Action.run()V"
    ]
  },
  {
    "frequency": 1,
    "overriddenMethods": [
      "Lorg/eclipse/jface/action/Action.getMenuCreator()Lorg/eclipse/jface/action/IMenuCreator;",
      "Lorg/eclipse/jface/action/Action.run()V"
    ]
  },
  {
    "frequency": 36,
    "overriddenMethods": [
      "Lorg/eclipse/jface/action/Action.getText()Ljava/lang/String;",
      "Lorg/eclipse/jface/action/Action.getToolTipText()Ljava/lang/String;",
      "Lorg/eclipse/jface/action/Action.run()V"
    ]
  },
  {
    "frequency": 1,
    "overriddenMethods": [
      "Lorg/eclipse/jface/action/Action.isEnabled()Z",
      "Lorg/eclipse/jface/action/Action.runWithEvent(Lorg/eclipse/swt/widgets/Event;)V"
    ]
  },
  {
    "frequency": 1,
    "overriddenMethods": [
      "Lorg/eclipse/jface/action/Action.getStyle()I",
      "Lorg/eclipse/jface/action/Action.isChecked()Z",
      "Lorg/eclipse/jface/action/Action.run()V"
    ]
  },
  {
    "frequency": 3,
    "overriddenMethods": [
      "Lorg/eclipse/jface/action/Action.run()V",
      "Lorg/eclipse/jface/action/Action.setEnabled(Z)V"
    ]
  },
  {
    "frequency": 1,
    "overriddenMethods": [
      "Lorg/eclipse/jface/action/Action.getId()Ljava/lang/String;",
      "Lorg/eclipse/jface/action/Action.getText()Ljava/lang/String;",
      "Lorg/eclipse/jface/action/Action.run()V"
    ]
  },
  {
    "frequency": 7,
    "overriddenMethods": [
      "Lorg/eclipse/jface/action/Action.isChecked()Z",
      "Lorg/eclipse/jface/action/Action.run()V",
      "Lorg/eclipse/jface/action/Action.setChecked(Z)V"
    ]
  },
  {
    "frequency": 3,
    "overriddenMethods": [
      "Lorg/eclipse/jface/action/Action.getId()Ljava/lang/String;",
      "Lorg/eclipse/jface/action/Action.isEnabled()Z",
      "Lorg/eclipse/jface/action/Action.run()V"
    ]
  },
  {
    "frequency": 1,
    "overriddenMethods": [
      "Lorg/eclipse/jface/action/Action.run()V",
      "Lorg/eclipse/jface/action/Action.setChecked(Z)V",
      "Lorg/eclipse/jface/action/Action.setEnabled(Z)V"
    ]
  },
  {
    "frequency": 3,
    "overriddenMethods": [
      "Lorg/eclipse/jface/action/Action.getDisabledImageDescriptor()Lorg/eclipse/jface/resource/ImageDescriptor;",
      "Lorg/eclipse/jface/action/Action.getImageDescriptor()Lorg/eclipse/jface/resource/ImageDescriptor;",
      "Lorg/eclipse/jface/action/Action.run()V"
    ]
  },
  {
    "frequency": 17,
    "overriddenMethods": [
      "Lorg/eclipse/jface/action/Action.isChecked()Z",
      "Lorg/eclipse/jface/action/Action.run()V"
    ]
  },
  {
    "frequency": 1,
    "overriddenMethods": [
      "Ljava/lang/Object.toString()Ljava/lang/String;",
      "Lorg/eclipse/jface/action/Action.run()V",
      "Lorg/eclipse/jface/action/Action.runWithEvent(Lorg/eclipse/swt/widgets/Event;)V"
    ]
  },
  {
    "frequency": 2,
    "overriddenMethods": [
      "Ljava/lang/Object.finalize()V",
      "Lorg/eclipse/jface/action/Action.run()V"
    ]
  },
  {
    "frequency": 1,
    "overriddenMethods": [
      "Lorg/eclipse/jface/action/AbstractAction.addPropertyChangeListener(Lorg/eclipse/jface/util/IPropertyChangeListener;)V",
      "Lorg/eclipse/jface/action/AbstractAction.removePropertyChangeListener(Lorg/eclipse/jface/util/IPropertyChangeListener;)V",
      "Lorg/eclipse/jface/action/Action.getAccelerator()I",
      "Lorg/eclipse/jface/action/Action.getDescription()Ljava/lang/String;",
      "Lorg/eclipse/jface/action/Action.getDisabledImageDescriptor()Lorg/eclipse/jface/resource/ImageDescriptor;",
      "Lorg/eclipse/jface/action/Action.getHelpListener()Lorg/eclipse/swt/events/HelpListener;",
      "Lorg/eclipse/jface/action/Action.getHoverImageDescriptor()Lorg/eclipse/jface/resource/ImageDescriptor;",
      "Lorg/eclipse/jface/action/Action.getImageDescriptor()Lorg/eclipse/jface/resource/ImageDescriptor;",
      "Lorg/eclipse/jface/action/Action.getMenuCreator()Lorg/eclipse/jface/action/IMenuCreator;",
      "Lorg/eclipse/jface/action/Action.getStyle()I",
      "Lorg/eclipse/jface/action/Action.getText()Ljava/lang/String;",
      "Lorg/eclipse/jface/action/Action.getToolTipText()Ljava/lang/String;",
      "Lorg/eclipse/jface/action/Action.isChecked()Z",
      "Lorg/eclipse/jface/action/Action.isEnabled()Z",
      "Lorg/eclipse/jface/action/Action.run()V",
      "Lorg/eclipse/jface/action/Action.runWithEvent(Lorg/eclipse/swt/widgets/Event;)V",
      "Lorg/eclipse/jface/action/Action.setAccelerator(I)V",
      "Lorg/eclipse/jface/action/Action.setChecked(Z)V",
      "Lorg/eclipse/jface/action/Action.setDescription(Ljava/lang/String;)V",
      "Lorg/eclipse/jface/action/Action.setDisabledImageDescriptor(Lorg/eclipse/jface/resource/ImageDescriptor;)V",
      "Lorg/eclipse/jface/action/Action.setEnabled(Z)V",
      "Lorg/eclipse/jface/action/Action.setHelpListener(Lorg/eclipse/swt/events/HelpListener;)V",
      "Lorg/eclipse/jface/action/Action.setHoverImageDescriptor(Lorg/eclipse/jface/resource/ImageDescriptor;)V",
      "Lorg/eclipse/jface/action/Action.setImageDescriptor(Lorg/eclipse/jface/resource/ImageDescriptor;)V",
      "Lorg/eclipse/jface/action/Action.setMenuCreator(Lorg/eclipse/jface/action/IMenuCreator;)V",
      "Lorg/eclipse/jface/action/Action.setText(Ljava/lang/String;)V",
      "Lorg/eclipse/jface/action/Action.setToolTipText(Ljava/lang/String;)V"
    ]
  },
  {
    "frequency": 1,
    "overriddenMethods": [
      "Lorg/eclipse/jface/action/Action.getDescription()Ljava/lang/String;",
      "Lorg/eclipse/jface/action/Action.run()V",
      "Lorg/eclipse/jface/action/Action.setDescription(Ljava/lang/String;)V"
    ]
  },
  {
    "frequency": 2,
    "overriddenMethods": [
      "Lorg/eclipse/jface/action/Action.getStyle()I",
      "Lorg/eclipse/jface/action/Action.getToolTipText()Ljava/lang/String;",
      "Lorg/eclipse/jface/action/Action.run()V"
    ]
  },
  {
    "frequency": 2,
    "overriddenMethods": [
      "Lorg/eclipse/jface/action/Action.run()V",
      "Lorg/eclipse/jface/action/Action.setText(Ljava/lang/String;)V"
    ]
  },
  {
    "frequency": 1,
    "overriddenMethods": [
      "Lorg/eclipse/jface/action/Action.getText()Ljava/lang/String;",
      "Lorg/eclipse/jface/action/Action.isEnabled()Z",
      "Lorg/eclipse/jface/action/Action.run()V",
      "Lorg/eclipse/jface/action/Action.runWithEvent(Lorg/eclipse/swt/widgets/Event;)V",
      "Lorg/eclipse/jface/action/Action.setText(Ljava/lang/String;)V"
    ]
  },
  {
    "frequency": 2,
    "overriddenMethods": [
      "Lorg/eclipse/jface/action/Action.getActionDefinitionId()Ljava/lang/String;",
      "Lorg/eclipse/jface/action/Action.run()V",
      "Lorg/eclipse/jface/action/Action.runWithEvent(Lorg/eclipse/swt/widgets/Event;)V"
    ]
  },
  {
    "frequency": 18,
    "overriddenMethods": [
      "Lorg/eclipse/jface/action/Action.getStyle()I",
      "Lorg/eclipse/jface/action/Action.run()V"
    ]
  },
  {
    "frequency": 3,
    "overriddenMethods": [
      "Lorg/eclipse/jface/action/Action.getImageDescriptor()Lorg/eclipse/jface/resource/ImageDescriptor;",
      "Lorg/eclipse/jface/action/Action.runWithEvent(Lorg/eclipse/swt/widgets/Event;)V"
    ]
  },
  {
    "frequency": 6,
    "overriddenMethods": [
      "Lorg/eclipse/jface/action/Action.getImageDescriptor()Lorg/eclipse/jface/resource/ImageDescriptor;",
      "Lorg/eclipse/jface/action/Action.getText()Ljava/lang/String;",
      "Lorg/eclipse/jface/action/Action.run()V"
    ]
  },
  {
    "frequency": 1,
    "overriddenMethods": [
      "Lorg/eclipse/jface/action/Action.getImageDescriptor()Lorg/eclipse/jface/resource/ImageDescriptor;",
      "Lorg/eclipse/jface/action/Action.runWithEvent(Lorg/eclipse/swt/widgets/Event;)V",
      "Lorg/eclipse/jface/action/Action.setChecked(Z)V"
    ]
  },
  {
    "frequency": 12,
    "overriddenMethods": [
      "Lorg/eclipse/jface/action/Action.getImageDescriptor()Lorg/eclipse/jface/resource/ImageDescriptor;",
      "Lorg/eclipse/jface/action/Action.getToolTipText()Ljava/lang/String;",
      "Lorg/eclipse/jface/action/Action.run()V"
    ]
  },
  {
    "frequency": 11,
    "overriddenMethods": [
      "Lorg/eclipse/jface/action/Action.getImageDescriptor()Lorg/eclipse/jface/resource/ImageDescriptor;",
      "Lorg/eclipse/jface/action/Action.getText()Ljava/lang/String;",
      "Lorg/eclipse/jface/action/Action.getToolTipText()Ljava/lang/String;",
      "Lorg/eclipse/jface/action/Action.run()V"
    ]
  },
  {
    "frequency": 43,
    "overriddenMethods": [
      "Lorg/eclipse/jface/action/Action.runWithEvent(Lorg/eclipse/swt/widgets/Event;)V"
    ]
  },
  {
    "frequency": 1,
    "overriddenMethods": [
      "Lorg/eclipse/jface/action/Action.isChecked()Z",
      "Lorg/eclipse/jface/action/Action.isEnabled()Z",
      "Lorg/eclipse/jface/action/Action.isHandled()Z",
      "Lorg/eclipse/jface/action/Action.run()V"
    ]
  },
  {
    "frequency": 1,
    "overriddenMethods": [
      "Lorg/eclipse/jface/action/Action.getDescription()Ljava/lang/String;",
      "Lorg/eclipse/jface/action/Action.getDisabledImageDescriptor()Lorg/eclipse/jface/resource/ImageDescriptor;",
      "Lorg/eclipse/jface/action/Action.getImageDescriptor()Lorg/eclipse/jface/resource/ImageDescriptor;",
      "Lorg/eclipse/jface/action/Action.getMenuCreator()Lorg/eclipse/jface/action/IMenuCreator;",
      "Lorg/eclipse/jface/action/Action.getToolTipText()Ljava/lang/String;",
      "Lorg/eclipse/jface/action/Action.run()V"
    ]
  },
  {
    "frequency": 1,
    "overriddenMethods": [
      "Lorg/eclipse/jface/action/Action.getActionDefinitionId()Ljava/lang/String;",
      "Lorg/eclipse/jface/action/Action.getImageDescriptor()Lorg/eclipse/jface/resource/ImageDescriptor;",
      "Lorg/eclipse/jface/action/Action.getText()Ljava/lang/String;",
      "Lorg/eclipse/jface/action/Action.isEnabled()Z",
      "Lorg/eclipse/jface/action/Action.run()V"
    ]
  },
  {
    "frequency": 15,
    "overriddenMethods": [
      "Lorg/eclipse/jface/action/Action.run()V",
      "Lorg/eclipse/jface/action/Action.setChecked(Z)V"
    ]
  },
  {
    "frequency": 9,
    "overriddenMethods": [
      "Lorg/eclipse/jface/action/Action.getText()Ljava/lang/String;",
      "Lorg/eclipse/jface/action/Action.isEnabled()Z",
      "Lorg/eclipse/jface/action/Action.run()V"
    ]
  },
  {
    "frequency": 4,
    "overriddenMethods": [
      "Lorg/eclipse/jface/action/Action.getId()Ljava/lang/String;"
    ]
  },
  {
    "frequency": 2,
    "overriddenMethods": [
      "Lorg/eclipse/jface/action/Action.getActionDefinitionId()Ljava/lang/String;",
      "Lorg/eclipse/jface/action/Action.getId()Ljava/lang/String;",
      "Lorg/eclipse/jface/action/Action.getText()Ljava/lang/String;",
      "Lorg/eclipse/jface/action/Action.run()V"
    ]
  },
  {
    "frequency": 1,
    "overriddenMethods": [
      "Lorg/eclipse/jface/action/Action.getStyle()I",
      "Lorg/eclipse/jface/action/Action.isChecked()Z",
      "Lorg/eclipse/jface/action/Action.isEnabled()Z",
      "Lorg/eclipse/jface/action/Action.run()V"
    ]
  },
  {
    "frequency": 3,
    "overriddenMethods": [
      "Lorg/eclipse/jface/action/Action.getId()Ljava/lang/String;",
      "Lorg/eclipse/jface/action/Action.run()V"
    ]
  },
  {
    "frequency": 1,
    "overriddenMethods": [
      "Lorg/eclipse/jface/action/Action.getDescription()Ljava/lang/String;",
      "Lorg/eclipse/jface/action/Action.getText()Ljava/lang/String;",
      "Lorg/eclipse/jface/action/Action.getToolTipText()Ljava/lang/String;",
      "Lorg/eclipse/jface/action/Action.isEnabled()Z",
      "Lorg/eclipse/jface/action/Action.isHandled()Z",
      "Lorg/eclipse/jface/action/Action.run()V",
      "Lorg/eclipse/jface/action/Action.runWithEvent(Lorg/eclipse/swt/widgets/Event;)V",
      "Lorg/eclipse/jface/action/Action.setChecked(Z)V",
      "Lorg/eclipse/jface/action/Action.setDescription(Ljava/lang/String;)V",
      "Lorg/eclipse/jface/action/Action.setEnabled(Z)V",
      "Lorg/eclipse/jface/action/Action.setText(Ljava/lang/String;)V",
      "Lorg/eclipse/jface/action/Action.setToolTipText(Ljava/lang/String;)V"
    ]
  },
  {
    "frequency": 1,
    "overriddenMethods": [
      "Ljava/lang/Object.toString()Ljava/lang/String;"
    ]
  },
  {
    "frequency": 273,
    "overriddenMethods": [
      "Lorg/eclipse/jface/action/Action.isEnabled()Z",
      "Lorg/eclipse/jface/action/Action.run()V"
    ]
  },
  {
    "frequency": 2,
    "overriddenMethods": [
      "Ljava/lang/Object.equals(Ljava/lang/Object;)Z",
      "Lorg/eclipse/jface/action/Action.run()V"
    ]
  },
  {
    "frequency": 1,
    "overriddenMethods": [
      "Lorg/eclipse/jface/action/Action.getStyle()I",
      "Lorg/eclipse/jface/action/Action.run()V",
      "Lorg/eclipse/jface/action/Action.setChecked(Z)V"
    ]
  },
  {
    "frequency": 1,
    "overriddenMethods": [
      "Lorg/eclipse/jface/action/Action.getActionDefinitionId()Ljava/lang/String;",
      "Lorg/eclipse/jface/action/Action.run()V"
    ]
  },
  {
    "frequency": 1,
    "overriddenMethods": [
      "Lorg/eclipse/jface/action/Action.getDescription()Ljava/lang/String;",
      "Lorg/eclipse/jface/action/Action.getDisabledImageDescriptor()Lorg/eclipse/jface/resource/ImageDescriptor;",
      "Lorg/eclipse/jface/action/Action.getImageDescriptor()Lorg/eclipse/jface/resource/ImageDescriptor;",
      "Lorg/eclipse/jface/action/Action.getText()Ljava/lang/String;",
      "Lorg/eclipse/jface/action/Action.getToolTipText()Ljava/lang/String;",
      "Lorg/eclipse/jface/action/Action.run()V"
    ]
  },
  {
    "frequency": 3,
    "overriddenMethods": [
      "Lorg/eclipse/jface/action/Action.getId()Ljava/lang/String;",
      "Lorg/eclipse/jface/action/Action.getImageDescriptor()Lorg/eclipse/jface/resource/ImageDescriptor;",
      "Lorg/eclipse/jface/action/Action.getText()Ljava/lang/String;",
      "Lorg/eclipse/jface/action/Action.run()V"
    ]
  },
  {
    "frequency": 1,
    "overriddenMethods": [
      "Lorg/eclipse/jface/action/Action.getDisabledImageDescriptor()Lorg/eclipse/jface/resource/ImageDescriptor;",
      "Lorg/eclipse/jface/action/Action.getImageDescriptor()Lorg/eclipse/jface/resource/ImageDescriptor;",
      "Lorg/eclipse/jface/action/Action.getText()Ljava/lang/String;",
      "Lorg/eclipse/jface/action/Action.getToolTipText()Ljava/lang/String;",
      "Lorg/eclipse/jface/action/Action.run()V",
      "Lorg/eclipse/jface/action/Action.runWithEvent(Lorg/eclipse/swt/widgets/Event;)V"
    ]
  },
  {
    "frequency": 5,
    "overriddenMethods": [
      "Ljava/lang/Object.toString()Ljava/lang/String;",
      "Lorg/eclipse/jface/action/Action.run()V"
    ]
  },
  {
    "frequency": 1,
    "overriddenMethods": [
      "Lorg/eclipse/jface/action/Action.isChecked()Z",
      "Lorg/eclipse/jface/action/Action.isEnabled()Z",
      "Lorg/eclipse/jface/action/Action.run()V"
    ]
  },
  {
    "frequency": 1,
    "overriddenMethods": [
      "Ljava/lang/Object.equals(Ljava/lang/Object;)Z",
      "Ljava/lang/Object.hashCode()I",
      "Lorg/eclipse/jface/action/Action.run()V"
    ]
  },
  {
    "frequency": 1,
    "overriddenMethods": [
      "Lorg/eclipse/jface/action/Action.run()V",
      "Lorg/eclipse/jface/action/Action.setToolTipText(Ljava/lang/String;)V"
    ]
  },
  {
    "frequency": 2,
    "overriddenMethods": [
      "Lorg/eclipse/jface/action/Action.setEnabled(Z)V"
    ]
  },
  {
    "frequency": 1,
    "overriddenMethods": [
      "Lorg/eclipse/jface/action/Action.isHandled()Z",
      "Lorg/eclipse/jface/action/Action.run()V"
    ]
  },
  {
    "frequency": 25,
    "overriddenMethods": [
      "Lorg/eclipse/jface/action/Action.getText()Ljava/lang/String;",
      "Lorg/eclipse/jface/action/Action.run()V"
    ]
  },
  {
    "frequency": 26,
    "overriddenMethods": [
      "Lorg/eclipse/jface/action/Action.run()V",
      "Lorg/eclipse/jface/action/Action.runWithEvent(Lorg/eclipse/swt/widgets/Event;)V"
    ]
  },
  {
    "frequency": 1,
    "overriddenMethods": [
      "Lorg/eclipse/jface/action/Action.runWithEvent(Lorg/eclipse/swt/widgets/Event;)V",
      "Lorg/eclipse/jface/action/Action.setEnabled(Z)V"
    ]
  },
  {
    "frequency": 3,
    "overriddenMethods": [
      "Lorg/eclipse/jface/action/Action.setChecked(Z)V"
    ]
  },
  {
    "frequency": 1,
    "overriddenMethods": [
      "Lorg/eclipse/jface/action/Action.getDescription()Ljava/lang/String;",
      "Lorg/eclipse/jface/action/Action.getImageDescriptor()Lorg/eclipse/jface/resource/ImageDescriptor;",
      "Lorg/eclipse/jface/action/Action.getToolTipText()Ljava/lang/String;",
      "Lorg/eclipse/jface/action/Action.run()V"
    ]
  },
  {
    "frequency": 1,
    "overriddenMethods": [
      "Lorg/eclipse/jface/action/Action.isEnabled()Z",
      "Lorg/eclipse/jface/action/Action.isHandled()Z",
      "Lorg/eclipse/jface/action/Action.run()V"
    ]
  },
  {
    "frequency": 1,
    "overriddenMethods": [
      "Lorg/eclipse/jface/action/Action.getText()Ljava/lang/String;",
      "Lorg/eclipse/jface/action/Action.isChecked()Z",
      "Lorg/eclipse/jface/action/Action.isEnabled()Z",
      "Lorg/eclipse/jface/action/Action.setChecked(Z)V",
      "Lorg/eclipse/jface/action/Action.setEnabled(Z)V",
      "Lorg/eclipse/jface/action/Action.setText(Ljava/lang/String;)V"
    ]
  },
  {
    "frequency": 7,
    "overriddenMethods": [
      "Lorg/eclipse/jface/action/Action.isEnabled()Z"
    ]
  },
  {
    "frequency": 2,
    "overriddenMethods": [
      "Lorg/eclipse/jface/action/Action.getId()Ljava/lang/String;",
      "Lorg/eclipse/jface/action/Action.getStyle()I",
      "Lorg/eclipse/jface/action/Action.run()V"
    ]
  },
  {
    "frequency": 1,
    "overriddenMethods": [
      "Lorg/eclipse/jface/action/Action.getStyle()I",
      "Lorg/eclipse/jface/action/Action.getText()Ljava/lang/String;",
      "Lorg/eclipse/jface/action/Action.isEnabled()Z",
      "Lorg/eclipse/jface/action/Action.run()V"
    ]
  }
]