[
  {
    "frequency": 1,
    "overriddenMethods": []
  },
  {
    "frequency": 1,
    "overriddenMethods": [
      "Lorg/eclipse/jface/action/ActionContributionItem.isDynamic()Z",
      "Lorg/eclipse/jface/action/ActionContributionItem.isVisible()Z",
      "Lorg/eclipse/jface/action/ActionContributionItem.update(Ljava/lang/String;)V"
    ]
  },
  {
    "frequency": 1,
    "overriddenMethods": [
      "Lorg/eclipse/jface/action/ActionContributionItem.dispose()V",
      "Lorg/eclipse/jface/action/ContributionItem.toString()Ljava/lang/String;"
    ]
  },
  {
    "frequency": 1,
    "overriddenMethods": [
      "Lorg/eclipse/jface/action/ActionContributionItem.fill(Lorg/eclipse/swt/widgets/Composite;)V",
      "Lorg/eclipse/jface/action/ActionContributionItem.isDynamic()Z",
      "Lorg/eclipse/jface/action/ActionContributionItem.isEnabled()Z"
    ]
  },
  {
    "frequency": 1,
    "overriddenMethods": [
      "Lorg/eclipse/jface/action/ActionContributionItem.dispose()V",
      "Lorg/eclipse/jface/action/ActionContributionItem.isVisible()Z",
      "Lorg/eclipse/jface/action/ContributionItem.setParent(Lorg/eclipse/jface/action/IContributionManager;)V"
    ]
  },
  {
    "frequency": 3,
    "overriddenMethods": [
      "Lorg/eclipse/jface/action/ActionContributionItem.isDynamic()Z"
    ]
  },
  {
    "frequency": 6,
    "overriddenMethods": [
      "Lorg/eclipse/jface/action/ActionContributionItem.dispose()V"
    ]
  },
  {
    "frequency": 1,
    "overriddenMethods": [
      "Lorg/eclipse/jface/action/ActionContributionItem.update(Ljava/lang/String;)V"
    ]
  },
  {
    "frequency": 3,
    "overriddenMethods": [
      "Lorg/eclipse/jface/action/ActionContributionItem.isVisible()Z"
    ]
  },
  {
    "frequency": 1,
    "overriddenMethods": [
      "Lorg/eclipse/jface/action/ActionContributionItem.isEnabledAllowed()Z"
    ]
  },
  {
    "frequency": 1,
    "overriddenMethods": [
      "Lorg/eclipse/jface/action/ActionContributionItem.fill(Lorg/eclipse/swt/widgets/Menu;I)V",
      "Lorg/eclipse/jface/action/ActionContributionItem.getAction()Lorg/eclipse/jface/action/IAction;"
    ]
  },
  {
    "frequency": 3,
    "overriddenMethods": [
      "Lorg/eclipse/jface/action/ActionContributionItem.fill(Lorg/eclipse/swt/widgets/Menu;I)V"
    ]
  }
]