[
  {
    "frequency": 8,
    "overriddenMethods": []
  },
  {
    "frequency": 2,
    "overriddenMethods": [
      "Lorg/eclipse/jface/action/ContributionItem.dispose()V",
      "Lorg/eclipse/jface/action/ContributionItem.fill(Lorg/eclipse/swt/widgets/Composite;)V",
      "Lorg/eclipse/jface/action/ContributionItem.fill(Lorg/eclipse/swt/widgets/CoolBar;I)V",
      "Lorg/eclipse/jface/action/ContributionItem.fill(Lorg/eclipse/swt/widgets/Menu;I)V",
      "Lorg/eclipse/jface/action/ContributionItem.fill(Lorg/eclipse/swt/widgets/ToolBar;I)V",
      "Lorg/eclipse/jface/action/ContributionItem.isDirty()Z",
      "Lorg/eclipse/jface/action/ContributionItem.isDynamic()Z",
      "Lorg/eclipse/jface/action/ContributionItem.isEnabled()Z",
      "Lorg/eclipse/jface/action/ContributionItem.isGroupMarker()Z",
      "Lorg/eclipse/jface/action/ContributionItem.isSeparator()Z",
      "Lorg/eclipse/jface/action/ContributionItem.saveWidgetState()V",
      "Lorg/eclipse/jface/action/ContributionItem.toString()Ljava/lang/String;",
      "Lorg/eclipse/jface/action/ContributionItem.update()V",
      "Lorg/eclipse/jface/action/ContributionItem.update(Ljava/lang/String;)V"
    ]
  },
  {
    "frequency": 36,
    "overriddenMethods": [
      "Lorg/eclipse/jface/action/ContributionItem.fill(Lorg/eclipse/swt/widgets/Menu;I)V"
    ]
  },
  {
    "frequency": 11,
    "overriddenMethods": [
      "Lorg/eclipse/jface/action/ContributionItem.dispose()V",
      "Lorg/eclipse/jface/action/ContributionItem.fill(Lorg/eclipse/swt/widgets/Menu;I)V",
      "Lorg/eclipse/jface/action/ContributionItem.isDynamic()Z"
    ]
  },
  {
    "frequency": 15,
    "overriddenMethods": [
      "Lorg/eclipse/jface/action/ContributionItem.dispose()V",
      "Lorg/eclipse/jface/action/ContributionItem.fill(Lorg/eclipse/swt/widgets/ToolBar;I)V"
    ]
  },
  {
    "frequency": 2,
    "overriddenMethods": [
      "Lorg/eclipse/jface/action/ContributionItem.fill(Lorg/eclipse/swt/widgets/Menu;I)V",
      "Lorg/eclipse/jface/action/ContributionItem.fill(Lorg/eclipse/swt/widgets/ToolBar;I)V",
      "Lorg/eclipse/jface/action/ContributionItem.isSeparator()Z"
    ]
  },
  {
    "frequency": 2,
    "overriddenMethods": [
      "Lorg/eclipse/jface/action/ContributionItem.dispose()V",
      "Lorg/eclipse/jface/action/ContributionItem.fill(Lorg/eclipse/swt/widgets/Menu;I)V",
      "Lorg/eclipse/jface/action/ContributionItem.fill(Lorg/eclipse/swt/widgets/ToolBar;I)V",
      "Lorg/eclipse/jface/action/ContributionItem.setParent(Lorg/eclipse/jface/action/IContributionManager;)V",
      "Lorg/eclipse/jface/action/ContributionItem.update()V",
      "Lorg/eclipse/jface/action/ContributionItem.update(Ljava/lang/String;)V"
    ]
  },
  {
    "frequency": 1,
    "overriddenMethods": [
      "Lorg/eclipse/jface/action/ContributionItem.dispose()V",
      "Lorg/eclipse/jface/action/ContributionItem.fill(Lorg/eclipse/swt/widgets/Menu;I)V",
      "Lorg/eclipse/jface/action/ContributionItem.isDynamic()Z",
      "Lorg/eclipse/jface/action/ContributionItem.update()V"
    ]
  },
  {
    "frequency": 3,
    "overriddenMethods": [
      "Lorg/eclipse/jface/action/ContributionItem.fill(Lorg/eclipse/swt/widgets/Menu;I)V",
      "Lorg/eclipse/jface/action/ContributionItem.isDirty()Z",
      "Lorg/eclipse/jface/action/ContributionItem.isDynamic()Z"
    ]
  },
  {
    "frequency": 1,
    "overriddenMethods": [
      "Lorg/eclipse/jface/action/ContributionItem.dispose()V",
      "Lorg/eclipse/jface/action/ContributionItem.fill(Lorg/eclipse/swt/widgets/ToolBar;I)V",
      "Lorg/eclipse/jface/action/ContributionItem.isDynamic()Z"
    ]
  },
  {
    "frequency": 1,
    "overriddenMethods": [
      "Lorg/eclipse/jface/action/ContributionItem.fill(Lorg/eclipse/swt/widgets/ToolBar;I)V",
      "Lorg/eclipse/jface/action/ContributionItem.setVisible(Z)V"
    ]
  },
  {
    "frequency": 14,
    "overriddenMethods": [
      "Lorg/eclipse/jface/action/ContributionItem.fill(Lorg/eclipse/swt/widgets/Composite;)V"
    ]
  },
  {
    "frequency": 1,
    "overriddenMethods": [
      "Lorg/eclipse/jface/action/ContributionItem.dispose()V",
      "Lorg/eclipse/jface/action/ContributionItem.fill(Lorg/eclipse/swt/widgets/Composite;)V"
    ]
  },
  {
    "frequency": 2,
    "overriddenMethods": [
      "Lorg/eclipse/jface/action/ContributionItem.dispose()V",
      "Lorg/eclipse/jface/action/ContributionItem.fill(Lorg/eclipse/swt/widgets/Menu;I)V"
    ]
  },
  {
    "frequency": 8,
    "overriddenMethods": [
      "Lorg/eclipse/jface/action/ContributionItem.fill(Lorg/eclipse/swt/widgets/ToolBar;I)V"
    ]
  },
  {
    "frequency": 2,
    "overriddenMethods": [
      "Lorg/eclipse/jface/action/ContributionItem.dispose()V",
      "Lorg/eclipse/jface/action/ContributionItem.fill(Lorg/eclipse/swt/widgets/CoolBar;I)V",
      "Lorg/eclipse/jface/action/ContributionItem.fill(Lorg/eclipse/swt/widgets/Menu;I)V",
      "Lorg/eclipse/jface/action/ContributionItem.fill(Lorg/eclipse/swt/widgets/ToolBar;I)V"
    ]
  },
  {
    "frequency": 1,
    "overriddenMethods": [
      "Ljava/lang/Object.equals(Ljava/lang/Object;)Z",
      "Ljava/lang/Object.hashCode()I",
      "Lorg/eclipse/jface/action/ContributionItem.fill(Lorg/eclipse/swt/widgets/Composite;)V",
      "Lorg/eclipse/jface/action/ContributionItem.fill(Lorg/eclipse/swt/widgets/Menu;I)V",
      "Lorg/eclipse/jface/action/ContributionItem.fill(Lorg/eclipse/swt/widgets/ToolBar;I)V",
      "Lorg/eclipse/jface/action/ContributionItem.isDynamic()Z",
      "Lorg/eclipse/jface/action/ContributionItem.isEnabled()Z",
      "Lorg/eclipse/jface/action/ContributionItem.update(Ljava/lang/String;)V"
    ]
  },
  {
    "frequency": 1,
    "overriddenMethods": [
      "Lorg/eclipse/jface/action/ContributionItem.dispose()V",
      "Lorg/eclipse/jface/action/ContributionItem.fill(Lorg/eclipse/swt/widgets/Composite;)V",
      "Lorg/eclipse/jface/action/ContributionItem.fill(Lorg/eclipse/swt/widgets/CoolBar;I)V",
      "Lorg/eclipse/jface/action/ContributionItem.fill(Lorg/eclipse/swt/widgets/Menu;I)V",
      "Lorg/eclipse/jface/action/ContributionItem.fill(Lorg/eclipse/swt/widgets/ToolBar;I)V",
      "Lorg/eclipse/jface/action/ContributionItem.isDirty()Z",
      "Lorg/eclipse/jface/action/ContributionItem.isDynamic()Z",
      "Lorg/eclipse/jface/action/ContributionItem.setParent(Lorg/eclipse/jface/action/IContributionManager;)V",
      "Lorg/eclipse/jface/action/ContributionItem.update()V",
      "Lorg/eclipse/jface/action/ContributionItem.update(Ljava/lang/String;)V"
    ]
  },
  {
    "frequency": 2,
    "overriddenMethods": [
      "Lorg/eclipse/jface/action/ContributionItem.fill(Lorg/eclipse/swt/widgets/Menu;I)V",
      "Lorg/eclipse/jface/action/ContributionItem.isDynamic()Z",
      "Lorg/eclipse/jface/action/ContributionItem.isVisible()Z"
    ]
  },
  {
    "frequency": 28,
    "overriddenMethods": [
      "Lorg/eclipse/jface/action/ContributionItem.fill(Lorg/eclipse/swt/widgets/Menu;I)V",
      "Lorg/eclipse/jface/action/ContributionItem.isDynamic()Z"
    ]
  },
  {
    "frequency": 3,
    "overriddenMethods": [
      "Lorg/eclipse/jface/action/ContributionItem.dispose()V",
      "Lorg/eclipse/jface/action/ContributionItem.fill(Lorg/eclipse/swt/widgets/ToolBar;I)V",
      "Lorg/eclipse/jface/action/ContributionItem.update()V"
    ]
  },
  {
    "frequency": 1,
    "overriddenMethods": [
      "Lorg/eclipse/jface/action/ContributionItem.fill(Lorg/eclipse/swt/widgets/ToolBar;I)V",
      "Lorg/eclipse/jface/action/ContributionItem.isEnabled()Z"
    ]
  },
  {
    "frequency": 1,
    "overriddenMethods": [
      "Lorg/eclipse/jface/action/ContributionItem.dispose()V",
      "Lorg/eclipse/jface/action/ContributionItem.fill(Lorg/eclipse/swt/widgets/Menu;I)V",
      "Lorg/eclipse/jface/action/ContributionItem.isDirty()Z",
      "Lorg/eclipse/jface/action/ContributionItem.isDynamic()Z"
    ]
  },
  {
    "frequency": 1,
    "overriddenMethods": [
      "Lorg/eclipse/jface/action/ContributionItem.dispose()V",
      "Lorg/eclipse/jface/action/ContributionItem.fill(Lorg/eclipse/swt/widgets/Menu;I)V",
      "Lorg/eclipse/jface/action/ContributionItem.fill(Lorg/eclipse/swt/widgets/ToolBar;I)V",
      "Lorg/eclipse/jface/action/ContributionItem.isDirty()Z",
      "Lorg/eclipse/jface/action/ContributionItem.isDynamic()Z"
    ]
  },
  {
    "frequency": 5,
    "overriddenMethods": [
      "Lorg/eclipse/jface/action/ContributionItem.fill(Lorg/eclipse/swt/widgets/Menu;I)V",
      "Lorg/eclipse/jface/action/ContributionItem.isEnabled()Z"
    ]
  },
  {
    "frequency": 1,
    "overriddenMethods": [
      "Lorg/eclipse/jface/action/ContributionItem.isDirty()Z",
      "Lorg/eclipse/jface/action/ContributionItem.isDynamic()Z",
      "Lorg/eclipse/jface/action/ContributionItem.setParent(Lorg/eclipse/jface/action/IContributionManager;)V"
    ]
  },
  {
    "frequency": 1,
    "overriddenMethods": [
      "Lorg/eclipse/jface/action/ContributionItem.fill(Lorg/eclipse/swt/widgets/Menu;I)V",
      "Lorg/eclipse/jface/action/ContributionItem.isDirty()Z",
      "Lorg/eclipse/jface/action/ContributionItem.isDynamic()Z",
      "Lorg/eclipse/jface/action/ContributionItem.isEnabled()Z"
    ]
  },
  {
    "frequency": 1,
    "overriddenMethods": [
      "Lorg/eclipse/jface/action/ContributionItem.dispose()V",
      "Lorg/eclipse/jface/action/ContributionItem.fill(Lorg/eclipse/swt/widgets/Composite;)V",
      "Lorg/eclipse/jface/action/ContributionItem.fill(Lorg/eclipse/swt/widgets/Menu;I)V",
      "Lorg/eclipse/jface/action/ContributionItem.fill(Lorg/eclipse/swt/widgets/ToolBar;I)V",
      "Lorg/eclipse/jface/action/ContributionItem.isEnabled()Z",
      "Lorg/eclipse/jface/action/ContributionItem.isVisible()Z",
      "Lorg/eclipse/jface/action/ContributionItem.setParent(Lorg/eclipse/jface/action/IContributionManager;)V",
      "Lorg/eclipse/jface/action/ContributionItem.update()V",
      "Lorg/eclipse/jface/action/ContributionItem.update(Ljava/lang/String;)V"
    ]
  },
  {
    "frequency": 2,
    "overriddenMethods": [
      "Lorg/eclipse/jface/action/ContributionItem.fill(Lorg/eclipse/swt/widgets/ToolBar;I)V",
      "Lorg/eclipse/jface/action/ContributionItem.isDynamic()Z"
    ]
  },
  {
    "frequency": 1,
    "overriddenMethods": [
      "Lorg/eclipse/jface/action/ContributionItem.fill(Lorg/eclipse/swt/widgets/CoolBar;I)V"
    ]
  }
]