[
  {
    "frequency": 5,
    "overriddenMethods": []
  },
  {
    "frequency": 1,
    "overriddenMethods": [
      "Lorg/eclipse/jface/action/ContributionManager.getOverrides()Lorg/eclipse/jface/action/IContributionManagerOverrides;",
      "Lorg/eclipse/jface/action/ContributionManager.markDirty()V",
      "Lorg/eclipse/jface/action/ContributionManager.setOverrides(Lorg/eclipse/jface/action/IContributionManagerOverrides;)V"
    ]
  },
  {
    "frequency": 1,
    "overriddenMethods": [
      "Lorg/eclipse/jface/action/ContributionManager.add(Lorg/eclipse/jface/action/IAction;)V",
      "Lorg/eclipse/jface/action/ContributionManager.add(Lorg/eclipse/jface/action/IContributionItem;)V",
      "Lorg/eclipse/jface/action/ContributionManager.appendToGroup(Ljava/lang/String;Lorg/eclipse/jface/action/IAction;)V",
      "Lorg/eclipse/jface/action/ContributionManager.appendToGroup(Ljava/lang/String;Lorg/eclipse/jface/action/IContributionItem;)V",
      "Lorg/eclipse/jface/action/ContributionManager.find(Ljava/lang/String;)Lorg/eclipse/jface/action/IContributionItem;",
      "Lorg/eclipse/jface/action/ContributionManager.getItems()[Lorg/eclipse/jface/action/IContributionItem;",
      "Lorg/eclipse/jface/action/ContributionManager.getOverrides()Lorg/eclipse/jface/action/IContributionManagerOverrides;",
      "Lorg/eclipse/jface/action/ContributionManager.insertAfter(Ljava/lang/String;Lorg/eclipse/jface/action/IAction;)V",
      "Lorg/eclipse/jface/action/ContributionManager.insertAfter(Ljava/lang/String;Lorg/eclipse/jface/action/IContributionItem;)V",
      "Lorg/eclipse/jface/action/ContributionManager.insertBefore(Ljava/lang/String;Lorg/eclipse/jface/action/IAction;)V",
      "Lorg/eclipse/jface/action/ContributionManager.insertBefore(Ljava/lang/String;Lorg/eclipse/jface/action/IContributionItem;)V",
      "Lorg/eclipse/jface/action/ContributionManager.isDirty()Z",
      "Lorg/eclipse/jface/action/ContributionManager.isEmpty()Z",
      "Lorg/eclipse/jface/action/ContributionManager.markDirty()V",
      "Lorg/eclipse/jface/action/ContributionManager.prependToGroup(Ljava/lang/String;Lorg/eclipse/jface/action/IAction;)V",
      "Lorg/eclipse/jface/action/ContributionManager.prependToGroup(Ljava/lang/String;Lorg/eclipse/jface/action/IContributionItem;)V",
      "Lorg/eclipse/jface/action/ContributionManager.remove(Ljava/lang/String;)Lorg/eclipse/jface/action/IContributionItem;",
      "Lorg/eclipse/jface/action/ContributionManager.remove(Lorg/eclipse/jface/action/IContributionItem;)Lorg/eclipse/jface/action/IContributionItem;",
      "Lorg/eclipse/jface/action/ContributionManager.removeAll()V",
      "Lorg/eclipse/jface/action/ContributionManager.setOverrides(Lorg/eclipse/jface/action/IContributionManagerOverrides;)V"
    ]
  },
  {
    "frequency": 1,
    "overriddenMethods": [
      "Lorg/eclipse/jface/action/ContributionManager.add(Lorg/eclipse/jface/action/IAction;)V",
      "Lorg/eclipse/jface/action/ContributionManager.add(Lorg/eclipse/jface/action/IContributionItem;)V",
      "Lorg/eclipse/jface/action/ContributionManager.appendToGroup(Ljava/lang/String;Lorg/eclipse/jface/action/IAction;)V",
      "Lorg/eclipse/jface/action/ContributionManager.appendToGroup(Ljava/lang/String;Lorg/eclipse/jface/action/IContributionItem;)V",
      "Lorg/eclipse/jface/action/ContributionManager.find(Ljava/lang/String;)Lorg/eclipse/jface/action/IContributionItem;",
      "Lorg/eclipse/jface/action/ContributionManager.getItems()[Lorg/eclipse/jface/action/IContributionItem;",
      "Lorg/eclipse/jface/action/ContributionManager.getOverrides()Lorg/eclipse/jface/action/IContributionManagerOverrides;",
      "Lorg/eclipse/jface/action/ContributionManager.insertAfter(Ljava/lang/String;Lorg/eclipse/jface/action/IAction;)V",
      "Lorg/eclipse/jface/action/ContributionManager.insertAfter(Ljava/lang/String;Lorg/eclipse/jface/action/IContributionItem;)V",
      "Lorg/eclipse/jface/action/ContributionManager.insertBefore(Ljava/lang/String;Lorg/eclipse/jface/action/IAction;)V",
      "Lorg/eclipse/jface/action/ContributionManager.insertBefore(Ljava/lang/String;Lorg/eclipse/jface/action/IContributionItem;)V",
      "Lorg/eclipse/jface/action/ContributionManager.isDirty()Z",
      "Lorg/eclipse/jface/action/ContributionManager.isEmpty()Z",
      "Lorg/eclipse/jface/action/ContributionManager.markDirty()V",
      "Lorg/eclipse/jface/action/ContributionManager.prependToGroup(Ljava/lang/String;Lorg/eclipse/jface/action/IAction;)V",
      "Lorg/eclipse/jface/action/ContributionManager.prependToGroup(Ljava/lang/String;Lorg/eclipse/jface/action/IContributionItem;)V",
      "Lorg/eclipse/jface/action/ContributionManager.remove(Ljava/lang/String;)Lorg/eclipse/jface/action/IContributionItem;",
      "Lorg/eclipse/jface/action/ContributionManager.remove(Lorg/eclipse/jface/action/IContributionItem;)Lorg/eclipse/jface/action/IContributionItem;",
      "Lorg/eclipse/jface/action/ContributionManager.removeAll()V"
    ]
  }
]