[
  {
    "frequency": 2,
    "overriddenMethods": []
  },
  {
    "frequency": 32,
    "overriddenMethods": [
      "Lorg/eclipse/jface/action/ControlContribution.createControl(Lorg/eclipse/swt/widgets/Composite;)Lorg/eclipse/swt/widgets/Control;"
    ]
  },
  {
    "frequency": 2,
    "overriddenMethods": [
      "Lorg/eclipse/jface/action/ContributionItem.isDynamic()Z",
      "Lorg/eclipse/jface/action/ControlContribution.createControl(Lorg/eclipse/swt/widgets/Composite;)Lorg/eclipse/swt/widgets/Control;"
    ]
  },
  {
    "frequency": 1,
    "overriddenMethods": [
      "Lorg/eclipse/jface/action/ControlContribution.computeWidth(Lorg/eclipse/swt/widgets/Control;)I",
      "Lorg/eclipse/jface/action/ControlContribution.createControl(Lorg/eclipse/swt/widgets/Composite;)Lorg/eclipse/swt/widgets/Control;"
    ]
  },
  {
    "frequency": 4,
    "overriddenMethods": [
      "Lorg/eclipse/jface/action/ContributionItem.dispose()V",
      "Lorg/eclipse/jface/action/ControlContribution.createControl(Lorg/eclipse/swt/widgets/Composite;)Lorg/eclipse/swt/widgets/Control;"
    ]
  },
  {
    "frequency": 1,
    "overriddenMethods": [
      "Lorg/eclipse/jface/action/ContributionItem.dispose()V",
      "Lorg/eclipse/jface/action/ControlContribution.computeWidth(Lorg/eclipse/swt/widgets/Control;)I",
      "Lorg/eclipse/jface/action/ControlContribution.createControl(Lorg/eclipse/swt/widgets/Composite;)Lorg/eclipse/swt/widgets/Control;"
    ]
  }
]