[
  {
    "frequency": 21,
    "overriddenMethods": []
  },
  {
    "frequency": 3,
    "overriddenMethods": [
      "Lorg/eclipse/jface/action/MenuManager.isVisible()Z"
    ]
  },
  {
    "frequency": 1,
    "overriddenMethods": [
      "Lorg/eclipse/jface/action/ContributionManager.add(Lorg/eclipse/jface/action/IAction;)V",
      "Lorg/eclipse/jface/action/ContributionManager.add(Lorg/eclipse/jface/action/IContributionItem;)V"
    ]
  },
  {
    "frequency": 1,
    "overriddenMethods": [
      "Lorg/eclipse/jface/action/ContributionManager.add(Lorg/eclipse/jface/action/IAction;)V",
      "Lorg/eclipse/jface/action/ContributionManager.add(Lorg/eclipse/jface/action/IContributionItem;)V",
      "Lorg/eclipse/jface/action/ContributionManager.appendToGroup(Ljava/lang/String;Lorg/eclipse/jface/action/IAction;)V",
      "Lorg/eclipse/jface/action/ContributionManager.appendToGroup(Ljava/lang/String;Lorg/eclipse/jface/action/IContributionItem;)V",
      "Lorg/eclipse/jface/action/ContributionManager.find(Ljava/lang/String;)Lorg/eclipse/jface/action/IContributionItem;",
      "Lorg/eclipse/jface/action/ContributionManager.getItems()[Lorg/eclipse/jface/action/IContributionItem;",
      "Lorg/eclipse/jface/action/ContributionManager.insertAfter(Ljava/lang/String;Lorg/eclipse/jface/action/IAction;)V",
      "Lorg/eclipse/jface/action/ContributionManager.insertAfter(Ljava/lang/String;Lorg/eclipse/jface/action/IContributionItem;)V",
      "Lorg/eclipse/jface/action/ContributionManager.insertBefore(Ljava/lang/String;Lorg/eclipse/jface/action/IAction;)V",
      "Lorg/eclipse/jface/action/ContributionManager.insertBefore(Ljava/lang/String;Lorg/eclipse/jface/action/IContributionItem;)V",
      "Lorg/eclipse/jface/action/ContributionManager.isDirty()Z",
      "Lorg/eclipse/jface/action/ContributionManager.isEmpty()Z",
      "Lorg/eclipse/jface/action/ContributionManager.prependToGroup(Ljava/lang/String;Lorg/eclipse/jface/action/IAction;)V",
      "Lorg/eclipse/jface/action/ContributionManager.prependToGroup(Ljava/lang/String;Lorg/eclipse/jface/action/IContributionItem;)V",
      "Lorg/eclipse/jface/action/ContributionManager.remove(Ljava/lang/String;)Lorg/eclipse/jface/action/IContributionItem;",
      "Lorg/eclipse/jface/action/ContributionManager.remove(Lorg/eclipse/jface/action/IContributionItem;)Lorg/eclipse/jface/action/IContributionItem;",
      "Lorg/eclipse/jface/action/ContributionManager.removeAll()V",
      "Lorg/eclipse/jface/action/MenuManager.addMenuListener(Lorg/eclipse/jface/action/IMenuListener;)V",
      "Lorg/eclipse/jface/action/MenuManager.dispose()V",
      "Lorg/eclipse/jface/action/MenuManager.fill(Lorg/eclipse/swt/widgets/Composite;)V",
      "Lorg/eclipse/jface/action/MenuManager.fill(Lorg/eclipse/swt/widgets/CoolBar;I)V",
      "Lorg/eclipse/jface/action/MenuManager.fill(Lorg/eclipse/swt/widgets/Menu;I)V",
      "Lorg/eclipse/jface/action/MenuManager.fill(Lorg/eclipse/swt/widgets/ToolBar;I)V",
      "Lorg/eclipse/jface/action/MenuManager.findMenuUsingPath(Ljava/lang/String;)Lorg/eclipse/jface/action/IMenuManager;",
      "Lorg/eclipse/jface/action/MenuManager.findUsingPath(Ljava/lang/String;)Lorg/eclipse/jface/action/IContributionItem;",
      "Lorg/eclipse/jface/action/MenuManager.getId()Ljava/lang/String;",
      "Lorg/eclipse/jface/action/MenuManager.getMenuText()Ljava/lang/String;",
      "Lorg/eclipse/jface/action/MenuManager.getOverrides()Lorg/eclipse/jface/action/IContributionManagerOverrides;",
      "Lorg/eclipse/jface/action/MenuManager.getRemoveAllWhenShown()Z",
      "Lorg/eclipse/jface/action/MenuManager.isDynamic()Z",
      "Lorg/eclipse/jface/action/MenuManager.isEnabled()Z",
      "Lorg/eclipse/jface/action/MenuManager.isGroupMarker()Z",
      "Lorg/eclipse/jface/action/MenuManager.isSeparator()Z",
      "Lorg/eclipse/jface/action/MenuManager.isVisible()Z",
      "Lorg/eclipse/jface/action/MenuManager.markDirty()V",
      "Lorg/eclipse/jface/action/MenuManager.removeMenuListener(Lorg/eclipse/jface/action/IMenuListener;)V",
      "Lorg/eclipse/jface/action/MenuManager.saveWidgetState()V",
      "Lorg/eclipse/jface/action/MenuManager.setParent(Lorg/eclipse/jface/action/IContributionManager;)V",
      "Lorg/eclipse/jface/action/MenuManager.setRemoveAllWhenShown(Z)V",
      "Lorg/eclipse/jface/action/MenuManager.setVisible(Z)V",
      "Lorg/eclipse/jface/action/MenuManager.update()V",
      "Lorg/eclipse/jface/action/MenuManager.update(Ljava/lang/String;)V",
      "Lorg/eclipse/jface/action/MenuManager.update(Z)V",
      "Lorg/eclipse/jface/action/MenuManager.updateAll(Z)V"
    ]
  },
  {
    "frequency": 1,
    "overriddenMethods": [
      "Lorg/eclipse/jface/action/ContributionManager.isDirty()Z",
      "Lorg/eclipse/jface/action/MenuManager.isDynamic()Z"
    ]
  },
  {
    "frequency": 1,
    "overriddenMethods": [
      "Ljava/lang/Object.toString()Ljava/lang/String;",
      "Lorg/eclipse/jface/action/MenuManager.isEnabled()Z"
    ]
  },
  {
    "frequency": 1,
    "overriddenMethods": [
      "Lorg/eclipse/jface/action/MenuManager.isDynamic()Z",
      "Lorg/eclipse/jface/action/MenuManager.update(ZZ)V"
    ]
  },
  {
    "frequency": 6,
    "overriddenMethods": [
      "Lorg/eclipse/jface/action/MenuManager.fill(Lorg/eclipse/swt/widgets/Menu;I)V"
    ]
  },
  {
    "frequency": 1,
    "overriddenMethods": [
      "Lorg/eclipse/jface/action/ContributionManager.add(Lorg/eclipse/jface/action/IContributionItem;)V",
      "Lorg/eclipse/jface/action/ContributionManager.appendToGroup(Ljava/lang/String;Lorg/eclipse/jface/action/IAction;)V",
      "Lorg/eclipse/jface/action/ContributionManager.appendToGroup(Ljava/lang/String;Lorg/eclipse/jface/action/IContributionItem;)V"
    ]
  },
  {
    "frequency": 1,
    "overriddenMethods": [
      "Lorg/eclipse/jface/action/ContributionManager.isDirty()Z",
      "Lorg/eclipse/jface/action/ContributionManager.itemAdded(Lorg/eclipse/jface/action/IContributionItem;)V",
      "Lorg/eclipse/jface/action/ContributionManager.itemRemoved(Lorg/eclipse/jface/action/IContributionItem;)V",
      "Lorg/eclipse/jface/action/MenuManager.dispose()V",
      "Lorg/eclipse/jface/action/MenuManager.fill(Lorg/eclipse/swt/widgets/Composite;)V",
      "Lorg/eclipse/jface/action/MenuManager.fill(Lorg/eclipse/swt/widgets/Menu;I)V",
      "Lorg/eclipse/jface/action/MenuManager.fill(Lorg/eclipse/swt/widgets/ToolBar;I)V",
      "Lorg/eclipse/jface/action/MenuManager.isDynamic()Z",
      "Lorg/eclipse/jface/action/MenuManager.isEnabled()Z",
      "Lorg/eclipse/jface/action/MenuManager.isGroupMarker()Z",
      "Lorg/eclipse/jface/action/MenuManager.isSeparator()Z",
      "Lorg/eclipse/jface/action/MenuManager.isVisible()Z",
      "Lorg/eclipse/jface/action/MenuManager.setParent(Lorg/eclipse/jface/action/IContributionManager;)V",
      "Lorg/eclipse/jface/action/MenuManager.setVisible(Z)V",
      "Lorg/eclipse/jface/action/MenuManager.update()V",
      "Lorg/eclipse/jface/action/MenuManager.update(Ljava/lang/String;)V",
      "Lorg/eclipse/jface/action/MenuManager.update(Z)V",
      "Lorg/eclipse/jface/action/MenuManager.updateAll(Z)V"
    ]
  },
  {
    "frequency": 1,
    "overriddenMethods": [
      "Lorg/eclipse/jface/action/MenuManager.fill(Lorg/eclipse/swt/widgets/Composite;)V",
      "Lorg/eclipse/jface/action/MenuManager.update(ZZ)V"
    ]
  },
  {
    "frequency": 1,
    "overriddenMethods": [
      "Lorg/eclipse/jface/action/MenuManager.addMenuListener(Lorg/eclipse/jface/action/IMenuListener;)V"
    ]
  },
  {
    "frequency": 1,
    "overriddenMethods": [
      "Lorg/eclipse/jface/action/MenuManager.isDynamic()Z",
      "Lorg/eclipse/jface/action/MenuManager.isVisible()Z"
    ]
  },
  {
    "frequency": 1,
    "overriddenMethods": [
      "Lorg/eclipse/jface/action/MenuManager.dispose()V",
      "Lorg/eclipse/jface/action/MenuManager.fill(Lorg/eclipse/swt/widgets/Menu;I)V",
      "Lorg/eclipse/jface/action/MenuManager.isDynamic()Z"
    ]
  },
  {
    "frequency": 4,
    "overriddenMethods": [
      "Lorg/eclipse/jface/action/MenuManager.update(ZZ)V"
    ]
  },
  {
    "frequency": 3,
    "overriddenMethods": [
      "Lorg/eclipse/jface/action/MenuManager.isDynamic()Z"
    ]
  },
  {
    "frequency": 1,
    "overriddenMethods": [
      "Ljava/lang/Object.toString()Ljava/lang/String;",
      "Lorg/eclipse/jface/action/MenuManager.isEnabled()Z",
      "Lorg/eclipse/jface/action/MenuManager.isVisible()Z"
    ]
  }
]