[
  {
    "frequency": 1,
    "overriddenMethods": [
      "Lorg/eclipse/jface/action/ToolBarManager.createControl(Lorg/eclipse/swt/widgets/Composite;)Lorg/eclipse/swt/widgets/ToolBar;",
      "Lorg/eclipse/jface/action/ToolBarManager.relayout(Lorg/eclipse/swt/widgets/ToolBar;II)V"
    ]
  },
  {
    "frequency": 1,
    "overriddenMethods": [
      "Lorg/eclipse/jface/action/ContributionManager.add(Lorg/eclipse/jface/action/IAction;)V",
      "Lorg/eclipse/jface/action/ContributionManager.itemRemoved(Lorg/eclipse/jface/action/IContributionItem;)V",
      "Lorg/eclipse/jface/action/ToolBarManager.dispose()V",
      "Lorg/eclipse/jface/action/ToolBarManager.update(Z)V"
    ]
  },
  {
    "frequency": 2,
    "overriddenMethods": [
      "Lorg/eclipse/jface/action/ToolBarManager.relayout(Lorg/eclipse/swt/widgets/ToolBar;II)V"
    ]
  }
]