[
  {
    "frequency": 9,
    "overriddenMethods": []
  },
  {
    "frequency": 1,
    "overriddenMethods": [
      "Lorg/eclipse/jface/dialogs/Dialog.createDialogArea(Lorg/eclipse/swt/widgets/Composite;)Lorg/eclipse/swt/widgets/Control;",
      "Lorg/eclipse/jface/dialogs/Dialog.getInitialLocation(Lorg/eclipse/swt/graphics/Point;)Lorg/eclipse/swt/graphics/Point;",
      "Lorg/eclipse/jface/window/Window.configureShell(Lorg/eclipse/swt/widgets/Shell;)V"
    ]
  },
  {
    "frequency": 1,
    "overriddenMethods": [
      "Lorg/eclipse/jface/dialogs/Dialog.createButtonsForButtonBar(Lorg/eclipse/swt/widgets/Composite;)V",
      "Lorg/eclipse/jface/dialogs/Dialog.createDialogArea(Lorg/eclipse/swt/widgets/Composite;)Lorg/eclipse/swt/widgets/Control;",
      "Lorg/eclipse/jface/window/Window.getShell()Lorg/eclipse/swt/widgets/Shell;"
    ]
  },
  {
    "frequency": 2,
    "overriddenMethods": [
      "Lorg/eclipse/jface/dialogs/Dialog.createDialogArea(Lorg/eclipse/swt/widgets/Composite;)Lorg/eclipse/swt/widgets/Control;",
      "Lorg/eclipse/jface/window/Window.open()I"
    ]
  },
  {
    "frequency": 1,
    "overriddenMethods": [
      "Lorg/eclipse/jface/dialogs/Dialog.cancelPressed()V",
      "Lorg/eclipse/jface/dialogs/Dialog.createButtonBar(Lorg/eclipse/swt/widgets/Composite;)Lorg/eclipse/swt/widgets/Control;",
      "Lorg/eclipse/jface/dialogs/Dialog.createDialogArea(Lorg/eclipse/swt/widgets/Composite;)Lorg/eclipse/swt/widgets/Control;",
      "Lorg/eclipse/jface/dialogs/Dialog.getInitialSize()Lorg/eclipse/swt/graphics/Point;",
      "Lorg/eclipse/jface/window/Window.configureShell(Lorg/eclipse/swt/widgets/Shell;)V",
      "Lorg/eclipse/jface/window/Window.open()I"
    ]
  },
  {
    "frequency": 1,
    "overriddenMethods": [
      "Lorg/eclipse/jface/dialogs/Dialog.create()V",
      "Lorg/eclipse/jface/window/Window.configureShell(Lorg/eclipse/swt/widgets/Shell;)V"
    ]
  },
  {
    "frequency": 2,
    "overriddenMethods": [
      "Lorg/eclipse/jface/dialogs/Dialog.createButtonsForButtonBar(Lorg/eclipse/swt/widgets/Composite;)V",
      "Lorg/eclipse/jface/dialogs/Dialog.createDialogArea(Lorg/eclipse/swt/widgets/Composite;)Lorg/eclipse/swt/widgets/Control;",
      "Lorg/eclipse/jface/dialogs/Dialog.isResizable()Z"
    ]
  },
  {
    "frequency": 2,
    "overriddenMethods": [
      "Lorg/eclipse/jface/dialogs/Dialog.create()V",
      "Lorg/eclipse/jface/dialogs/Dialog.createDialogArea(Lorg/eclipse/swt/widgets/Composite;)Lorg/eclipse/swt/widgets/Control;",
      "Lorg/eclipse/jface/dialogs/Dialog.isResizable()Z",
      "Lorg/eclipse/jface/dialogs/Dialog.okPressed()V",
      "Lorg/eclipse/jface/window/Window.configureShell(Lorg/eclipse/swt/widgets/Shell;)V"
    ]
  },
  {
    "frequency": 2,
    "overriddenMethods": [
      "Lorg/eclipse/jface/dialogs/Dialog.close()Z",
      "Lorg/eclipse/jface/dialogs/Dialog.create()V",
      "Lorg/eclipse/jface/dialogs/Dialog.createButtonBar(Lorg/eclipse/swt/widgets/Composite;)Lorg/eclipse/swt/widgets/Control;",
      "Lorg/eclipse/jface/dialogs/Dialog.createDialogArea(Lorg/eclipse/swt/widgets/Composite;)Lorg/eclipse/swt/widgets/Control;",
      "Lorg/eclipse/jface/dialogs/Dialog.getInitialSize()Lorg/eclipse/swt/graphics/Point;",
      "Lorg/eclipse/jface/window/Window.open()I"
    ]
  },
  {
    "frequency": 1,
    "overriddenMethods": [
      "Lorg/eclipse/jface/dialogs/Dialog.createButtonBar(Lorg/eclipse/swt/widgets/Composite;)Lorg/eclipse/swt/widgets/Control;",
      "Lorg/eclipse/jface/dialogs/Dialog.createDialogArea(Lorg/eclipse/swt/widgets/Composite;)Lorg/eclipse/swt/widgets/Control;",
      "Lorg/eclipse/jface/dialogs/Dialog.isResizable()Z",
      "Lorg/eclipse/jface/window/Window.configureShell(Lorg/eclipse/swt/widgets/Shell;)V"
    ]
  },
  {
    "frequency": 1,
    "overriddenMethods": [
      "Lorg/eclipse/jface/dialogs/Dialog.createDialogArea(Lorg/eclipse/swt/widgets/Composite;)Lorg/eclipse/swt/widgets/Control;",
      "Lorg/eclipse/jface/dialogs/Dialog.getInitialSize()Lorg/eclipse/swt/graphics/Point;"
    ]
  },
  {
    "frequency": 47,
    "overriddenMethods": [
      "Lorg/eclipse/jface/dialogs/Dialog.createDialogArea(Lorg/eclipse/swt/widgets/Composite;)Lorg/eclipse/swt/widgets/Control;",
      "Lorg/eclipse/jface/window/Window.configureShell(Lorg/eclipse/swt/widgets/Shell;)V"
    ]
  },
  {
    "frequency": 2,
    "overriddenMethods": [
      "Lorg/eclipse/jface/dialogs/Dialog.close()Z",
      "Lorg/eclipse/jface/dialogs/Dialog.createDialogArea(Lorg/eclipse/swt/widgets/Composite;)Lorg/eclipse/swt/widgets/Control;",
      "Lorg/eclipse/jface/window/Window.configureShell(Lorg/eclipse/swt/widgets/Shell;)V"
    ]
  },
  {
    "frequency": 1,
    "overriddenMethods": [
      "Lorg/eclipse/jface/dialogs/Dialog.createButtonBar(Lorg/eclipse/swt/widgets/Composite;)Lorg/eclipse/swt/widgets/Control;",
      "Lorg/eclipse/jface/dialogs/Dialog.createContents(Lorg/eclipse/swt/widgets/Composite;)Lorg/eclipse/swt/widgets/Control;",
      "Lorg/eclipse/jface/dialogs/Dialog.createDialogArea(Lorg/eclipse/swt/widgets/Composite;)Lorg/eclipse/swt/widgets/Control;",
      "Lorg/eclipse/jface/dialogs/Dialog.isResizable()Z"
    ]
  },
  {
    "frequency": 1,
    "overriddenMethods": [
      "Lorg/eclipse/jface/dialogs/Dialog.createButtonsForButtonBar(Lorg/eclipse/swt/widgets/Composite;)V",
      "Lorg/eclipse/jface/dialogs/Dialog.createDialogArea(Lorg/eclipse/swt/widgets/Composite;)Lorg/eclipse/swt/widgets/Control;",
      "Lorg/eclipse/jface/dialogs/Dialog.getInitialSize()Lorg/eclipse/swt/graphics/Point;",
      "Lorg/eclipse/jface/window/Window.configureShell(Lorg/eclipse/swt/widgets/Shell;)V",
      "Lorg/eclipse/jface/window/Window.getShellStyle()I"
    ]
  },
  {
    "frequency": 1,
    "overriddenMethods": [
      "Lorg/eclipse/jface/dialogs/Dialog.createButtonsForButtonBar(Lorg/eclipse/swt/widgets/Composite;)V",
      "Lorg/eclipse/jface/dialogs/Dialog.createDialogArea(Lorg/eclipse/swt/widgets/Composite;)Lorg/eclipse/swt/widgets/Control;",
      "Lorg/eclipse/jface/dialogs/Dialog.getDialogBoundsSettings()Lorg/eclipse/jface/dialogs/IDialogSettings;",
      "Lorg/eclipse/jface/dialogs/Dialog.getDialogBoundsStrategy()I",
      "Lorg/eclipse/jface/dialogs/Dialog.getInitialSize()Lorg/eclipse/swt/graphics/Point;",
      "Lorg/eclipse/jface/window/Window.configureShell(Lorg/eclipse/swt/widgets/Shell;)V"
    ]
  },
  {
    "frequency": 1,
    "overriddenMethods": [
      "Lorg/eclipse/jface/dialogs/Dialog.cancelPressed()V",
      "Lorg/eclipse/jface/dialogs/Dialog.createDialogArea(Lorg/eclipse/swt/widgets/Composite;)Lorg/eclipse/swt/widgets/Control;",
      "Lorg/eclipse/jface/dialogs/Dialog.okPressed()V",
      "Lorg/eclipse/jface/window/Window.open()I"
    ]
  },
  {
    "frequency": 1,
    "overriddenMethods": [
      "Lorg/eclipse/jface/dialogs/Dialog.createButtonsForButtonBar(Lorg/eclipse/swt/widgets/Composite;)V",
      "Lorg/eclipse/jface/dialogs/Dialog.createDialogArea(Lorg/eclipse/swt/widgets/Composite;)Lorg/eclipse/swt/widgets/Control;",
      "Lorg/eclipse/jface/dialogs/Dialog.getInitialSize()Lorg/eclipse/swt/graphics/Point;"
    ]
  },
  {
    "frequency": 2,
    "overriddenMethods": [
      "Lorg/eclipse/jface/dialogs/Dialog.cancelPressed()V",
      "Lorg/eclipse/jface/dialogs/Dialog.create()V",
      "Lorg/eclipse/jface/dialogs/Dialog.createDialogArea(Lorg/eclipse/swt/widgets/Composite;)Lorg/eclipse/swt/widgets/Control;",
      "Lorg/eclipse/jface/dialogs/Dialog.okPressed()V",
      "Lorg/eclipse/jface/window/Window.configureShell(Lorg/eclipse/swt/widgets/Shell;)V"
    ]
  },
  {
    "frequency": 10,
    "overriddenMethods": [
      "Lorg/eclipse/jface/dialogs/Dialog.createDialogArea(Lorg/eclipse/swt/widgets/Composite;)Lorg/eclipse/swt/widgets/Control;",
      "Lorg/eclipse/jface/dialogs/Dialog.getInitialSize()Lorg/eclipse/swt/graphics/Point;",
      "Lorg/eclipse/jface/dialogs/Dialog.okPressed()V",
      "Lorg/eclipse/jface/window/Window.configureShell(Lorg/eclipse/swt/widgets/Shell;)V"
    ]
  },
  {
    "frequency": 1,
    "overriddenMethods": [
      "Lorg/eclipse/jface/dialogs/Dialog.cancelPressed()V",
      "Lorg/eclipse/jface/dialogs/Dialog.createButtonBar(Lorg/eclipse/swt/widgets/Composite;)Lorg/eclipse/swt/widgets/Control;",
      "Lorg/eclipse/jface/dialogs/Dialog.createContents(Lorg/eclipse/swt/widgets/Composite;)Lorg/eclipse/swt/widgets/Control;",
      "Lorg/eclipse/jface/dialogs/Dialog.createDialogArea(Lorg/eclipse/swt/widgets/Composite;)Lorg/eclipse/swt/widgets/Control;",
      "Lorg/eclipse/jface/dialogs/Dialog.okPressed()V"
    ]
  },
  {
    "frequency": 3,
    "overriddenMethods": [
      "Lorg/eclipse/jface/dialogs/Dialog.createButtonsForButtonBar(Lorg/eclipse/swt/widgets/Composite;)V",
      "Lorg/eclipse/jface/dialogs/Dialog.createDialogArea(Lorg/eclipse/swt/widgets/Composite;)Lorg/eclipse/swt/widgets/Control;",
      "Lorg/eclipse/jface/dialogs/Dialog.getDialogBoundsSettings()Lorg/eclipse/jface/dialogs/IDialogSettings;",
      "Lorg/eclipse/jface/window/Window.configureShell(Lorg/eclipse/swt/widgets/Shell;)V"
    ]
  },
  {
    "frequency": 6,
    "overriddenMethods": [
      "Lorg/eclipse/jface/dialogs/Dialog.createButtonBar(Lorg/eclipse/swt/widgets/Composite;)Lorg/eclipse/swt/widgets/Control;",
      "Lorg/eclipse/jface/dialogs/Dialog.createDialogArea(Lorg/eclipse/swt/widgets/Composite;)Lorg/eclipse/swt/widgets/Control;",
      "Lorg/eclipse/jface/window/Window.open()I"
    ]
  },
  {
    "frequency": 2,
    "overriddenMethods": [
      "Lorg/eclipse/jface/dialogs/Dialog.close()Z",
      "Lorg/eclipse/jface/dialogs/Dialog.createDialogArea(Lorg/eclipse/swt/widgets/Composite;)Lorg/eclipse/swt/widgets/Control;"
    ]
  },
  {
    "frequency": 19,
    "overriddenMethods": [
      "Lorg/eclipse/jface/dialogs/Dialog.createButtonsForButtonBar(Lorg/eclipse/swt/widgets/Composite;)V",
      "Lorg/eclipse/jface/dialogs/Dialog.createDialogArea(Lorg/eclipse/swt/widgets/Composite;)Lorg/eclipse/swt/widgets/Control;"
    ]
  },
  {
    "frequency": 2,
    "overriddenMethods": [
      "Lorg/eclipse/jface/dialogs/Dialog.createContents(Lorg/eclipse/swt/widgets/Composite;)Lorg/eclipse/swt/widgets/Control;",
      "Lorg/eclipse/jface/dialogs/Dialog.createDialogArea(Lorg/eclipse/swt/widgets/Composite;)Lorg/eclipse/swt/widgets/Control;",
      "Lorg/eclipse/jface/dialogs/Dialog.getInitialSize()Lorg/eclipse/swt/graphics/Point;",
      "Lorg/eclipse/jface/dialogs/Dialog.okPressed()V"
    ]
  },
  {
    "frequency": 1,
    "overriddenMethods": [
      "Lorg/eclipse/jface/dialogs/Dialog.buttonPressed(I)V",
      "Lorg/eclipse/jface/dialogs/Dialog.createButtonsForButtonBar(Lorg/eclipse/swt/widgets/Composite;)V",
      "Lorg/eclipse/jface/dialogs/Dialog.createDialogArea(Lorg/eclipse/swt/widgets/Composite;)Lorg/eclipse/swt/widgets/Control;",
      "Lorg/eclipse/jface/dialogs/Dialog.getInitialSize()Lorg/eclipse/swt/graphics/Point;",
      "Lorg/eclipse/jface/dialogs/Dialog.isResizable()Z",
      "Lorg/eclipse/jface/dialogs/Dialog.setButtonLayoutData(Lorg/eclipse/swt/widgets/Button;)V",
      "Lorg/eclipse/jface/window/Window.configureShell(Lorg/eclipse/swt/widgets/Shell;)V"
    ]
  },
  {
    "frequency": 4,
    "overriddenMethods": [
      "Lorg/eclipse/jface/dialogs/Dialog.buttonPressed(I)V",
      "Lorg/eclipse/jface/dialogs/Dialog.createButtonBar(Lorg/eclipse/swt/widgets/Composite;)Lorg/eclipse/swt/widgets/Control;",
      "Lorg/eclipse/jface/dialogs/Dialog.createDialogArea(Lorg/eclipse/swt/widgets/Composite;)Lorg/eclipse/swt/widgets/Control;",
      "Lorg/eclipse/jface/window/Window.configureShell(Lorg/eclipse/swt/widgets/Shell;)V"
    ]
  },
  {
    "frequency": 1,
    "overriddenMethods": [
      "Lorg/eclipse/jface/dialogs/Dialog.cancelPressed()V",
      "Lorg/eclipse/jface/dialogs/Dialog.create()V",
      "Lorg/eclipse/jface/dialogs/Dialog.createDialogArea(Lorg/eclipse/swt/widgets/Composite;)Lorg/eclipse/swt/widgets/Control;",
      "Lorg/eclipse/jface/dialogs/Dialog.getDialogBoundsSettings()Lorg/eclipse/jface/dialogs/IDialogSettings;",
      "Lorg/eclipse/jface/dialogs/Dialog.okPressed()V",
      "Lorg/eclipse/jface/window/Window.configureShell(Lorg/eclipse/swt/widgets/Shell;)V",
      "Lorg/eclipse/jface/window/Window.open()I"
    ]
  },
  {
    "frequency": 1,
    "overriddenMethods": [
      "Lorg/eclipse/jface/dialogs/Dialog.buttonPressed(I)V",
      "Lorg/eclipse/jface/dialogs/Dialog.close()Z",
      "Lorg/eclipse/jface/dialogs/Dialog.createButtonsForButtonBar(Lorg/eclipse/swt/widgets/Composite;)V",
      "Lorg/eclipse/jface/dialogs/Dialog.createDialogArea(Lorg/eclipse/swt/widgets/Composite;)Lorg/eclipse/swt/widgets/Control;",
      "Lorg/eclipse/jface/dialogs/Dialog.isResizable()Z",
      "Lorg/eclipse/jface/window/Window.configureShell(Lorg/eclipse/swt/widgets/Shell;)V"
    ]
  },
  {
    "frequency": 1,
    "overriddenMethods": [
      "Lorg/eclipse/jface/dialogs/Dialog.cancelPressed()V",
      "Lorg/eclipse/jface/dialogs/Dialog.createButtonsForButtonBar(Lorg/eclipse/swt/widgets/Composite;)V",
      "Lorg/eclipse/jface/dialogs/Dialog.createDialogArea(Lorg/eclipse/swt/widgets/Composite;)Lorg/eclipse/swt/widgets/Control;",
      "Lorg/eclipse/jface/dialogs/Dialog.okPressed()V",
      "Lorg/eclipse/jface/window/Window.configureShell(Lorg/eclipse/swt/widgets/Shell;)V"
    ]
  },
  {
    "frequency": 1,
    "overriddenMethods": [
      "Lorg/eclipse/jface/dialogs/Dialog.createButton(Lorg/eclipse/swt/widgets/Composite;ILjava/lang/String;Z)Lorg/eclipse/swt/widgets/Button;",
      "Lorg/eclipse/jface/dialogs/Dialog.createDialogArea(Lorg/eclipse/swt/widgets/Composite;)Lorg/eclipse/swt/widgets/Control;",
      "Lorg/eclipse/jface/dialogs/Dialog.getInitialSize()Lorg/eclipse/swt/graphics/Point;",
      "Lorg/eclipse/jface/window/Window.configureShell(Lorg/eclipse/swt/widgets/Shell;)V",
      "Lorg/eclipse/jface/window/Window.setShellStyle(I)V"
    ]
  },
  {
    "frequency": 1,
    "overriddenMethods": [
      "Lorg/eclipse/jface/dialogs/Dialog.createButtonBar(Lorg/eclipse/swt/widgets/Composite;)Lorg/eclipse/swt/widgets/Control;",
      "Lorg/eclipse/jface/dialogs/Dialog.createDialogArea(Lorg/eclipse/swt/widgets/Composite;)Lorg/eclipse/swt/widgets/Control;",
      "Lorg/eclipse/jface/dialogs/Dialog.getInitialSize()Lorg/eclipse/swt/graphics/Point;",
      "Lorg/eclipse/jface/dialogs/Dialog.okPressed()V"
    ]
  },
  {
    "frequency": 5,
    "overriddenMethods": [
      "Lorg/eclipse/jface/dialogs/Dialog.create()V",
      "Lorg/eclipse/jface/dialogs/Dialog.createDialogArea(Lorg/eclipse/swt/widgets/Composite;)Lorg/eclipse/swt/widgets/Control;"
    ]
  },
  {
    "frequency": 2,
    "overriddenMethods": [
      "Lorg/eclipse/jface/dialogs/Dialog.cancelPressed()V",
      "Lorg/eclipse/jface/dialogs/Dialog.close()Z",
      "Lorg/eclipse/jface/dialogs/Dialog.createButtonsForButtonBar(Lorg/eclipse/swt/widgets/Composite;)V",
      "Lorg/eclipse/jface/dialogs/Dialog.createDialogArea(Lorg/eclipse/swt/widgets/Composite;)Lorg/eclipse/swt/widgets/Control;",
      "Lorg/eclipse/jface/dialogs/Dialog.okPressed()V",
      "Lorg/eclipse/jface/window/Window.configureShell(Lorg/eclipse/swt/widgets/Shell;)V"
    ]
  },
  {
    "frequency": 3,
    "overriddenMethods": [
      "Lorg/eclipse/jface/dialogs/Dialog.createButtonsForButtonBar(Lorg/eclipse/swt/widgets/Composite;)V",
      "Lorg/eclipse/jface/dialogs/Dialog.createDialogArea(Lorg/eclipse/swt/widgets/Composite;)Lorg/eclipse/swt/widgets/Control;",
      "Lorg/eclipse/jface/dialogs/Dialog.getInitialSize()Lorg/eclipse/swt/graphics/Point;",
      "Lorg/eclipse/jface/dialogs/Dialog.okPressed()V",
      "Lorg/eclipse/jface/window/Window.configureShell(Lorg/eclipse/swt/widgets/Shell;)V"
    ]
  },
  {
    "frequency": 21,
    "overriddenMethods": [
      "Lorg/eclipse/jface/dialogs/Dialog.createButton(Lorg/eclipse/swt/widgets/Composite;ILjava/lang/String;Z)Lorg/eclipse/swt/widgets/Button;",
      "Lorg/eclipse/jface/dialogs/Dialog.createDialogArea(Lorg/eclipse/swt/widgets/Composite;)Lorg/eclipse/swt/widgets/Control;",
      "Lorg/eclipse/jface/dialogs/Dialog.okPressed()V"
    ]
  },
  {
    "frequency": 2,
    "overriddenMethods": [
      "Lorg/eclipse/jface/dialogs/Dialog.buttonPressed(I)V",
      "Lorg/eclipse/jface/dialogs/Dialog.createButtonsForButtonBar(Lorg/eclipse/swt/widgets/Composite;)V",
      "Lorg/eclipse/jface/dialogs/Dialog.createDialogArea(Lorg/eclipse/swt/widgets/Composite;)Lorg/eclipse/swt/widgets/Control;",
      "Lorg/eclipse/jface/window/Window.configureShell(Lorg/eclipse/swt/widgets/Shell;)V",
      "Lorg/eclipse/jface/window/Window.open()I"
    ]
  },
  {
    "frequency": 1,
    "overriddenMethods": [
      "Lorg/eclipse/jface/dialogs/Dialog.createDialogArea(Lorg/eclipse/swt/widgets/Composite;)Lorg/eclipse/swt/widgets/Control;",
      "Lorg/eclipse/jface/dialogs/Dialog.initializeBounds()V",
      "Lorg/eclipse/jface/dialogs/Dialog.okPressed()V",
      "Lorg/eclipse/jface/window/Window.configureShell(Lorg/eclipse/swt/widgets/Shell;)V"
    ]
  },
  {
    "frequency": 1,
    "overriddenMethods": [
      "Lorg/eclipse/jface/dialogs/Dialog.createContents(Lorg/eclipse/swt/widgets/Composite;)Lorg/eclipse/swt/widgets/Control;",
      "Lorg/eclipse/jface/dialogs/Dialog.isResizable()Z",
      "Lorg/eclipse/jface/dialogs/Dialog.okPressed()V"
    ]
  },
  {
    "frequency": 1,
    "overriddenMethods": [
      "Lorg/eclipse/jface/dialogs/Dialog.close()Z",
      "Lorg/eclipse/jface/dialogs/Dialog.createDialogArea(Lorg/eclipse/swt/widgets/Composite;)Lorg/eclipse/swt/widgets/Control;",
      "Lorg/eclipse/jface/dialogs/Dialog.okPressed()V",
      "Lorg/eclipse/jface/window/Window.configureShell(Lorg/eclipse/swt/widgets/Shell;)V",
      "Lorg/eclipse/jface/window/Window.open()I"
    ]
  },
  {
    "frequency": 4,
    "overriddenMethods": [
      "Lorg/eclipse/jface/dialogs/Dialog.buttonPressed(I)V",
      "Lorg/eclipse/jface/dialogs/Dialog.createDialogArea(Lorg/eclipse/swt/widgets/Composite;)Lorg/eclipse/swt/widgets/Control;",
      "Lorg/eclipse/jface/window/Window.configureShell(Lorg/eclipse/swt/widgets/Shell;)V",
      "Lorg/eclipse/jface/window/Window.open()I"
    ]
  },
  {
    "frequency": 1,
    "overriddenMethods": [
      "Lorg/eclipse/jface/dialogs/Dialog.buttonPressed(I)V",
      "Lorg/eclipse/jface/dialogs/Dialog.create()V",
      "Lorg/eclipse/jface/dialogs/Dialog.createDialogArea(Lorg/eclipse/swt/widgets/Composite;)Lorg/eclipse/swt/widgets/Control;"
    ]
  },
  {
    "frequency": 1,
    "overriddenMethods": [
      "Lorg/eclipse/jface/dialogs/Dialog.buttonPressed(I)V",
      "Lorg/eclipse/jface/dialogs/Dialog.createDialogArea(Lorg/eclipse/swt/widgets/Composite;)Lorg/eclipse/swt/widgets/Control;",
      "Lorg/eclipse/jface/dialogs/Dialog.getInitialSize()Lorg/eclipse/swt/graphics/Point;",
      "Lorg/eclipse/jface/dialogs/Dialog.isResizable()Z",
      "Lorg/eclipse/jface/window/Window.configureShell(Lorg/eclipse/swt/widgets/Shell;)V"
    ]
  },
  {
    "frequency": 11,
    "overriddenMethods": [
      "Lorg/eclipse/jface/dialogs/Dialog.createButtonsForButtonBar(Lorg/eclipse/swt/widgets/Composite;)V",
      "Lorg/eclipse/jface/dialogs/Dialog.createDialogArea(Lorg/eclipse/swt/widgets/Composite;)Lorg/eclipse/swt/widgets/Control;",
      "Lorg/eclipse/jface/dialogs/Dialog.okPressed()V"
    ]
  },
  {
    "frequency": 1,
    "overriddenMethods": [
      "Lorg/eclipse/jface/dialogs/Dialog.buttonPressed(I)V",
      "Lorg/eclipse/jface/dialogs/Dialog.cancelPressed()V",
      "Lorg/eclipse/jface/dialogs/Dialog.createDialogArea(Lorg/eclipse/swt/widgets/Composite;)Lorg/eclipse/swt/widgets/Control;",
      "Lorg/eclipse/jface/dialogs/Dialog.okPressed()V",
      "Lorg/eclipse/jface/window/Window.configureShell(Lorg/eclipse/swt/widgets/Shell;)V"
    ]
  },
  {
    "frequency": 8,
    "overriddenMethods": [
      "Lorg/eclipse/jface/dialogs/Dialog.cancelPressed()V",
      "Lorg/eclipse/jface/dialogs/Dialog.createDialogArea(Lorg/eclipse/swt/widgets/Composite;)Lorg/eclipse/swt/widgets/Control;",
      "Lorg/eclipse/jface/dialogs/Dialog.okPressed()V"
    ]
  },
  {
    "frequency": 1,
    "overriddenMethods": [
      "Lorg/eclipse/jface/dialogs/Dialog.create()V",
      "Lorg/eclipse/jface/dialogs/Dialog.createButtonsForButtonBar(Lorg/eclipse/swt/widgets/Composite;)V",
      "Lorg/eclipse/jface/dialogs/Dialog.createDialogArea(Lorg/eclipse/swt/widgets/Composite;)Lorg/eclipse/swt/widgets/Control;",
      "Lorg/eclipse/jface/dialogs/Dialog.okPressed()V"
    ]
  },
  {
    "frequency": 2,
    "overriddenMethods": [
      "Lorg/eclipse/jface/dialogs/Dialog.buttonPressed(I)V",
      "Lorg/eclipse/jface/dialogs/Dialog.cancelPressed()V",
      "Lorg/eclipse/jface/dialogs/Dialog.createButtonsForButtonBar(Lorg/eclipse/swt/widgets/Composite;)V",
      "Lorg/eclipse/jface/dialogs/Dialog.createDialogArea(Lorg/eclipse/swt/widgets/Composite;)Lorg/eclipse/swt/widgets/Control;",
      "Lorg/eclipse/jface/dialogs/Dialog.getDialogBoundsSettings()Lorg/eclipse/jface/dialogs/IDialogSettings;",
      "Lorg/eclipse/jface/dialogs/Dialog.isResizable()Z",
      "Lorg/eclipse/jface/window/Window.configureShell(Lorg/eclipse/swt/widgets/Shell;)V"
    ]
  },
  {
    "frequency": 7,
    "overriddenMethods": [
      "Lorg/eclipse/jface/dialogs/Dialog.createContents(Lorg/eclipse/swt/widgets/Composite;)Lorg/eclipse/swt/widgets/Control;",
      "Lorg/eclipse/jface/dialogs/Dialog.createDialogArea(Lorg/eclipse/swt/widgets/Composite;)Lorg/eclipse/swt/widgets/Control;",
      "Lorg/eclipse/jface/window/Window.configureShell(Lorg/eclipse/swt/widgets/Shell;)V"
    ]
  },
  {
    "frequency": 2,
    "overriddenMethods": [
      "Lorg/eclipse/jface/dialogs/Dialog.createButtonBar(Lorg/eclipse/swt/widgets/Composite;)Lorg/eclipse/swt/widgets/Control;",
      "Lorg/eclipse/jface/dialogs/Dialog.createDialogArea(Lorg/eclipse/swt/widgets/Composite;)Lorg/eclipse/swt/widgets/Control;",
      "Lorg/eclipse/jface/dialogs/Dialog.getDialogBoundsSettings()Lorg/eclipse/jface/dialogs/IDialogSettings;",
      "Lorg/eclipse/jface/dialogs/Dialog.isResizable()Z",
      "Lorg/eclipse/jface/dialogs/Dialog.okPressed()V",
      "Lorg/eclipse/jface/window/Window.configureShell(Lorg/eclipse/swt/widgets/Shell;)V"
    ]
  },
  {
    "frequency": 1,
    "overriddenMethods": [
      "Lorg/eclipse/jface/dialogs/Dialog.createButtonBar(Lorg/eclipse/swt/widgets/Composite;)Lorg/eclipse/swt/widgets/Control;",
      "Lorg/eclipse/jface/dialogs/Dialog.createContents(Lorg/eclipse/swt/widgets/Composite;)Lorg/eclipse/swt/widgets/Control;",
      "Lorg/eclipse/jface/dialogs/Dialog.createDialogArea(Lorg/eclipse/swt/widgets/Composite;)Lorg/eclipse/swt/widgets/Control;",
      "Lorg/eclipse/jface/window/Window.open()I"
    ]
  },
  {
    "frequency": 2,
    "overriddenMethods": [
      "Lorg/eclipse/jface/dialogs/Dialog.createButtonsForButtonBar(Lorg/eclipse/swt/widgets/Composite;)V",
      "Lorg/eclipse/jface/dialogs/Dialog.createDialogArea(Lorg/eclipse/swt/widgets/Composite;)Lorg/eclipse/swt/widgets/Control;",
      "Lorg/eclipse/jface/dialogs/Dialog.okPressed()V",
      "Lorg/eclipse/jface/window/Window.configureShell(Lorg/eclipse/swt/widgets/Shell;)V",
      "Lorg/eclipse/jface/window/Window.open()I"
    ]
  },
  {
    "frequency": 1,
    "overriddenMethods": [
      "Lorg/eclipse/jface/dialogs/Dialog.buttonPressed(I)V",
      "Lorg/eclipse/jface/dialogs/Dialog.createButtonsForButtonBar(Lorg/eclipse/swt/widgets/Composite;)V",
      "Lorg/eclipse/jface/dialogs/Dialog.createDialogArea(Lorg/eclipse/swt/widgets/Composite;)Lorg/eclipse/swt/widgets/Control;",
      "Lorg/eclipse/jface/dialogs/Dialog.getDialogBoundsSettings()Lorg/eclipse/jface/dialogs/IDialogSettings;",
      "Lorg/eclipse/jface/dialogs/Dialog.getDialogBoundsStrategy()I",
      "Lorg/eclipse/jface/dialogs/Dialog.isResizable()Z",
      "Lorg/eclipse/jface/window/Window.configureShell(Lorg/eclipse/swt/widgets/Shell;)V"
    ]
  },
  {
    "frequency": 2,
    "overriddenMethods": [
      "Lorg/eclipse/jface/dialogs/Dialog.buttonPressed(I)V",
      "Lorg/eclipse/jface/dialogs/Dialog.close()Z",
      "Lorg/eclipse/jface/dialogs/Dialog.createButtonsForButtonBar(Lorg/eclipse/swt/widgets/Composite;)V",
      "Lorg/eclipse/jface/dialogs/Dialog.createDialogArea(Lorg/eclipse/swt/widgets/Composite;)Lorg/eclipse/swt/widgets/Control;"
    ]
  },
  {
    "frequency": 1,
    "overriddenMethods": [
      "Lorg/eclipse/jface/dialogs/Dialog.cancelPressed()V",
      "Lorg/eclipse/jface/dialogs/Dialog.close()Z",
      "Lorg/eclipse/jface/dialogs/Dialog.createContents(Lorg/eclipse/swt/widgets/Composite;)Lorg/eclipse/swt/widgets/Control;",
      "Lorg/eclipse/jface/dialogs/Dialog.createDialogArea(Lorg/eclipse/swt/widgets/Composite;)Lorg/eclipse/swt/widgets/Control;",
      "Lorg/eclipse/jface/dialogs/Dialog.okPressed()V"
    ]
  },
  {
    "frequency": 3,
    "overriddenMethods": [
      "Lorg/eclipse/jface/dialogs/Dialog.createDialogArea(Lorg/eclipse/swt/widgets/Composite;)Lorg/eclipse/swt/widgets/Control;",
      "Lorg/eclipse/jface/dialogs/Dialog.getDialogBoundsSettings()Lorg/eclipse/jface/dialogs/IDialogSettings;",
      "Lorg/eclipse/jface/dialogs/Dialog.okPressed()V",
      "Lorg/eclipse/jface/window/Window.configureShell(Lorg/eclipse/swt/widgets/Shell;)V"
    ]
  },
  {
    "frequency": 1,
    "overriddenMethods": [
      "Lorg/eclipse/jface/dialogs/Dialog.cancelPressed()V",
      "Lorg/eclipse/jface/dialogs/Dialog.createButton(Lorg/eclipse/swt/widgets/Composite;ILjava/lang/String;Z)Lorg/eclipse/swt/widgets/Button;",
      "Lorg/eclipse/jface/dialogs/Dialog.createDialogArea(Lorg/eclipse/swt/widgets/Composite;)Lorg/eclipse/swt/widgets/Control;",
      "Lorg/eclipse/jface/dialogs/Dialog.getInitialLocation(Lorg/eclipse/swt/graphics/Point;)Lorg/eclipse/swt/graphics/Point;",
      "Lorg/eclipse/jface/dialogs/Dialog.getInitialSize()Lorg/eclipse/swt/graphics/Point;",
      "Lorg/eclipse/jface/dialogs/Dialog.okPressed()V"
    ]
  },
  {
    "frequency": 1,
    "overriddenMethods": [
      "Lorg/eclipse/jface/dialogs/Dialog.createDialogArea(Lorg/eclipse/swt/widgets/Composite;)Lorg/eclipse/swt/widgets/Control;",
      "Lorg/eclipse/jface/dialogs/Dialog.getInitialSize()Lorg/eclipse/swt/graphics/Point;",
      "Lorg/eclipse/jface/dialogs/Dialog.okPressed()V",
      "Lorg/eclipse/jface/window/Window.configureShell(Lorg/eclipse/swt/widgets/Shell;)V",
      "Lorg/eclipse/jface/window/Window.open()I"
    ]
  },
  {
    "frequency": 1,
    "overriddenMethods": [
      "Lorg/eclipse/jface/dialogs/Dialog.buttonPressed(I)V",
      "Lorg/eclipse/jface/dialogs/Dialog.close()Z",
      "Lorg/eclipse/jface/dialogs/Dialog.createDialogArea(Lorg/eclipse/swt/widgets/Composite;)Lorg/eclipse/swt/widgets/Control;",
      "Lorg/eclipse/jface/dialogs/Dialog.getButton(I)Lorg/eclipse/swt/widgets/Button;",
      "Lorg/eclipse/jface/window/Window.configureShell(Lorg/eclipse/swt/widgets/Shell;)V"
    ]
  },
  {
    "frequency": 1,
    "overriddenMethods": [
      "Lorg/eclipse/jface/dialogs/Dialog.close()Z",
      "Lorg/eclipse/jface/dialogs/Dialog.createContents(Lorg/eclipse/swt/widgets/Composite;)Lorg/eclipse/swt/widgets/Control;",
      "Lorg/eclipse/jface/dialogs/Dialog.getInitialLocation(Lorg/eclipse/swt/graphics/Point;)Lorg/eclipse/swt/graphics/Point;",
      "Lorg/eclipse/jface/dialogs/Dialog.getInitialSize()Lorg/eclipse/swt/graphics/Point;"
    ]
  },
  {
    "frequency": 15,
    "overriddenMethods": [
      "Lorg/eclipse/jface/dialogs/Dialog.buttonPressed(I)V",
      "Lorg/eclipse/jface/dialogs/Dialog.createButtonsForButtonBar(Lorg/eclipse/swt/widgets/Composite;)V",
      "Lorg/eclipse/jface/dialogs/Dialog.createDialogArea(Lorg/eclipse/swt/widgets/Composite;)Lorg/eclipse/swt/widgets/Control;"
    ]
  },
  {
    "frequency": 5,
    "overriddenMethods": [
      "Lorg/eclipse/jface/dialogs/Dialog.createDialogArea(Lorg/eclipse/swt/widgets/Composite;)Lorg/eclipse/swt/widgets/Control;",
      "Lorg/eclipse/jface/dialogs/Dialog.isResizable()Z",
      "Lorg/eclipse/jface/dialogs/Dialog.okPressed()V",
      "Lorg/eclipse/jface/window/Window.configureShell(Lorg/eclipse/swt/widgets/Shell;)V"
    ]
  },
  {
    "frequency": 3,
    "overriddenMethods": [
      "Lorg/eclipse/jface/dialogs/Dialog.createButtonBar(Lorg/eclipse/swt/widgets/Composite;)Lorg/eclipse/swt/widgets/Control;",
      "Lorg/eclipse/jface/dialogs/Dialog.createDialogArea(Lorg/eclipse/swt/widgets/Composite;)Lorg/eclipse/swt/widgets/Control;",
      "Lorg/eclipse/jface/dialogs/Dialog.okPressed()V",
      "Lorg/eclipse/jface/window/Window.configureShell(Lorg/eclipse/swt/widgets/Shell;)V",
      "Lorg/eclipse/jface/window/Window.open()I"
    ]
  },
  {
    "frequency": 5,
    "overriddenMethods": [
      "Lorg/eclipse/jface/dialogs/Dialog.close()Z",
      "Lorg/eclipse/jface/dialogs/Dialog.createButtonsForButtonBar(Lorg/eclipse/swt/widgets/Composite;)V",
      "Lorg/eclipse/jface/dialogs/Dialog.createDialogArea(Lorg/eclipse/swt/widgets/Composite;)Lorg/eclipse/swt/widgets/Control;",
      "Lorg/eclipse/jface/dialogs/Dialog.okPressed()V",
      "Lorg/eclipse/jface/window/Window.configureShell(Lorg/eclipse/swt/widgets/Shell;)V"
    ]
  },
  {
    "frequency": 6,
    "overriddenMethods": [
      "Lorg/eclipse/jface/dialogs/Dialog.close()Z",
      "Lorg/eclipse/jface/dialogs/Dialog.createButtonBar(Lorg/eclipse/swt/widgets/Composite;)Lorg/eclipse/swt/widgets/Control;",
      "Lorg/eclipse/jface/dialogs/Dialog.createDialogArea(Lorg/eclipse/swt/widgets/Composite;)Lorg/eclipse/swt/widgets/Control;",
      "Lorg/eclipse/jface/dialogs/Dialog.okPressed()V",
      "Lorg/eclipse/jface/window/Window.configureShell(Lorg/eclipse/swt/widgets/Shell;)V"
    ]
  },
  {
    "frequency": 15,
    "overriddenMethods": [
      "Lorg/eclipse/jface/dialogs/Dialog.createButtonBar(Lorg/eclipse/swt/widgets/Composite;)Lorg/eclipse/swt/widgets/Control;",
      "Lorg/eclipse/jface/dialogs/Dialog.createDialogArea(Lorg/eclipse/swt/widgets/Composite;)Lorg/eclipse/swt/widgets/Control;",
      "Lorg/eclipse/jface/dialogs/Dialog.okPressed()V",
      "Lorg/eclipse/jface/window/Window.configureShell(Lorg/eclipse/swt/widgets/Shell;)V"
    ]
  },
  {
    "frequency": 1,
    "overriddenMethods": [
      "Lorg/eclipse/jface/dialogs/Dialog.createButtonsForButtonBar(Lorg/eclipse/swt/widgets/Composite;)V",
      "Lorg/eclipse/jface/dialogs/Dialog.createDialogArea(Lorg/eclipse/swt/widgets/Composite;)Lorg/eclipse/swt/widgets/Control;",
      "Lorg/eclipse/jface/dialogs/Dialog.okPressed()V",
      "Lorg/eclipse/jface/window/Window.configureShell(Lorg/eclipse/swt/widgets/Shell;)V",
      "Lorg/eclipse/jface/window/Window.getShellStyle()I"
    ]
  },
  {
    "frequency": 1,
    "overriddenMethods": [
      "Lorg/eclipse/jface/dialogs/Dialog.createContents(Lorg/eclipse/swt/widgets/Composite;)Lorg/eclipse/swt/widgets/Control;",
      "Lorg/eclipse/jface/dialogs/Dialog.okPressed()V"
    ]
  },
  {
    "frequency": 1,
    "overriddenMethods": [
      "Lorg/eclipse/jface/window/Window.setShellStyle(I)V"
    ]
  },
  {
    "frequency": 1,
    "overriddenMethods": [
      "Lorg/eclipse/jface/dialogs/Dialog.close()Z",
      "Lorg/eclipse/jface/dialogs/Dialog.createButtonBar(Lorg/eclipse/swt/widgets/Composite;)Lorg/eclipse/swt/widgets/Control;",
      "Lorg/eclipse/jface/dialogs/Dialog.createDialogArea(Lorg/eclipse/swt/widgets/Composite;)Lorg/eclipse/swt/widgets/Control;",
      "Lorg/eclipse/jface/dialogs/Dialog.initializeBounds()V"
    ]
  },
  {
    "frequency": 1,
    "overriddenMethods": [
      "Lorg/eclipse/jface/dialogs/Dialog.buttonPressed(I)V",
      "Lorg/eclipse/jface/dialogs/Dialog.createButtonsForButtonBar(Lorg/eclipse/swt/widgets/Composite;)V",
      "Lorg/eclipse/jface/dialogs/Dialog.createDialogArea(Lorg/eclipse/swt/widgets/Composite;)Lorg/eclipse/swt/widgets/Control;",
      "Lorg/eclipse/jface/window/Window.canHandleShellCloseEvent()Z",
      "Lorg/eclipse/jface/window/Window.configureShell(Lorg/eclipse/swt/widgets/Shell;)V"
    ]
  },
  {
    "frequency": 2,
    "overriddenMethods": [
      "Lorg/eclipse/jface/dialogs/Dialog.createButtonBar(Lorg/eclipse/swt/widgets/Composite;)Lorg/eclipse/swt/widgets/Control;",
      "Lorg/eclipse/jface/dialogs/Dialog.createButtonsForButtonBar(Lorg/eclipse/swt/widgets/Composite;)V",
      "Lorg/eclipse/jface/dialogs/Dialog.createDialogArea(Lorg/eclipse/swt/widgets/Composite;)Lorg/eclipse/swt/widgets/Control;",
      "Lorg/eclipse/jface/window/Window.configureShell(Lorg/eclipse/swt/widgets/Shell;)V"
    ]
  },
  {
    "frequency": 1,
    "overriddenMethods": [
      "Lorg/eclipse/jface/dialogs/Dialog.createButtonBar(Lorg/eclipse/swt/widgets/Composite;)Lorg/eclipse/swt/widgets/Control;",
      "Lorg/eclipse/jface/dialogs/Dialog.createDialogArea(Lorg/eclipse/swt/widgets/Composite;)Lorg/eclipse/swt/widgets/Control;",
      "Lorg/eclipse/jface/window/Window.configureShell(Lorg/eclipse/swt/widgets/Shell;)V",
      "Lorg/eclipse/jface/window/Window.getShellStyle()I"
    ]
  },
  {
    "frequency": 8,
    "overriddenMethods": [
      "Lorg/eclipse/jface/dialogs/Dialog.buttonPressed(I)V",
      "Lorg/eclipse/jface/dialogs/Dialog.createButtonsForButtonBar(Lorg/eclipse/swt/widgets/Composite;)V",
      "Lorg/eclipse/jface/dialogs/Dialog.createContents(Lorg/eclipse/swt/widgets/Composite;)Lorg/eclipse/swt/widgets/Control;",
      "Lorg/eclipse/jface/dialogs/Dialog.createDialogArea(Lorg/eclipse/swt/widgets/Composite;)Lorg/eclipse/swt/widgets/Control;"
    ]
  },
  {
    "frequency": 1,
    "overriddenMethods": [
      "Lorg/eclipse/jface/dialogs/Dialog.close()Z",
      "Lorg/eclipse/jface/dialogs/Dialog.createContents(Lorg/eclipse/swt/widgets/Composite;)Lorg/eclipse/swt/widgets/Control;",
      "Lorg/eclipse/jface/dialogs/Dialog.createDialogArea(Lorg/eclipse/swt/widgets/Composite;)Lorg/eclipse/swt/widgets/Control;",
      "Lorg/eclipse/jface/dialogs/Dialog.getInitialSize()Lorg/eclipse/swt/graphics/Point;",
      "Lorg/eclipse/jface/window/Window.configureShell(Lorg/eclipse/swt/widgets/Shell;)V"
    ]
  },
  {
    "frequency": 1,
    "overriddenMethods": [
      "Lorg/eclipse/jface/dialogs/Dialog.buttonPressed(I)V",
      "Lorg/eclipse/jface/dialogs/Dialog.createButtonsForButtonBar(Lorg/eclipse/swt/widgets/Composite;)V",
      "Lorg/eclipse/jface/dialogs/Dialog.createContents(Lorg/eclipse/swt/widgets/Composite;)Lorg/eclipse/swt/widgets/Control;",
      "Lorg/eclipse/jface/dialogs/Dialog.createDialogArea(Lorg/eclipse/swt/widgets/Composite;)Lorg/eclipse/swt/widgets/Control;",
      "Lorg/eclipse/jface/window/Window.configureShell(Lorg/eclipse/swt/widgets/Shell;)V"
    ]
  },
  {
    "frequency": 3,
    "overriddenMethods": [
      "Lorg/eclipse/jface/dialogs/Dialog.cancelPressed()V",
      "Lorg/eclipse/jface/dialogs/Dialog.createButtonsForButtonBar(Lorg/eclipse/swt/widgets/Composite;)V",
      "Lorg/eclipse/jface/dialogs/Dialog.createDialogArea(Lorg/eclipse/swt/widgets/Composite;)Lorg/eclipse/swt/widgets/Control;",
      "Lorg/eclipse/jface/dialogs/Dialog.getInitialSize()Lorg/eclipse/swt/graphics/Point;",
      "Lorg/eclipse/jface/dialogs/Dialog.okPressed()V",
      "Lorg/eclipse/jface/window/Window.configureShell(Lorg/eclipse/swt/widgets/Shell;)V"
    ]
  },
  {
    "frequency": 1,
    "overriddenMethods": [
      "Lorg/eclipse/jface/dialogs/Dialog.buttonPressed(I)V",
      "Lorg/eclipse/jface/dialogs/Dialog.close()Z",
      "Lorg/eclipse/jface/dialogs/Dialog.create()V",
      "Lorg/eclipse/jface/dialogs/Dialog.createButtonsForButtonBar(Lorg/eclipse/swt/widgets/Composite;)V",
      "Lorg/eclipse/jface/dialogs/Dialog.createContents(Lorg/eclipse/swt/widgets/Composite;)Lorg/eclipse/swt/widgets/Control;",
      "Lorg/eclipse/jface/dialogs/Dialog.okPressed()V"
    ]
  },
  {
    "frequency": 2,
    "overriddenMethods": [
      "Lorg/eclipse/jface/dialogs/Dialog.createDialogArea(Lorg/eclipse/swt/widgets/Composite;)Lorg/eclipse/swt/widgets/Control;",
      "Lorg/eclipse/jface/dialogs/Dialog.getInitialSize()Lorg/eclipse/swt/graphics/Point;",
      "Lorg/eclipse/jface/window/Window.configureShell(Lorg/eclipse/swt/widgets/Shell;)V"
    ]
  },
  {
    "frequency": 1,
    "overriddenMethods": [
      "Lorg/eclipse/jface/dialogs/Dialog.cancelPressed()V",
      "Lorg/eclipse/jface/dialogs/Dialog.create()V",
      "Lorg/eclipse/jface/dialogs/Dialog.createDialogArea(Lorg/eclipse/swt/widgets/Composite;)Lorg/eclipse/swt/widgets/Control;",
      "Lorg/eclipse/jface/dialogs/Dialog.okPressed()V",
      "Lorg/eclipse/jface/window/Window.configureShell(Lorg/eclipse/swt/widgets/Shell;)V",
      "Lorg/eclipse/jface/window/Window.handleShellCloseEvent()V"
    ]
  },
  {
    "frequency": 2,
    "overriddenMethods": [
      "Lorg/eclipse/jface/dialogs/Dialog.createButtonsForButtonBar(Lorg/eclipse/swt/widgets/Composite;)V",
      "Lorg/eclipse/jface/dialogs/Dialog.createDialogArea(Lorg/eclipse/swt/widgets/Composite;)Lorg/eclipse/swt/widgets/Control;",
      "Lorg/eclipse/jface/dialogs/Dialog.isResizable()Z",
      "Lorg/eclipse/jface/window/Window.configureShell(Lorg/eclipse/swt/widgets/Shell;)V"
    ]
  },
  {
    "frequency": 1,
    "overriddenMethods": [
      "Lorg/eclipse/jface/dialogs/Dialog.createButtonBar(Lorg/eclipse/swt/widgets/Composite;)Lorg/eclipse/swt/widgets/Control;",
      "Lorg/eclipse/jface/dialogs/Dialog.createDialogArea(Lorg/eclipse/swt/widgets/Composite;)Lorg/eclipse/swt/widgets/Control;",
      "Lorg/eclipse/jface/dialogs/Dialog.getInitialSize()Lorg/eclipse/swt/graphics/Point;",
      "Lorg/eclipse/jface/dialogs/Dialog.okPressed()V",
      "Lorg/eclipse/jface/window/Window.configureShell(Lorg/eclipse/swt/widgets/Shell;)V",
      "Lorg/eclipse/jface/window/Window.setShellStyle(I)V"
    ]
  },
  {
    "frequency": 2,
    "overriddenMethods": [
      "Lorg/eclipse/jface/dialogs/Dialog.buttonPressed(I)V",
      "Lorg/eclipse/jface/dialogs/Dialog.create()V",
      "Lorg/eclipse/jface/dialogs/Dialog.createButtonsForButtonBar(Lorg/eclipse/swt/widgets/Composite;)V",
      "Lorg/eclipse/jface/dialogs/Dialog.createDialogArea(Lorg/eclipse/swt/widgets/Composite;)Lorg/eclipse/swt/widgets/Control;",
      "Lorg/eclipse/jface/window/Window.configureShell(Lorg/eclipse/swt/widgets/Shell;)V"
    ]
  },
  {
    "frequency": 1,
    "overriddenMethods": [
      "Lorg/eclipse/jface/dialogs/Dialog.createContents(Lorg/eclipse/swt/widgets/Composite;)Lorg/eclipse/swt/widgets/Control;",
      "Lorg/eclipse/jface/dialogs/Dialog.getButton(I)Lorg/eclipse/swt/widgets/Button;"
    ]
  },
  {
    "frequency": 2,
    "overriddenMethods": [
      "Lorg/eclipse/jface/dialogs/Dialog.createButton(Lorg/eclipse/swt/widgets/Composite;ILjava/lang/String;Z)Lorg/eclipse/swt/widgets/Button;",
      "Lorg/eclipse/jface/dialogs/Dialog.createContents(Lorg/eclipse/swt/widgets/Composite;)Lorg/eclipse/swt/widgets/Control;",
      "Lorg/eclipse/jface/dialogs/Dialog.createDialogArea(Lorg/eclipse/swt/widgets/Composite;)Lorg/eclipse/swt/widgets/Control;"
    ]
  },
  {
    "frequency": 1,
    "overriddenMethods": [
      "Lorg/eclipse/jface/dialogs/Dialog.cancelPressed()V",
      "Lorg/eclipse/jface/dialogs/Dialog.close()Z",
      "Lorg/eclipse/jface/dialogs/Dialog.createButtonsForButtonBar(Lorg/eclipse/swt/widgets/Composite;)V",
      "Lorg/eclipse/jface/dialogs/Dialog.createDialogArea(Lorg/eclipse/swt/widgets/Composite;)Lorg/eclipse/swt/widgets/Control;",
      "Lorg/eclipse/jface/window/Window.configureShell(Lorg/eclipse/swt/widgets/Shell;)V"
    ]
  },
  {
    "frequency": 1,
    "overriddenMethods": [
      "Lorg/eclipse/jface/dialogs/Dialog.createDialogArea(Lorg/eclipse/swt/widgets/Composite;)Lorg/eclipse/swt/widgets/Control;",
      "Lorg/eclipse/jface/dialogs/Dialog.getInitialSize()Lorg/eclipse/swt/graphics/Point;",
      "Lorg/eclipse/jface/dialogs/Dialog.okPressed()V"
    ]
  },
  {
    "frequency": 7,
    "overriddenMethods": [
      "Lorg/eclipse/jface/dialogs/Dialog.createContents(Lorg/eclipse/swt/widgets/Composite;)Lorg/eclipse/swt/widgets/Control;",
      "Lorg/eclipse/jface/dialogs/Dialog.createDialogArea(Lorg/eclipse/swt/widgets/Composite;)Lorg/eclipse/swt/widgets/Control;"
    ]
  },
  {
    "frequency": 2,
    "overriddenMethods": [
      "Lorg/eclipse/jface/dialogs/Dialog.cancelPressed()V",
      "Lorg/eclipse/jface/dialogs/Dialog.createButtonsForButtonBar(Lorg/eclipse/swt/widgets/Composite;)V",
      "Lorg/eclipse/jface/dialogs/Dialog.createDialogArea(Lorg/eclipse/swt/widgets/Composite;)Lorg/eclipse/swt/widgets/Control;"
    ]
  },
  {
    "frequency": 3,
    "overriddenMethods": [
      "Lorg/eclipse/jface/dialogs/Dialog.createButtonBar(Lorg/eclipse/swt/widgets/Composite;)Lorg/eclipse/swt/widgets/Control;",
      "Lorg/eclipse/jface/dialogs/Dialog.createDialogArea(Lorg/eclipse/swt/widgets/Composite;)Lorg/eclipse/swt/widgets/Control;",
      "Lorg/eclipse/jface/dialogs/Dialog.getDialogBoundsSettings()Lorg/eclipse/jface/dialogs/IDialogSettings;",
      "Lorg/eclipse/jface/dialogs/Dialog.okPressed()V",
      "Lorg/eclipse/jface/window/Window.configureShell(Lorg/eclipse/swt/widgets/Shell;)V",
      "Lorg/eclipse/jface/window/Window.open()I"
    ]
  },
  {
    "frequency": 3,
    "overriddenMethods": [
      "Lorg/eclipse/jface/window/Window.configureShell(Lorg/eclipse/swt/widgets/Shell;)V"
    ]
  },
  {
    "frequency": 1,
    "overriddenMethods": [
      "Lorg/eclipse/jface/dialogs/Dialog.createDialogArea(Lorg/eclipse/swt/widgets/Composite;)Lorg/eclipse/swt/widgets/Control;",
      "Lorg/eclipse/jface/dialogs/Dialog.okPressed()V",
      "Lorg/eclipse/jface/window/Window.open()I"
    ]
  },
  {
    "frequency": 1,
    "overriddenMethods": [
      "Lorg/eclipse/jface/dialogs/Dialog.buttonPressed(I)V",
      "Lorg/eclipse/jface/dialogs/Dialog.createButtonBar(Lorg/eclipse/swt/widgets/Composite;)Lorg/eclipse/swt/widgets/Control;",
      "Lorg/eclipse/jface/dialogs/Dialog.createDialogArea(Lorg/eclipse/swt/widgets/Composite;)Lorg/eclipse/swt/widgets/Control;",
      "Lorg/eclipse/jface/dialogs/Dialog.okPressed()V"
    ]
  },
  {
    "frequency": 62,
    "overriddenMethods": [
      "Lorg/eclipse/jface/dialogs/Dialog.createButtonsForButtonBar(Lorg/eclipse/swt/widgets/Composite;)V",
      "Lorg/eclipse/jface/dialogs/Dialog.createDialogArea(Lorg/eclipse/swt/widgets/Composite;)Lorg/eclipse/swt/widgets/Control;",
      "Lorg/eclipse/jface/dialogs/Dialog.okPressed()V",
      "Lorg/eclipse/jface/window/Window.configureShell(Lorg/eclipse/swt/widgets/Shell;)V"
    ]
  },
  {
    "frequency": 4,
    "overriddenMethods": [
      "Lorg/eclipse/jface/dialogs/Dialog.createButtonBar(Lorg/eclipse/swt/widgets/Composite;)Lorg/eclipse/swt/widgets/Control;",
      "Lorg/eclipse/jface/dialogs/Dialog.createDialogArea(Lorg/eclipse/swt/widgets/Composite;)Lorg/eclipse/swt/widgets/Control;",
      "Lorg/eclipse/jface/dialogs/Dialog.okPressed()V"
    ]
  },
  {
    "frequency": 2,
    "overriddenMethods": [
      "Lorg/eclipse/jface/dialogs/Dialog.buttonPressed(I)V",
      "Lorg/eclipse/jface/dialogs/Dialog.createButtonsForButtonBar(Lorg/eclipse/swt/widgets/Composite;)V"
    ]
  },
  {
    "frequency": 1,
    "overriddenMethods": [
      "Lorg/eclipse/jface/dialogs/Dialog.createContents(Lorg/eclipse/swt/widgets/Composite;)Lorg/eclipse/swt/widgets/Control;",
      "Lorg/eclipse/jface/dialogs/Dialog.createDialogArea(Lorg/eclipse/swt/widgets/Composite;)Lorg/eclipse/swt/widgets/Control;",
      "Lorg/eclipse/jface/dialogs/Dialog.okPressed()V",
      "Lorg/eclipse/jface/window/Window.configureShell(Lorg/eclipse/swt/widgets/Shell;)V",
      "Lorg/eclipse/jface/window/Window.getShellStyle()I"
    ]
  },
  {
    "frequency": 1,
    "overriddenMethods": [
      "Lorg/eclipse/jface/dialogs/Dialog.createButton(Lorg/eclipse/swt/widgets/Composite;ILjava/lang/String;Z)Lorg/eclipse/swt/widgets/Button;",
      "Lorg/eclipse/jface/dialogs/Dialog.createButtonBar(Lorg/eclipse/swt/widgets/Composite;)Lorg/eclipse/swt/widgets/Control;",
      "Lorg/eclipse/jface/dialogs/Dialog.createDialogArea(Lorg/eclipse/swt/widgets/Composite;)Lorg/eclipse/swt/widgets/Control;",
      "Lorg/eclipse/jface/window/Window.configureShell(Lorg/eclipse/swt/widgets/Shell;)V"
    ]
  },
  {
    "frequency": 6,
    "overriddenMethods": [
      "Lorg/eclipse/jface/dialogs/Dialog.buttonPressed(I)V",
      "Lorg/eclipse/jface/dialogs/Dialog.close()Z",
      "Lorg/eclipse/jface/dialogs/Dialog.createButtonsForButtonBar(Lorg/eclipse/swt/widgets/Composite;)V",
      "Lorg/eclipse/jface/dialogs/Dialog.createDialogArea(Lorg/eclipse/swt/widgets/Composite;)Lorg/eclipse/swt/widgets/Control;",
      "Lorg/eclipse/jface/window/Window.configureShell(Lorg/eclipse/swt/widgets/Shell;)V"
    ]
  },
  {
    "frequency": 1,
    "overriddenMethods": [
      "Lorg/eclipse/jface/dialogs/Dialog.close()Z",
      "Lorg/eclipse/jface/dialogs/Dialog.createButtonBar(Lorg/eclipse/swt/widgets/Composite;)Lorg/eclipse/swt/widgets/Control;",
      "Lorg/eclipse/jface/dialogs/Dialog.createDialogArea(Lorg/eclipse/swt/widgets/Composite;)Lorg/eclipse/swt/widgets/Control;"
    ]
  },
  {
    "frequency": 4,
    "overriddenMethods": [
      "Lorg/eclipse/jface/dialogs/Dialog.createButtonBar(Lorg/eclipse/swt/widgets/Composite;)Lorg/eclipse/swt/widgets/Control;",
      "Lorg/eclipse/jface/dialogs/Dialog.createButtonsForButtonBar(Lorg/eclipse/swt/widgets/Composite;)V",
      "Lorg/eclipse/jface/dialogs/Dialog.createDialogArea(Lorg/eclipse/swt/widgets/Composite;)Lorg/eclipse/swt/widgets/Control;",
      "Lorg/eclipse/jface/dialogs/Dialog.okPressed()V",
      "Lorg/eclipse/jface/window/Window.configureShell(Lorg/eclipse/swt/widgets/Shell;)V"
    ]
  },
  {
    "frequency": 2,
    "overriddenMethods": [
      "Lorg/eclipse/jface/dialogs/Dialog.createContents(Lorg/eclipse/swt/widgets/Composite;)Lorg/eclipse/swt/widgets/Control;",
      "Lorg/eclipse/jface/window/Window.getShellStyle()I"
    ]
  },
  {
    "frequency": 2,
    "overriddenMethods": [
      "Lorg/eclipse/jface/dialogs/Dialog.close()Z",
      "Lorg/eclipse/jface/dialogs/Dialog.createDialogArea(Lorg/eclipse/swt/widgets/Composite;)Lorg/eclipse/swt/widgets/Control;",
      "Lorg/eclipse/jface/dialogs/Dialog.getDialogBoundsSettings()Lorg/eclipse/jface/dialogs/IDialogSettings;",
      "Lorg/eclipse/jface/dialogs/Dialog.isResizable()Z",
      "Lorg/eclipse/jface/window/Window.configureShell(Lorg/eclipse/swt/widgets/Shell;)V"
    ]
  },
  {
    "frequency": 1,
    "overriddenMethods": [
      "Lorg/eclipse/jface/dialogs/Dialog.close()Z",
      "Lorg/eclipse/jface/dialogs/Dialog.createContents(Lorg/eclipse/swt/widgets/Composite;)Lorg/eclipse/swt/widgets/Control;",
      "Lorg/eclipse/jface/dialogs/Dialog.getInitialLocation(Lorg/eclipse/swt/graphics/Point;)Lorg/eclipse/swt/graphics/Point;",
      "Lorg/eclipse/jface/window/Window.open()I"
    ]
  },
  {
    "frequency": 3,
    "overriddenMethods": [
      "Lorg/eclipse/jface/dialogs/Dialog.buttonPressed(I)V",
      "Lorg/eclipse/jface/dialogs/Dialog.createButtonBar(Lorg/eclipse/swt/widgets/Composite;)Lorg/eclipse/swt/widgets/Control;",
      "Lorg/eclipse/jface/dialogs/Dialog.createButtonsForButtonBar(Lorg/eclipse/swt/widgets/Composite;)V",
      "Lorg/eclipse/jface/dialogs/Dialog.createDialogArea(Lorg/eclipse/swt/widgets/Composite;)Lorg/eclipse/swt/widgets/Control;"
    ]
  },
  {
    "frequency": 1,
    "overriddenMethods": [
      "Lorg/eclipse/jface/dialogs/Dialog.createButtonsForButtonBar(Lorg/eclipse/swt/widgets/Composite;)V",
      "Lorg/eclipse/jface/dialogs/Dialog.createDialogArea(Lorg/eclipse/swt/widgets/Composite;)Lorg/eclipse/swt/widgets/Control;",
      "Lorg/eclipse/jface/dialogs/Dialog.getInitialLocation(Lorg/eclipse/swt/graphics/Point;)Lorg/eclipse/swt/graphics/Point;",
      "Lorg/eclipse/jface/dialogs/Dialog.getInitialSize()Lorg/eclipse/swt/graphics/Point;"
    ]
  },
  {
    "frequency": 2,
    "overriddenMethods": [
      "Lorg/eclipse/jface/dialogs/Dialog.createButtonsForButtonBar(Lorg/eclipse/swt/widgets/Composite;)V",
      "Lorg/eclipse/jface/dialogs/Dialog.createContents(Lorg/eclipse/swt/widgets/Composite;)Lorg/eclipse/swt/widgets/Control;",
      "Lorg/eclipse/jface/dialogs/Dialog.createDialogArea(Lorg/eclipse/swt/widgets/Composite;)Lorg/eclipse/swt/widgets/Control;",
      "Lorg/eclipse/jface/dialogs/Dialog.okPressed()V",
      "Lorg/eclipse/jface/window/Window.configureShell(Lorg/eclipse/swt/widgets/Shell;)V"
    ]
  },
  {
    "frequency": 4,
    "overriddenMethods": [
      "Lorg/eclipse/jface/dialogs/Dialog.createButtonsForButtonBar(Lorg/eclipse/swt/widgets/Composite;)V",
      "Lorg/eclipse/jface/dialogs/Dialog.createDialogArea(Lorg/eclipse/swt/widgets/Composite;)Lorg/eclipse/swt/widgets/Control;",
      "Lorg/eclipse/jface/dialogs/Dialog.getInitialSize()Lorg/eclipse/swt/graphics/Point;",
      "Lorg/eclipse/jface/window/Window.configureShell(Lorg/eclipse/swt/widgets/Shell;)V"
    ]
  },
  {
    "frequency": 1,
    "overriddenMethods": [
      "Lorg/eclipse/jface/dialogs/Dialog.buttonPressed(I)V",
      "Lorg/eclipse/jface/dialogs/Dialog.createButtonsForButtonBar(Lorg/eclipse/swt/widgets/Composite;)V",
      "Lorg/eclipse/jface/dialogs/Dialog.createDialogArea(Lorg/eclipse/swt/widgets/Composite;)Lorg/eclipse/swt/widgets/Control;",
      "Lorg/eclipse/jface/dialogs/Dialog.getInitialSize()Lorg/eclipse/swt/graphics/Point;",
      "Lorg/eclipse/jface/dialogs/Dialog.okPressed()V",
      "Lorg/eclipse/jface/window/Window.configureShell(Lorg/eclipse/swt/widgets/Shell;)V"
    ]
  },
  {
    "frequency": 4,
    "overriddenMethods": [
      "Lorg/eclipse/jface/dialogs/Dialog.createButtonsForButtonBar(Lorg/eclipse/swt/widgets/Composite;)V",
      "Lorg/eclipse/jface/dialogs/Dialog.createContents(Lorg/eclipse/swt/widgets/Composite;)Lorg/eclipse/swt/widgets/Control;",
      "Lorg/eclipse/jface/dialogs/Dialog.createDialogArea(Lorg/eclipse/swt/widgets/Composite;)Lorg/eclipse/swt/widgets/Control;"
    ]
  },
  {
    "frequency": 4,
    "overriddenMethods": [
      "Lorg/eclipse/jface/dialogs/Dialog.createButtonsForButtonBar(Lorg/eclipse/swt/widgets/Composite;)V",
      "Lorg/eclipse/jface/dialogs/Dialog.createDialogArea(Lorg/eclipse/swt/widgets/Composite;)Lorg/eclipse/swt/widgets/Control;",
      "Lorg/eclipse/jface/dialogs/Dialog.getInitialSize()Lorg/eclipse/swt/graphics/Point;",
      "Lorg/eclipse/jface/dialogs/Dialog.okPressed()V"
    ]
  },
  {
    "frequency": 8,
    "overriddenMethods": [
      "Lorg/eclipse/jface/dialogs/Dialog.createDialogArea(Lorg/eclipse/swt/widgets/Composite;)Lorg/eclipse/swt/widgets/Control;",
      "Lorg/eclipse/jface/dialogs/Dialog.isResizable()Z",
      "Lorg/eclipse/jface/window/Window.configureShell(Lorg/eclipse/swt/widgets/Shell;)V"
    ]
  },
  {
    "frequency": 6,
    "overriddenMethods": [
      "Lorg/eclipse/jface/dialogs/Dialog.close()Z",
      "Lorg/eclipse/jface/dialogs/Dialog.createDialogArea(Lorg/eclipse/swt/widgets/Composite;)Lorg/eclipse/swt/widgets/Control;",
      "Lorg/eclipse/jface/dialogs/Dialog.okPressed()V",
      "Lorg/eclipse/jface/window/Window.configureShell(Lorg/eclipse/swt/widgets/Shell;)V"
    ]
  },
  {
    "frequency": 3,
    "overriddenMethods": [
      "Lorg/eclipse/jface/dialogs/Dialog.close()Z",
      "Lorg/eclipse/jface/dialogs/Dialog.create()V",
      "Lorg/eclipse/jface/dialogs/Dialog.createContents(Lorg/eclipse/swt/widgets/Composite;)Lorg/eclipse/swt/widgets/Control;"
    ]
  },
  {
    "frequency": 2,
    "overriddenMethods": [
      "Lorg/eclipse/jface/dialogs/Dialog.cancelPressed()V",
      "Lorg/eclipse/jface/dialogs/Dialog.createContents(Lorg/eclipse/swt/widgets/Composite;)Lorg/eclipse/swt/widgets/Control;",
      "Lorg/eclipse/jface/dialogs/Dialog.createDialogArea(Lorg/eclipse/swt/widgets/Composite;)Lorg/eclipse/swt/widgets/Control;",
      "Lorg/eclipse/jface/dialogs/Dialog.okPressed()V",
      "Lorg/eclipse/jface/window/Window.configureShell(Lorg/eclipse/swt/widgets/Shell;)V"
    ]
  },
  {
    "frequency": 1,
    "overriddenMethods": [
      "Lorg/eclipse/jface/dialogs/Dialog.close()Z",
      "Lorg/eclipse/jface/dialogs/Dialog.createButtonsForButtonBar(Lorg/eclipse/swt/widgets/Composite;)V",
      "Lorg/eclipse/jface/dialogs/Dialog.createDialogArea(Lorg/eclipse/swt/widgets/Composite;)Lorg/eclipse/swt/widgets/Control;",
      "Lorg/eclipse/jface/dialogs/Dialog.getInitialSize()Lorg/eclipse/swt/graphics/Point;",
      "Lorg/eclipse/jface/dialogs/Dialog.isResizable()Z"
    ]
  },
  {
    "frequency": 2,
    "overriddenMethods": [
      "Lorg/eclipse/jface/dialogs/Dialog.create()V",
      "Lorg/eclipse/jface/dialogs/Dialog.createButtonBar(Lorg/eclipse/swt/widgets/Composite;)Lorg/eclipse/swt/widgets/Control;",
      "Lorg/eclipse/jface/dialogs/Dialog.createDialogArea(Lorg/eclipse/swt/widgets/Composite;)Lorg/eclipse/swt/widgets/Control;"
    ]
  },
  {
    "frequency": 1,
    "overriddenMethods": [
      "Lorg/eclipse/jface/dialogs/Dialog.buttonPressed(I)V",
      "Lorg/eclipse/jface/dialogs/Dialog.create()V",
      "Lorg/eclipse/jface/dialogs/Dialog.createContents(Lorg/eclipse/swt/widgets/Composite;)Lorg/eclipse/swt/widgets/Control;",
      "Lorg/eclipse/jface/window/Window.getParentShell()Lorg/eclipse/swt/widgets/Shell;"
    ]
  },
  {
    "frequency": 1,
    "overriddenMethods": [
      "Lorg/eclipse/jface/dialogs/Dialog.close()Z",
      "Lorg/eclipse/jface/dialogs/Dialog.createContents(Lorg/eclipse/swt/widgets/Composite;)Lorg/eclipse/swt/widgets/Control;",
      "Lorg/eclipse/jface/window/Window.configureShell(Lorg/eclipse/swt/widgets/Shell;)V"
    ]
  },
  {
    "frequency": 1,
    "overriddenMethods": [
      "Lorg/eclipse/jface/dialogs/Dialog.create()V",
      "Lorg/eclipse/jface/dialogs/Dialog.createContents(Lorg/eclipse/swt/widgets/Composite;)Lorg/eclipse/swt/widgets/Control;"
    ]
  },
  {
    "frequency": 2,
    "overriddenMethods": [
      "Lorg/eclipse/jface/dialogs/Dialog.createDialogArea(Lorg/eclipse/swt/widgets/Composite;)Lorg/eclipse/swt/widgets/Control;",
      "Lorg/eclipse/jface/dialogs/Dialog.okPressed()V",
      "Lorg/eclipse/jface/window/Window.configureShell(Lorg/eclipse/swt/widgets/Shell;)V",
      "Lorg/eclipse/jface/window/Window.open()I"
    ]
  },
  {
    "frequency": 17,
    "overriddenMethods": [
      "Lorg/eclipse/jface/dialogs/Dialog.buttonPressed(I)V",
      "Lorg/eclipse/jface/dialogs/Dialog.createDialogArea(Lorg/eclipse/swt/widgets/Composite;)Lorg/eclipse/swt/widgets/Control;",
      "Lorg/eclipse/jface/window/Window.configureShell(Lorg/eclipse/swt/widgets/Shell;)V"
    ]
  },
  {
    "frequency": 1,
    "overriddenMethods": [
      "Lorg/eclipse/jface/dialogs/Dialog.createButtonBar(Lorg/eclipse/swt/widgets/Composite;)Lorg/eclipse/swt/widgets/Control;",
      "Lorg/eclipse/jface/dialogs/Dialog.createDialogArea(Lorg/eclipse/swt/widgets/Composite;)Lorg/eclipse/swt/widgets/Control;",
      "Lorg/eclipse/jface/dialogs/Dialog.getButton(I)Lorg/eclipse/swt/widgets/Button;",
      "Lorg/eclipse/jface/dialogs/Dialog.okPressed()V"
    ]
  },
  {
    "frequency": 3,
    "overriddenMethods": [
      "Lorg/eclipse/jface/dialogs/Dialog.buttonPressed(I)V",
      "Lorg/eclipse/jface/dialogs/Dialog.createButtonsForButtonBar(Lorg/eclipse/swt/widgets/Composite;)V",
      "Lorg/eclipse/jface/dialogs/Dialog.createDialogArea(Lorg/eclipse/swt/widgets/Composite;)Lorg/eclipse/swt/widgets/Control;",
      "Lorg/eclipse/jface/dialogs/Dialog.getInitialSize()Lorg/eclipse/swt/graphics/Point;",
      "Lorg/eclipse/jface/window/Window.configureShell(Lorg/eclipse/swt/widgets/Shell;)V"
    ]
  },
  {
    "frequency": 7,
    "overriddenMethods": [
      "Lorg/eclipse/jface/dialogs/Dialog.buttonPressed(I)V",
      "Lorg/eclipse/jface/dialogs/Dialog.create()V",
      "Lorg/eclipse/jface/dialogs/Dialog.createDialogArea(Lorg/eclipse/swt/widgets/Composite;)Lorg/eclipse/swt/widgets/Control;",
      "Lorg/eclipse/jface/window/Window.configureShell(Lorg/eclipse/swt/widgets/Shell;)V"
    ]
  },
  {
    "frequency": 49,
    "overriddenMethods": [
      "Lorg/eclipse/jface/dialogs/Dialog.createDialogArea(Lorg/eclipse/swt/widgets/Composite;)Lorg/eclipse/swt/widgets/Control;"
    ]
  },
  {
    "frequency": 1,
    "overriddenMethods": [
      "Lorg/eclipse/jface/dialogs/Dialog.createDialogArea(Lorg/eclipse/swt/widgets/Composite;)Lorg/eclipse/swt/widgets/Control;",
      "Lorg/eclipse/jface/window/Window.configureShell(Lorg/eclipse/swt/widgets/Shell;)V",
      "Lorg/eclipse/jface/window/Window.open()I"
    ]
  },
  {
    "frequency": 1,
    "overriddenMethods": [
      "Lorg/eclipse/jface/dialogs/Dialog.createDialogArea(Lorg/eclipse/swt/widgets/Composite;)Lorg/eclipse/swt/widgets/Control;",
      "Lorg/eclipse/jface/dialogs/Dialog.getInitialSize()Lorg/eclipse/swt/graphics/Point;",
      "Lorg/eclipse/jface/dialogs/Dialog.isResizable()Z"
    ]
  },
  {
    "frequency": 1,
    "overriddenMethods": [
      "Lorg/eclipse/jface/dialogs/Dialog.close()Z",
      "Lorg/eclipse/jface/dialogs/Dialog.create()V",
      "Lorg/eclipse/jface/dialogs/Dialog.createButtonsForButtonBar(Lorg/eclipse/swt/widgets/Composite;)V",
      "Lorg/eclipse/jface/dialogs/Dialog.createDialogArea(Lorg/eclipse/swt/widgets/Composite;)Lorg/eclipse/swt/widgets/Control;"
    ]
  },
  {
    "frequency": 1,
    "overriddenMethods": [
      "Lorg/eclipse/jface/dialogs/Dialog.buttonPressed(I)V",
      "Lorg/eclipse/jface/dialogs/Dialog.close()Z",
      "Lorg/eclipse/jface/dialogs/Dialog.createButtonsForButtonBar(Lorg/eclipse/swt/widgets/Composite;)V",
      "Lorg/eclipse/jface/dialogs/Dialog.createDialogArea(Lorg/eclipse/swt/widgets/Composite;)Lorg/eclipse/swt/widgets/Control;",
      "Lorg/eclipse/jface/dialogs/Dialog.getButton(I)Lorg/eclipse/swt/widgets/Button;",
      "Lorg/eclipse/jface/window/Window.configureShell(Lorg/eclipse/swt/widgets/Shell;)V"
    ]
  },
  {
    "frequency": 1,
    "overriddenMethods": [
      "Lorg/eclipse/jface/dialogs/Dialog.createButtonBar(Lorg/eclipse/swt/widgets/Composite;)Lorg/eclipse/swt/widgets/Control;",
      "Lorg/eclipse/jface/dialogs/Dialog.createContents(Lorg/eclipse/swt/widgets/Composite;)Lorg/eclipse/swt/widgets/Control;",
      "Lorg/eclipse/jface/dialogs/Dialog.createDialogArea(Lorg/eclipse/swt/widgets/Composite;)Lorg/eclipse/swt/widgets/Control;"
    ]
  },
  {
    "frequency": 1,
    "overriddenMethods": [
      "Lorg/eclipse/jface/dialogs/Dialog.createButtonsForButtonBar(Lorg/eclipse/swt/widgets/Composite;)V",
      "Lorg/eclipse/jface/dialogs/Dialog.createDialogArea(Lorg/eclipse/swt/widgets/Composite;)Lorg/eclipse/swt/widgets/Control;",
      "Lorg/eclipse/jface/dialogs/Dialog.getDialogBoundsSettings()Lorg/eclipse/jface/dialogs/IDialogSettings;",
      "Lorg/eclipse/jface/dialogs/Dialog.okPressed()V",
      "Lorg/eclipse/jface/window/Window.configureShell(Lorg/eclipse/swt/widgets/Shell;)V"
    ]
  },
  {
    "frequency": 6,
    "overriddenMethods": [
      "Lorg/eclipse/jface/dialogs/Dialog.createContents(Lorg/eclipse/swt/widgets/Composite;)Lorg/eclipse/swt/widgets/Control;",
      "Lorg/eclipse/jface/dialogs/Dialog.createDialogArea(Lorg/eclipse/swt/widgets/Composite;)Lorg/eclipse/swt/widgets/Control;",
      "Lorg/eclipse/jface/dialogs/Dialog.okPressed()V",
      "Lorg/eclipse/jface/window/Window.configureShell(Lorg/eclipse/swt/widgets/Shell;)V"
    ]
  },
  {
    "frequency": 1,
    "overriddenMethods": [
      "Lorg/eclipse/jface/dialogs/Dialog.create()V",
      "Lorg/eclipse/jface/dialogs/Dialog.createDialogArea(Lorg/eclipse/swt/widgets/Composite;)Lorg/eclipse/swt/widgets/Control;",
      "Lorg/eclipse/jface/dialogs/Dialog.okPressed()V",
      "Lorg/eclipse/jface/window/Window.configureShell(Lorg/eclipse/swt/widgets/Shell;)V",
      "Lorg/eclipse/jface/window/Window.open()I"
    ]
  },
  {
    "frequency": 4,
    "overriddenMethods": [
      "Lorg/eclipse/jface/dialogs/Dialog.createContents(Lorg/eclipse/swt/widgets/Composite;)Lorg/eclipse/swt/widgets/Control;"
    ]
  },
  {
    "frequency": 1,
    "overriddenMethods": [
      "Lorg/eclipse/jface/dialogs/Dialog.createButtonsForButtonBar(Lorg/eclipse/swt/widgets/Composite;)V",
      "Lorg/eclipse/jface/dialogs/Dialog.createDialogArea(Lorg/eclipse/swt/widgets/Composite;)Lorg/eclipse/swt/widgets/Control;",
      "Lorg/eclipse/jface/dialogs/Dialog.getDialogBoundsSettings()Lorg/eclipse/jface/dialogs/IDialogSettings;",
      "Lorg/eclipse/jface/dialogs/Dialog.isResizable()Z",
      "Lorg/eclipse/jface/window/Window.configureShell(Lorg/eclipse/swt/widgets/Shell;)V"
    ]
  },
  {
    "frequency": 3,
    "overriddenMethods": [
      "Lorg/eclipse/jface/dialogs/Dialog.cancelPressed()V",
      "Lorg/eclipse/jface/dialogs/Dialog.createDialogArea(Lorg/eclipse/swt/widgets/Composite;)Lorg/eclipse/swt/widgets/Control;",
      "Lorg/eclipse/jface/dialogs/Dialog.getInitialLocation(Lorg/eclipse/swt/graphics/Point;)Lorg/eclipse/swt/graphics/Point;",
      "Lorg/eclipse/jface/dialogs/Dialog.getInitialSize()Lorg/eclipse/swt/graphics/Point;",
      "Lorg/eclipse/jface/dialogs/Dialog.okPressed()V"
    ]
  },
  {
    "frequency": 2,
    "overriddenMethods": [
      "Lorg/eclipse/jface/dialogs/Dialog.buttonPressed(I)V",
      "Lorg/eclipse/jface/window/Window.configureShell(Lorg/eclipse/swt/widgets/Shell;)V"
    ]
  },
  {
    "frequency": 1,
    "overriddenMethods": [
      "Lorg/eclipse/jface/dialogs/Dialog.buttonPressed(I)V",
      "Lorg/eclipse/jface/dialogs/Dialog.createButtonsForButtonBar(Lorg/eclipse/swt/widgets/Composite;)V",
      "Lorg/eclipse/jface/dialogs/Dialog.createDialogArea(Lorg/eclipse/swt/widgets/Composite;)Lorg/eclipse/swt/widgets/Control;",
      "Lorg/eclipse/jface/dialogs/Dialog.okPressed()V",
      "Lorg/eclipse/jface/window/Window.configureShell(Lorg/eclipse/swt/widgets/Shell;)V",
      "Lorg/eclipse/jface/window/Window.getShellStyle()I"
    ]
  },
  {
    "frequency": 1,
    "overriddenMethods": [
      "Lorg/eclipse/jface/dialogs/Dialog.createDialogArea(Lorg/eclipse/swt/widgets/Composite;)Lorg/eclipse/swt/widgets/Control;",
      "Lorg/eclipse/jface/dialogs/Dialog.isResizable()Z"
    ]
  },
  {
    "frequency": 6,
    "overriddenMethods": [
      "Lorg/eclipse/jface/dialogs/Dialog.createButtonBar(Lorg/eclipse/swt/widgets/Composite;)Lorg/eclipse/swt/widgets/Control;",
      "Lorg/eclipse/jface/dialogs/Dialog.createDialogArea(Lorg/eclipse/swt/widgets/Composite;)Lorg/eclipse/swt/widgets/Control;",
      "Lorg/eclipse/jface/window/Window.configureShell(Lorg/eclipse/swt/widgets/Shell;)V"
    ]
  },
  {
    "frequency": 1,
    "overriddenMethods": [
      "Lorg/eclipse/jface/dialogs/Dialog.buttonPressed(I)V",
      "Lorg/eclipse/jface/dialogs/Dialog.createButtonBar(Lorg/eclipse/swt/widgets/Composite;)Lorg/eclipse/swt/widgets/Control;",
      "Lorg/eclipse/jface/dialogs/Dialog.createButtonsForButtonBar(Lorg/eclipse/swt/widgets/Composite;)V",
      "Lorg/eclipse/jface/dialogs/Dialog.createContents(Lorg/eclipse/swt/widgets/Composite;)Lorg/eclipse/swt/widgets/Control;",
      "Lorg/eclipse/jface/dialogs/Dialog.createDialogArea(Lorg/eclipse/swt/widgets/Composite;)Lorg/eclipse/swt/widgets/Control;",
      "Lorg/eclipse/jface/window/Window.configureShell(Lorg/eclipse/swt/widgets/Shell;)V"
    ]
  },
  {
    "frequency": 2,
    "overriddenMethods": [
      "Lorg/eclipse/jface/dialogs/Dialog.close()Z",
      "Lorg/eclipse/jface/dialogs/Dialog.createContents(Lorg/eclipse/swt/widgets/Composite;)Lorg/eclipse/swt/widgets/Control;"
    ]
  },
  {
    "frequency": 4,
    "overriddenMethods": [
      "Lorg/eclipse/jface/dialogs/Dialog.createButtonBar(Lorg/eclipse/swt/widgets/Composite;)Lorg/eclipse/swt/widgets/Control;",
      "Lorg/eclipse/jface/dialogs/Dialog.createDialogArea(Lorg/eclipse/swt/widgets/Composite;)Lorg/eclipse/swt/widgets/Control;"
    ]
  },
  {
    "frequency": 1,
    "overriddenMethods": [
      "Lorg/eclipse/jface/dialogs/Dialog.close()Z",
      "Lorg/eclipse/jface/dialogs/Dialog.createButtonsForButtonBar(Lorg/eclipse/swt/widgets/Composite;)V",
      "Lorg/eclipse/jface/dialogs/Dialog.createDialogArea(Lorg/eclipse/swt/widgets/Composite;)Lorg/eclipse/swt/widgets/Control;",
      "Lorg/eclipse/jface/dialogs/Dialog.getInitialLocation(Lorg/eclipse/swt/graphics/Point;)Lorg/eclipse/swt/graphics/Point;",
      "Lorg/eclipse/jface/dialogs/Dialog.getInitialSize()Lorg/eclipse/swt/graphics/Point;",
      "Lorg/eclipse/jface/window/Window.configureShell(Lorg/eclipse/swt/widgets/Shell;)V"
    ]
  },
  {
    "frequency": 2,
    "overriddenMethods": [
      "Lorg/eclipse/jface/dialogs/Dialog.close()Z",
      "Lorg/eclipse/jface/dialogs/Dialog.createButtonsForButtonBar(Lorg/eclipse/swt/widgets/Composite;)V",
      "Lorg/eclipse/jface/dialogs/Dialog.createDialogArea(Lorg/eclipse/swt/widgets/Composite;)Lorg/eclipse/swt/widgets/Control;",
      "Lorg/eclipse/jface/dialogs/Dialog.getInitialSize()Lorg/eclipse/swt/graphics/Point;",
      "Lorg/eclipse/jface/dialogs/Dialog.okPressed()V",
      "Lorg/eclipse/jface/window/Window.configureShell(Lorg/eclipse/swt/widgets/Shell;)V"
    ]
  },
  {
    "frequency": 1,
    "overriddenMethods": [
      "Lorg/eclipse/jface/dialogs/Dialog.close()Z",
      "Lorg/eclipse/jface/dialogs/Dialog.createButtonBar(Lorg/eclipse/swt/widgets/Composite;)Lorg/eclipse/swt/widgets/Control;",
      "Lorg/eclipse/jface/dialogs/Dialog.createDialogArea(Lorg/eclipse/swt/widgets/Composite;)Lorg/eclipse/swt/widgets/Control;",
      "Lorg/eclipse/jface/dialogs/Dialog.getInitialLocation(Lorg/eclipse/swt/graphics/Point;)Lorg/eclipse/swt/graphics/Point;",
      "Lorg/eclipse/jface/dialogs/Dialog.getInitialSize()Lorg/eclipse/swt/graphics/Point;",
      "Lorg/eclipse/jface/dialogs/Dialog.okPressed()V",
      "Lorg/eclipse/jface/window/Window.configureShell(Lorg/eclipse/swt/widgets/Shell;)V",
      "Lorg/eclipse/jface/window/Window.open()I"
    ]
  },
  {
    "frequency": 1,
    "overriddenMethods": [
      "Lorg/eclipse/jface/dialogs/Dialog.create()V",
      "Lorg/eclipse/jface/dialogs/Dialog.createButtonBar(Lorg/eclipse/swt/widgets/Composite;)Lorg/eclipse/swt/widgets/Control;",
      "Lorg/eclipse/jface/dialogs/Dialog.createDialogArea(Lorg/eclipse/swt/widgets/Composite;)Lorg/eclipse/swt/widgets/Control;",
      "Lorg/eclipse/jface/window/Window.configureShell(Lorg/eclipse/swt/widgets/Shell;)V"
    ]
  },
  {
    "frequency": 1,
    "overriddenMethods": [
      "Lorg/eclipse/jface/dialogs/Dialog.buttonPressed(I)V",
      "Lorg/eclipse/jface/dialogs/Dialog.createButtonBar(Lorg/eclipse/swt/widgets/Composite;)Lorg/eclipse/swt/widgets/Control;",
      "Lorg/eclipse/jface/dialogs/Dialog.createDialogArea(Lorg/eclipse/swt/widgets/Composite;)Lorg/eclipse/swt/widgets/Control;"
    ]
  },
  {
    "frequency": 7,
    "overriddenMethods": [
      "Lorg/eclipse/jface/dialogs/Dialog.buttonPressed(I)V",
      "Lorg/eclipse/jface/dialogs/Dialog.createButtonsForButtonBar(Lorg/eclipse/swt/widgets/Composite;)V",
      "Lorg/eclipse/jface/dialogs/Dialog.createDialogArea(Lorg/eclipse/swt/widgets/Composite;)Lorg/eclipse/swt/widgets/Control;",
      "Lorg/eclipse/jface/dialogs/Dialog.okPressed()V",
      "Lorg/eclipse/jface/window/Window.configureShell(Lorg/eclipse/swt/widgets/Shell;)V"
    ]
  },
  {
    "frequency": 1,
    "overriddenMethods": [
      "Lorg/eclipse/jface/dialogs/Dialog.cancelPressed()V",
      "Lorg/eclipse/jface/dialogs/Dialog.close()Z",
      "Lorg/eclipse/jface/dialogs/Dialog.createContents(Lorg/eclipse/swt/widgets/Composite;)Lorg/eclipse/swt/widgets/Control;",
      "Lorg/eclipse/jface/window/Window.configureShell(Lorg/eclipse/swt/widgets/Shell;)V"
    ]
  },
  {
    "frequency": 1,
    "overriddenMethods": [
      "Lorg/eclipse/jface/dialogs/Dialog.close()Z",
      "Lorg/eclipse/jface/dialogs/Dialog.createDialogArea(Lorg/eclipse/swt/widgets/Composite;)Lorg/eclipse/swt/widgets/Control;",
      "Lorg/eclipse/jface/dialogs/Dialog.getInitialSize()Lorg/eclipse/swt/graphics/Point;",
      "Lorg/eclipse/jface/window/Window.configureShell(Lorg/eclipse/swt/widgets/Shell;)V"
    ]
  },
  {
    "frequency": 2,
    "overriddenMethods": [
      "Lorg/eclipse/jface/dialogs/Dialog.createButtonsForButtonBar(Lorg/eclipse/swt/widgets/Composite;)V",
      "Lorg/eclipse/jface/dialogs/Dialog.createDialogArea(Lorg/eclipse/swt/widgets/Composite;)Lorg/eclipse/swt/widgets/Control;",
      "Lorg/eclipse/jface/window/Window.configureShell(Lorg/eclipse/swt/widgets/Shell;)V",
      "Lorg/eclipse/jface/window/Window.setShellStyle(I)V"
    ]
  },
  {
    "frequency": 2,
    "overriddenMethods": [
      "Lorg/eclipse/jface/dialogs/Dialog.createDialogArea(Lorg/eclipse/swt/widgets/Composite;)Lorg/eclipse/swt/widgets/Control;",
      "Lorg/eclipse/jface/dialogs/Dialog.getDialogBoundsSettings()Lorg/eclipse/jface/dialogs/IDialogSettings;",
      "Lorg/eclipse/jface/dialogs/Dialog.okPressed()V"
    ]
  },
  {
    "frequency": 7,
    "overriddenMethods": [
      "Lorg/eclipse/jface/dialogs/Dialog.create()V",
      "Lorg/eclipse/jface/dialogs/Dialog.createDialogArea(Lorg/eclipse/swt/widgets/Composite;)Lorg/eclipse/swt/widgets/Control;",
      "Lorg/eclipse/jface/dialogs/Dialog.okPressed()V",
      "Lorg/eclipse/jface/window/Window.configureShell(Lorg/eclipse/swt/widgets/Shell;)V"
    ]
  },
  {
    "frequency": 1,
    "overriddenMethods": [
      "Lorg/eclipse/jface/dialogs/Dialog.close()Z",
      "Lorg/eclipse/jface/dialogs/Dialog.createButtonsForButtonBar(Lorg/eclipse/swt/widgets/Composite;)V",
      "Lorg/eclipse/jface/dialogs/Dialog.createDialogArea(Lorg/eclipse/swt/widgets/Composite;)Lorg/eclipse/swt/widgets/Control;",
      "Lorg/eclipse/jface/dialogs/Dialog.getInitialSize()Lorg/eclipse/swt/graphics/Point;",
      "Lorg/eclipse/jface/window/Window.configureShell(Lorg/eclipse/swt/widgets/Shell;)V"
    ]
  },
  {
    "frequency": 3,
    "overriddenMethods": [
      "Ljava/lang/Object.toString()Ljava/lang/String;",
      "Lorg/eclipse/jface/dialogs/Dialog.createButtonsForButtonBar(Lorg/eclipse/swt/widgets/Composite;)V",
      "Lorg/eclipse/jface/dialogs/Dialog.createDialogArea(Lorg/eclipse/swt/widgets/Composite;)Lorg/eclipse/swt/widgets/Control;",
      "Lorg/eclipse/jface/dialogs/Dialog.okPressed()V",
      "Lorg/eclipse/jface/window/Window.configureShell(Lorg/eclipse/swt/widgets/Shell;)V"
    ]
  },
  {
    "frequency": 2,
    "overriddenMethods": [
      "Lorg/eclipse/jface/dialogs/Dialog.buttonPressed(I)V",
      "Lorg/eclipse/jface/dialogs/Dialog.close()Z",
      "Lorg/eclipse/jface/dialogs/Dialog.createButtonsForButtonBar(Lorg/eclipse/swt/widgets/Composite;)V",
      "Lorg/eclipse/jface/dialogs/Dialog.createDialogArea(Lorg/eclipse/swt/widgets/Composite;)Lorg/eclipse/swt/widgets/Control;",
      "Lorg/eclipse/jface/dialogs/Dialog.getInitialSize()Lorg/eclipse/swt/graphics/Point;",
      "Lorg/eclipse/jface/window/Window.configureShell(Lorg/eclipse/swt/widgets/Shell;)V"
    ]
  },
  {
    "frequency": 1,
    "overriddenMethods": [
      "Lorg/eclipse/jface/dialogs/Dialog.buttonPressed(I)V",
      "Lorg/eclipse/jface/dialogs/Dialog.createButtonBar(Lorg/eclipse/swt/widgets/Composite;)Lorg/eclipse/swt/widgets/Control;",
      "Lorg/eclipse/jface/dialogs/Dialog.createDialogArea(Lorg/eclipse/swt/widgets/Composite;)Lorg/eclipse/swt/widgets/Control;",
      "Lorg/eclipse/jface/dialogs/Dialog.okPressed()V",
      "Lorg/eclipse/jface/window/Window.configureShell(Lorg/eclipse/swt/widgets/Shell;)V"
    ]
  },
  {
    "frequency": 2,
    "overriddenMethods": [
      "Lorg/eclipse/jface/dialogs/Dialog.createContents(Lorg/eclipse/swt/widgets/Composite;)Lorg/eclipse/swt/widgets/Control;",
      "Lorg/eclipse/jface/dialogs/Dialog.getInitialLocation(Lorg/eclipse/swt/graphics/Point;)Lorg/eclipse/swt/graphics/Point;",
      "Lorg/eclipse/jface/window/Window.getShellStyle()I"
    ]
  },
  {
    "frequency": 1,
    "overriddenMethods": [
      "Lorg/eclipse/jface/dialogs/Dialog.createButtonsForButtonBar(Lorg/eclipse/swt/widgets/Composite;)V",
      "Lorg/eclipse/jface/dialogs/Dialog.createContents(Lorg/eclipse/swt/widgets/Composite;)Lorg/eclipse/swt/widgets/Control;",
      "Lorg/eclipse/jface/dialogs/Dialog.getInitialSize()Lorg/eclipse/swt/graphics/Point;",
      "Lorg/eclipse/jface/dialogs/Dialog.isResizable()Z"
    ]
  },
  {
    "frequency": 1,
    "overriddenMethods": [
      "Lorg/eclipse/jface/dialogs/Dialog.cancelPressed()V",
      "Lorg/eclipse/jface/dialogs/Dialog.createButtonsForButtonBar(Lorg/eclipse/swt/widgets/Composite;)V",
      "Lorg/eclipse/jface/dialogs/Dialog.createDialogArea(Lorg/eclipse/swt/widgets/Composite;)Lorg/eclipse/swt/widgets/Control;",
      "Lorg/eclipse/jface/dialogs/Dialog.okPressed()V"
    ]
  },
  {
    "frequency": 4,
    "overriddenMethods": [
      "Lorg/eclipse/jface/dialogs/Dialog.cancelPressed()V",
      "Lorg/eclipse/jface/dialogs/Dialog.createButtonBar(Lorg/eclipse/swt/widgets/Composite;)Lorg/eclipse/swt/widgets/Control;",
      "Lorg/eclipse/jface/dialogs/Dialog.createDialogArea(Lorg/eclipse/swt/widgets/Composite;)Lorg/eclipse/swt/widgets/Control;",
      "Lorg/eclipse/jface/dialogs/Dialog.getDialogBoundsSettings()Lorg/eclipse/jface/dialogs/IDialogSettings;",
      "Lorg/eclipse/jface/dialogs/Dialog.okPressed()V",
      "Lorg/eclipse/jface/window/Window.configureShell(Lorg/eclipse/swt/widgets/Shell;)V",
      "Lorg/eclipse/jface/window/Window.open()I"
    ]
  },
  {
    "frequency": 3,
    "overriddenMethods": [
      "Lorg/eclipse/jface/dialogs/Dialog.createDialogArea(Lorg/eclipse/swt/widgets/Composite;)Lorg/eclipse/swt/widgets/Control;",
      "Lorg/eclipse/jface/dialogs/Dialog.getDialogBoundsSettings()Lorg/eclipse/jface/dialogs/IDialogSettings;",
      "Lorg/eclipse/jface/dialogs/Dialog.isResizable()Z",
      "Lorg/eclipse/jface/dialogs/Dialog.okPressed()V",
      "Lorg/eclipse/jface/window/Window.configureShell(Lorg/eclipse/swt/widgets/Shell;)V"
    ]
  },
  {
    "frequency": 1,
    "overriddenMethods": [
      "Lorg/eclipse/jface/dialogs/Dialog.cancelPressed()V",
      "Lorg/eclipse/jface/dialogs/Dialog.createButtonsForButtonBar(Lorg/eclipse/swt/widgets/Composite;)V",
      "Lorg/eclipse/jface/dialogs/Dialog.createDialogArea(Lorg/eclipse/swt/widgets/Composite;)Lorg/eclipse/swt/widgets/Control;",
      "Lorg/eclipse/jface/dialogs/Dialog.isResizable()Z",
      "Lorg/eclipse/jface/dialogs/Dialog.okPressed()V",
      "Lorg/eclipse/jface/window/Window.configureShell(Lorg/eclipse/swt/widgets/Shell;)V"
    ]
  },
  {
    "frequency": 1,
    "overriddenMethods": [
      "Lorg/eclipse/jface/dialogs/Dialog.cancelPressed()V",
      "Lorg/eclipse/jface/dialogs/Dialog.close()Z",
      "Lorg/eclipse/jface/dialogs/Dialog.createDialogArea(Lorg/eclipse/swt/widgets/Composite;)Lorg/eclipse/swt/widgets/Control;",
      "Lorg/eclipse/jface/dialogs/Dialog.okPressed()V",
      "Lorg/eclipse/jface/window/Window.configureShell(Lorg/eclipse/swt/widgets/Shell;)V"
    ]
  },
  {
    "frequency": 1,
    "overriddenMethods": [
      "Lorg/eclipse/jface/dialogs/Dialog.close()Z",
      "Lorg/eclipse/jface/dialogs/Dialog.createContents(Lorg/eclipse/swt/widgets/Composite;)Lorg/eclipse/swt/widgets/Control;",
      "Lorg/eclipse/jface/dialogs/Dialog.createDialogArea(Lorg/eclipse/swt/widgets/Composite;)Lorg/eclipse/swt/widgets/Control;",
      "Lorg/eclipse/jface/dialogs/Dialog.isResizable()Z",
      "Lorg/eclipse/jface/dialogs/Dialog.okPressed()V"
    ]
  },
  {
    "frequency": 28,
    "overriddenMethods": [
      "Lorg/eclipse/jface/dialogs/Dialog.createButtonsForButtonBar(Lorg/eclipse/swt/widgets/Composite;)V",
      "Lorg/eclipse/jface/dialogs/Dialog.createDialogArea(Lorg/eclipse/swt/widgets/Composite;)Lorg/eclipse/swt/widgets/Control;",
      "Lorg/eclipse/jface/window/Window.configureShell(Lorg/eclipse/swt/widgets/Shell;)V"
    ]
  },
  {
    "frequency": 1,
    "overriddenMethods": [
      "Lorg/eclipse/jface/dialogs/Dialog.cancelPressed()V",
      "Lorg/eclipse/jface/dialogs/Dialog.createDialogArea(Lorg/eclipse/swt/widgets/Composite;)Lorg/eclipse/swt/widgets/Control;",
      "Lorg/eclipse/jface/dialogs/Dialog.getInitialLocation(Lorg/eclipse/swt/graphics/Point;)Lorg/eclipse/swt/graphics/Point;",
      "Lorg/eclipse/jface/dialogs/Dialog.getInitialSize()Lorg/eclipse/swt/graphics/Point;",
      "Lorg/eclipse/jface/dialogs/Dialog.isResizable()Z",
      "Lorg/eclipse/jface/dialogs/Dialog.okPressed()V",
      "Lorg/eclipse/jface/window/Window.configureShell(Lorg/eclipse/swt/widgets/Shell;)V"
    ]
  },
  {
    "frequency": 1,
    "overriddenMethods": [
      "Lorg/eclipse/jface/dialogs/Dialog.buttonPressed(I)V",
      "Lorg/eclipse/jface/dialogs/Dialog.createDialogArea(Lorg/eclipse/swt/widgets/Composite;)Lorg/eclipse/swt/widgets/Control;",
      "Lorg/eclipse/jface/dialogs/Dialog.getInitialSize()Lorg/eclipse/swt/graphics/Point;",
      "Lorg/eclipse/jface/window/Window.configureShell(Lorg/eclipse/swt/widgets/Shell;)V"
    ]
  },
  {
    "frequency": 1,
    "overriddenMethods": [
      "Lorg/eclipse/jface/dialogs/Dialog.createButtonsForButtonBar(Lorg/eclipse/swt/widgets/Composite;)V",
      "Lorg/eclipse/jface/dialogs/Dialog.createDialogArea(Lorg/eclipse/swt/widgets/Composite;)Lorg/eclipse/swt/widgets/Control;",
      "Lorg/eclipse/jface/dialogs/Dialog.getInitialSize()Lorg/eclipse/swt/graphics/Point;",
      "Lorg/eclipse/jface/dialogs/Dialog.okPressed()V",
      "Lorg/eclipse/jface/window/Window.configureShell(Lorg/eclipse/swt/widgets/Shell;)V",
      "Lorg/eclipse/jface/window/Window.open()I"
    ]
  },
  {
    "frequency": 1,
    "overriddenMethods": [
      "Lorg/eclipse/jface/dialogs/Dialog.buttonPressed(I)V",
      "Lorg/eclipse/jface/dialogs/Dialog.close()Z",
      "Lorg/eclipse/jface/dialogs/Dialog.create()V",
      "Lorg/eclipse/jface/dialogs/Dialog.createContents(Lorg/eclipse/swt/widgets/Composite;)Lorg/eclipse/swt/widgets/Control;",
      "Lorg/eclipse/jface/dialogs/Dialog.getDialogBoundsSettings()Lorg/eclipse/jface/dialogs/IDialogSettings;",
      "Lorg/eclipse/jface/dialogs/Dialog.getDialogBoundsStrategy()I",
      "Lorg/eclipse/jface/dialogs/Dialog.getInitialSize()Lorg/eclipse/swt/graphics/Point;",
      "Lorg/eclipse/jface/dialogs/Dialog.isResizable()Z",
      "Lorg/eclipse/jface/window/Window.getParentShell()Lorg/eclipse/swt/widgets/Shell;",
      "Lorg/eclipse/jface/window/Window.setParentShell(Lorg/eclipse/swt/widgets/Shell;)V"
    ]
  },
  {
    "frequency": 2,
    "overriddenMethods": [
      "Lorg/eclipse/jface/dialogs/Dialog.cancelPressed()V",
      "Lorg/eclipse/jface/dialogs/Dialog.createDialogArea(Lorg/eclipse/swt/widgets/Composite;)Lorg/eclipse/swt/widgets/Control;",
      "Lorg/eclipse/jface/window/Window.configureShell(Lorg/eclipse/swt/widgets/Shell;)V"
    ]
  },
  {
    "frequency": 1,
    "overriddenMethods": [
      "Lorg/eclipse/jface/dialogs/Dialog.close()Z",
      "Lorg/eclipse/jface/dialogs/Dialog.createButtonsForButtonBar(Lorg/eclipse/swt/widgets/Composite;)V",
      "Lorg/eclipse/jface/dialogs/Dialog.createDialogArea(Lorg/eclipse/swt/widgets/Composite;)Lorg/eclipse/swt/widgets/Control;",
      "Lorg/eclipse/jface/dialogs/Dialog.getInitialLocation(Lorg/eclipse/swt/graphics/Point;)Lorg/eclipse/swt/graphics/Point;",
      "Lorg/eclipse/jface/dialogs/Dialog.getInitialSize()Lorg/eclipse/swt/graphics/Point;"
    ]
  },
  {
    "frequency": 3,
    "overriddenMethods": [
      "Lorg/eclipse/jface/dialogs/Dialog.createContents(Lorg/eclipse/swt/widgets/Composite;)Lorg/eclipse/swt/widgets/Control;",
      "Lorg/eclipse/jface/dialogs/Dialog.createDialogArea(Lorg/eclipse/swt/widgets/Composite;)Lorg/eclipse/swt/widgets/Control;",
      "Lorg/eclipse/jface/dialogs/Dialog.okPressed()V"
    ]
  },
  {
    "frequency": 8,
    "overriddenMethods": [
      "Lorg/eclipse/jface/dialogs/Dialog.buttonPressed(I)V",
      "Lorg/eclipse/jface/dialogs/Dialog.createDialogArea(Lorg/eclipse/swt/widgets/Composite;)Lorg/eclipse/swt/widgets/Control;"
    ]
  },
  {
    "frequency": 1,
    "overriddenMethods": [
      "Lorg/eclipse/jface/dialogs/Dialog.close()Z",
      "Lorg/eclipse/jface/dialogs/Dialog.createDialogArea(Lorg/eclipse/swt/widgets/Composite;)Lorg/eclipse/swt/widgets/Control;",
      "Lorg/eclipse/jface/dialogs/Dialog.getDialogBoundsSettings()Lorg/eclipse/jface/dialogs/IDialogSettings;",
      "Lorg/eclipse/jface/dialogs/Dialog.isResizable()Z",
      "Lorg/eclipse/jface/dialogs/Dialog.okPressed()V",
      "Lorg/eclipse/jface/window/Window.configureShell(Lorg/eclipse/swt/widgets/Shell;)V"
    ]
  },
  {
    "frequency": 1,
    "overriddenMethods": [
      "Lorg/eclipse/jface/dialogs/Dialog.create()V",
      "Lorg/eclipse/jface/dialogs/Dialog.createDialogArea(Lorg/eclipse/swt/widgets/Composite;)Lorg/eclipse/swt/widgets/Control;",
      "Lorg/eclipse/jface/window/Window.configureShell(Lorg/eclipse/swt/widgets/Shell;)V"
    ]
  },
  {
    "frequency": 1,
    "overriddenMethods": [
      "Lorg/eclipse/jface/dialogs/Dialog.cancelPressed()V",
      "Lorg/eclipse/jface/dialogs/Dialog.createButtonsForButtonBar(Lorg/eclipse/swt/widgets/Composite;)V",
      "Lorg/eclipse/jface/dialogs/Dialog.createDialogArea(Lorg/eclipse/swt/widgets/Composite;)Lorg/eclipse/swt/widgets/Control;",
      "Lorg/eclipse/jface/dialogs/Dialog.isResizable()Z",
      "Lorg/eclipse/jface/window/Window.configureShell(Lorg/eclipse/swt/widgets/Shell;)V"
    ]
  },
  {
    "frequency": 1,
    "overriddenMethods": [
      "Lorg/eclipse/jface/dialogs/Dialog.buttonPressed(I)V",
      "Lorg/eclipse/jface/dialogs/Dialog.close()Z",
      "Lorg/eclipse/jface/dialogs/Dialog.create()V",
      "Lorg/eclipse/jface/dialogs/Dialog.createButtonsForButtonBar(Lorg/eclipse/swt/widgets/Composite;)V",
      "Lorg/eclipse/jface/dialogs/Dialog.createDialogArea(Lorg/eclipse/swt/widgets/Composite;)Lorg/eclipse/swt/widgets/Control;",
      "Lorg/eclipse/jface/window/Window.configureShell(Lorg/eclipse/swt/widgets/Shell;)V"
    ]
  },
  {
    "frequency": 1,
    "overriddenMethods": [
      "Lorg/eclipse/jface/dialogs/Dialog.cancelPressed()V",
      "Lorg/eclipse/jface/dialogs/Dialog.createButtonsForButtonBar(Lorg/eclipse/swt/widgets/Composite;)V",
      "Lorg/eclipse/jface/dialogs/Dialog.createDialogArea(Lorg/eclipse/swt/widgets/Composite;)Lorg/eclipse/swt/widgets/Control;",
      "Lorg/eclipse/jface/dialogs/Dialog.getInitialSize()Lorg/eclipse/swt/graphics/Point;",
      "Lorg/eclipse/jface/dialogs/Dialog.okPressed()V"
    ]
  },
  {
    "frequency": 1,
    "overriddenMethods": [
      "Lorg/eclipse/jface/dialogs/Dialog.buttonPressed(I)V",
      "Lorg/eclipse/jface/dialogs/Dialog.createButtonsForButtonBar(Lorg/eclipse/swt/widgets/Composite;)V",
      "Lorg/eclipse/jface/dialogs/Dialog.createDialogArea(Lorg/eclipse/swt/widgets/Composite;)Lorg/eclipse/swt/widgets/Control;",
      "Lorg/eclipse/jface/window/Window.handleShellCloseEvent()V"
    ]
  },
  {
    "frequency": 42,
    "overriddenMethods": [
      "Lorg/eclipse/jface/dialogs/Dialog.buttonPressed(I)V",
      "Lorg/eclipse/jface/dialogs/Dialog.createButtonsForButtonBar(Lorg/eclipse/swt/widgets/Composite;)V",
      "Lorg/eclipse/jface/dialogs/Dialog.createDialogArea(Lorg/eclipse/swt/widgets/Composite;)Lorg/eclipse/swt/widgets/Control;",
      "Lorg/eclipse/jface/window/Window.configureShell(Lorg/eclipse/swt/widgets/Shell;)V"
    ]
  },
  {
    "frequency": 1,
    "overriddenMethods": [
      "Lorg/eclipse/jface/dialogs/Dialog.createDialogArea(Lorg/eclipse/swt/widgets/Composite;)Lorg/eclipse/swt/widgets/Control;",
      "Lorg/eclipse/jface/dialogs/Dialog.getDialogBoundsSettings()Lorg/eclipse/jface/dialogs/IDialogSettings;",
      "Lorg/eclipse/jface/dialogs/Dialog.getInitialSize()Lorg/eclipse/swt/graphics/Point;",
      "Lorg/eclipse/jface/dialogs/Dialog.isResizable()Z",
      "Lorg/eclipse/jface/dialogs/Dialog.okPressed()V",
      "Lorg/eclipse/jface/window/Window.configureShell(Lorg/eclipse/swt/widgets/Shell;)V"
    ]
  },
  {
    "frequency": 13,
    "overriddenMethods": [
      "Lorg/eclipse/jface/dialogs/Dialog.cancelPressed()V",
      "Lorg/eclipse/jface/dialogs/Dialog.createDialogArea(Lorg/eclipse/swt/widgets/Composite;)Lorg/eclipse/swt/widgets/Control;",
      "Lorg/eclipse/jface/dialogs/Dialog.okPressed()V",
      "Lorg/eclipse/jface/window/Window.configureShell(Lorg/eclipse/swt/widgets/Shell;)V"
    ]
  },
  {
    "frequency": 1,
    "overriddenMethods": [
      "Lorg/eclipse/jface/dialogs/Dialog.createDialogArea(Lorg/eclipse/swt/widgets/Composite;)Lorg/eclipse/swt/widgets/Control;",
      "Lorg/eclipse/jface/dialogs/Dialog.getInitialSize()Lorg/eclipse/swt/graphics/Point;",
      "Lorg/eclipse/jface/dialogs/Dialog.okPressed()V",
      "Lorg/eclipse/jface/window/Window.configureShell(Lorg/eclipse/swt/widgets/Shell;)V",
      "Lorg/eclipse/jface/window/Window.getShellStyle()I"
    ]
  },
  {
    "frequency": 89,
    "overriddenMethods": [
      "Lorg/eclipse/jface/dialogs/Dialog.createDialogArea(Lorg/eclipse/swt/widgets/Composite;)Lorg/eclipse/swt/widgets/Control;",
      "Lorg/eclipse/jface/dialogs/Dialog.okPressed()V",
      "Lorg/eclipse/jface/window/Window.configureShell(Lorg/eclipse/swt/widgets/Shell;)V"
    ]
  },
  {
    "frequency": 2,
    "overriddenMethods": [
      "Lorg/eclipse/jface/dialogs/Dialog.close()Z",
      "Lorg/eclipse/jface/dialogs/Dialog.createDialogArea(Lorg/eclipse/swt/widgets/Composite;)Lorg/eclipse/swt/widgets/Control;",
      "Lorg/eclipse/jface/dialogs/Dialog.okPressed()V"
    ]
  },
  {
    "frequency": 1,
    "overriddenMethods": [
      "Lorg/eclipse/jface/dialogs/Dialog.create()V",
      "Lorg/eclipse/jface/dialogs/Dialog.createContents(Lorg/eclipse/swt/widgets/Composite;)Lorg/eclipse/swt/widgets/Control;",
      "Lorg/eclipse/jface/dialogs/Dialog.isResizable()Z",
      "Lorg/eclipse/jface/window/Window.constrainShellSize()V"
    ]
  },
  {
    "frequency": 40,
    "overriddenMethods": [
      "Lorg/eclipse/jface/dialogs/Dialog.createDialogArea(Lorg/eclipse/swt/widgets/Composite;)Lorg/eclipse/swt/widgets/Control;",
      "Lorg/eclipse/jface/dialogs/Dialog.okPressed()V"
    ]
  },
  {
    "frequency": 1,
    "overriddenMethods": [
      "Lorg/eclipse/jface/dialogs/Dialog.buttonPressed(I)V",
      "Lorg/eclipse/jface/dialogs/Dialog.close()Z",
      "Lorg/eclipse/jface/dialogs/Dialog.createButtonsForButtonBar(Lorg/eclipse/swt/widgets/Composite;)V",
      "Lorg/eclipse/jface/dialogs/Dialog.createDialogArea(Lorg/eclipse/swt/widgets/Composite;)Lorg/eclipse/swt/widgets/Control;",
      "Lorg/eclipse/jface/dialogs/Dialog.okPressed()V",
      "Lorg/eclipse/jface/window/Window.configureShell(Lorg/eclipse/swt/widgets/Shell;)V"
    ]
  },
  {
    "frequency": 1,
    "overriddenMethods": [
      "Lorg/eclipse/jface/dialogs/Dialog.createButtonBar(Lorg/eclipse/swt/widgets/Composite;)Lorg/eclipse/swt/widgets/Control;",
      "Lorg/eclipse/jface/dialogs/Dialog.createButtonsForButtonBar(Lorg/eclipse/swt/widgets/Composite;)V",
      "Lorg/eclipse/jface/dialogs/Dialog.createDialogArea(Lorg/eclipse/swt/widgets/Composite;)Lorg/eclipse/swt/widgets/Control;"
    ]
  },
  {
    "frequency": 1,
    "overriddenMethods": [
      "Lorg/eclipse/jface/dialogs/Dialog.createButtonBar(Lorg/eclipse/swt/widgets/Composite;)Lorg/eclipse/swt/widgets/Control;",
      "Lorg/eclipse/jface/dialogs/Dialog.createButtonsForButtonBar(Lorg/eclipse/swt/widgets/Composite;)V",
      "Lorg/eclipse/jface/dialogs/Dialog.createDialogArea(Lorg/eclipse/swt/widgets/Composite;)Lorg/eclipse/swt/widgets/Control;",
      "Lorg/eclipse/jface/dialogs/Dialog.isResizable()Z",
      "Lorg/eclipse/jface/dialogs/Dialog.okPressed()V",
      "Lorg/eclipse/jface/window/Window.configureShell(Lorg/eclipse/swt/widgets/Shell;)V"
    ]
  },
  {
    "frequency": 1,
    "overriddenMethods": [
      "Lorg/eclipse/jface/dialogs/Dialog.buttonPressed(I)V",
      "Lorg/eclipse/jface/dialogs/Dialog.close()Z",
      "Lorg/eclipse/jface/dialogs/Dialog.create()V",
      "Lorg/eclipse/jface/dialogs/Dialog.createButtonsForButtonBar(Lorg/eclipse/swt/widgets/Composite;)V",
      "Lorg/eclipse/jface/dialogs/Dialog.createDialogArea(Lorg/eclipse/swt/widgets/Composite;)Lorg/eclipse/swt/widgets/Control;",
      "Lorg/eclipse/jface/window/Window.open()I"
    ]
  },
  {
    "frequency": 1,
    "overriddenMethods": [
      "Lorg/eclipse/jface/dialogs/Dialog.close()Z",
      "Lorg/eclipse/jface/dialogs/Dialog.createContents(Lorg/eclipse/swt/widgets/Composite;)Lorg/eclipse/swt/widgets/Control;",
      "Lorg/eclipse/jface/dialogs/Dialog.createDialogArea(Lorg/eclipse/swt/widgets/Composite;)Lorg/eclipse/swt/widgets/Control;"
    ]
  },
  {
    "frequency": 1,
    "overriddenMethods": [
      "Lorg/eclipse/jface/dialogs/Dialog.createButtonBar(Lorg/eclipse/swt/widgets/Composite;)Lorg/eclipse/swt/widgets/Control;",
      "Lorg/eclipse/jface/dialogs/Dialog.createDialogArea(Lorg/eclipse/swt/widgets/Composite;)Lorg/eclipse/swt/widgets/Control;",
      "Lorg/eclipse/jface/dialogs/Dialog.isResizable()Z",
      "Lorg/eclipse/jface/dialogs/Dialog.okPressed()V",
      "Lorg/eclipse/jface/window/Window.configureShell(Lorg/eclipse/swt/widgets/Shell;)V"
    ]
  },
  {
    "frequency": 1,
    "overriddenMethods": [
      "Lorg/eclipse/jface/dialogs/Dialog.close()Z",
      "Lorg/eclipse/jface/dialogs/Dialog.create()V",
      "Lorg/eclipse/jface/dialogs/Dialog.createContents(Lorg/eclipse/swt/widgets/Composite;)Lorg/eclipse/swt/widgets/Control;",
      "Lorg/eclipse/jface/dialogs/Dialog.getDialogBoundsSettings()Lorg/eclipse/jface/dialogs/IDialogSettings;",
      "Lorg/eclipse/jface/dialogs/Dialog.getDialogBoundsStrategy()I",
      "Lorg/eclipse/jface/dialogs/Dialog.isResizable()Z"
    ]
  },
  {
    "frequency": 2,
    "overriddenMethods": [
      "Lorg/eclipse/jface/dialogs/Dialog.create()V",
      "Lorg/eclipse/jface/dialogs/Dialog.createDialogArea(Lorg/eclipse/swt/widgets/Composite;)Lorg/eclipse/swt/widgets/Control;",
      "Lorg/eclipse/jface/dialogs/Dialog.okPressed()V"
    ]
  },
  {
    "frequency": 4,
    "overriddenMethods": [
      "Lorg/eclipse/jface/dialogs/Dialog.buttonPressed(I)V",
      "Lorg/eclipse/jface/dialogs/Dialog.createButtonsForButtonBar(Lorg/eclipse/swt/widgets/Composite;)V",
      "Lorg/eclipse/jface/dialogs/Dialog.createDialogArea(Lorg/eclipse/swt/widgets/Composite;)Lorg/eclipse/swt/widgets/Control;",
      "Lorg/eclipse/jface/dialogs/Dialog.okPressed()V"
    ]
  }
]