[
  {
    "frequency": 1,
    "overriddenMethods": [
      "Lorg/eclipse/jface/dialogs/DialogPage.dispose()V"
    ]
  },
  {
    "frequency": 9,
    "overriddenMethods": []
  },
  {
    "frequency": 2,
    "overriddenMethods": [
      "Lorg/eclipse/jface/dialogs/DialogPage.setErrorMessage(Ljava/lang/String;)V",
      "Lorg/eclipse/jface/dialogs/DialogPage.setMessage(Ljava/lang/String;I)V"
    ]
  },
  {
    "frequency": 11,
    "overriddenMethods": [
      "Lorg/eclipse/jface/dialogs/DialogPage.setVisible(Z)V"
    ]
  },
  {
    "frequency": 1,
    "overriddenMethods": [
      "Lorg/eclipse/jface/dialogs/DialogPage.getControl()Lorg/eclipse/swt/widgets/Control;"
    ]
  },
  {
    "frequency": 2,
    "overriddenMethods": [
      "Lorg/eclipse/jface/dialogs/DialogPage.setErrorMessage(Ljava/lang/String;)V"
    ]
  },
  {
    "frequency": 12,
    "overriddenMethods": [
      "Lorg/eclipse/jface/dialogs/DialogPage.dispose()V",
      "Lorg/eclipse/jface/dialogs/DialogPage.setVisible(Z)V"
    ]
  }
]