[
  {
    "frequency": 4,
    "overriddenMethods": []
  },
  {
    "frequency": 1,
    "overriddenMethods": [
      "Lorg/eclipse/jface/dialogs/ErrorDialog.buttonPressed(I)V",
      "Lorg/eclipse/jface/dialogs/ErrorDialog.createButtonsForButtonBar(Lorg/eclipse/swt/widgets/Composite;)V",
      "Lorg/eclipse/jface/dialogs/ErrorDialog.createDialogArea(Lorg/eclipse/swt/widgets/Composite;)Lorg/eclipse/swt/widgets/Control;",
      "Lorg/eclipse/jface/dialogs/ErrorDialog.open()I"
    ]
  },
  {
    "frequency": 8,
    "overriddenMethods": [
      "Lorg/eclipse/jface/dialogs/ErrorDialog.buttonPressed(I)V",
      "Lorg/eclipse/jface/dialogs/ErrorDialog.createButtonsForButtonBar(Lorg/eclipse/swt/widgets/Composite;)V"
    ]
  },
  {
    "frequency": 1,
    "overriddenMethods": [
      "Lorg/eclipse/jface/dialogs/ErrorDialog.buttonPressed(I)V",
      "Lorg/eclipse/jface/dialogs/ErrorDialog.createButtonsForButtonBar(Lorg/eclipse/swt/widgets/Composite;)V",
      "Lorg/eclipse/jface/window/Window.getShellStyle()I"
    ]
  },
  {
    "frequency": 1,
    "overriddenMethods": [
      "Lorg/eclipse/jface/dialogs/Dialog.okPressed()V",
      "Lorg/eclipse/jface/dialogs/IconAndMessageDialog.createMessageArea(Lorg/eclipse/swt/widgets/Composite;)Lorg/eclipse/swt/widgets/Control;"
    ]
  },
  {
    "frequency": 6,
    "overriddenMethods": [
      "Lorg/eclipse/jface/dialogs/ErrorDialog.createButtonsForButtonBar(Lorg/eclipse/swt/widgets/Composite;)V"
    ]
  },
  {
    "frequency": 4,
    "overriddenMethods": [
      "Lorg/eclipse/jface/dialogs/ErrorDialog.createDialogArea(Lorg/eclipse/swt/widgets/Composite;)Lorg/eclipse/swt/widgets/Control;"
    ]
  },
  {
    "frequency": 1,
    "overriddenMethods": [
      "Lorg/eclipse/jface/dialogs/IconAndMessageDialog.createMessageArea(Lorg/eclipse/swt/widgets/Composite;)Lorg/eclipse/swt/widgets/Control;"
    ]
  },
  {
    "frequency": 1,
    "overriddenMethods": [
      "Lorg/eclipse/jface/dialogs/ErrorDialog.buttonPressed(I)V",
      "Lorg/eclipse/jface/dialogs/ErrorDialog.createButtonsForButtonBar(Lorg/eclipse/swt/widgets/Composite;)V",
      "Lorg/eclipse/jface/dialogs/ErrorDialog.shouldShowDetailsButton()Z"
    ]
  },
  {
    "frequency": 1,
    "overriddenMethods": [
      "Lorg/eclipse/jface/dialogs/ErrorDialog.buttonPressed(I)V",
      "Lorg/eclipse/jface/dialogs/ErrorDialog.createButtonsForButtonBar(Lorg/eclipse/swt/widgets/Composite;)V",
      "Lorg/eclipse/jface/dialogs/ErrorDialog.createDropDownList(Lorg/eclipse/swt/widgets/Composite;)Lorg/eclipse/swt/widgets/List;"
    ]
  },
  {
    "frequency": 2,
    "overriddenMethods": [
      "Lorg/eclipse/jface/dialogs/ErrorDialog.close()Z",
      "Lorg/eclipse/jface/dialogs/ErrorDialog.createDropDownList(Lorg/eclipse/swt/widgets/Composite;)Lorg/eclipse/swt/widgets/List;"
    ]
  },
  {
    "frequency": 1,
    "overriddenMethods": [
      "Lorg/eclipse/jface/dialogs/ErrorDialog.getImage()Lorg/eclipse/swt/graphics/Image;",
      "Lorg/eclipse/jface/dialogs/IconAndMessageDialog.createMessageArea(Lorg/eclipse/swt/widgets/Composite;)Lorg/eclipse/swt/widgets/Control;"
    ]
  },
  {
    "frequency": 4,
    "overriddenMethods": [
      "Lorg/eclipse/jface/dialogs/ErrorDialog.createButtonsForButtonBar(Lorg/eclipse/swt/widgets/Composite;)V",
      "Lorg/eclipse/jface/dialogs/IconAndMessageDialog.createMessageArea(Lorg/eclipse/swt/widgets/Composite;)Lorg/eclipse/swt/widgets/Control;"
    ]
  },
  {
    "frequency": 2,
    "overriddenMethods": [
      "Lorg/eclipse/jface/dialogs/ErrorDialog.buttonPressed(I)V",
      "Lorg/eclipse/jface/dialogs/ErrorDialog.createButtonsForButtonBar(Lorg/eclipse/swt/widgets/Composite;)V",
      "Lorg/eclipse/jface/dialogs/ErrorDialog.createDialogArea(Lorg/eclipse/swt/widgets/Composite;)Lorg/eclipse/swt/widgets/Control;"
    ]
  },
  {
    "frequency": 1,
    "overriddenMethods": [
      "Lorg/eclipse/jface/dialogs/ErrorDialog.createButtonsForButtonBar(Lorg/eclipse/swt/widgets/Composite;)V",
      "Lorg/eclipse/jface/dialogs/ErrorDialog.createDialogArea(Lorg/eclipse/swt/widgets/Composite;)Lorg/eclipse/swt/widgets/Control;"
    ]
  },
  {
    "frequency": 1,
    "overriddenMethods": [
      "Lorg/eclipse/jface/dialogs/ErrorDialog.close()Z",
      "Lorg/eclipse/jface/dialogs/ErrorDialog.createDialogArea(Lorg/eclipse/swt/widgets/Composite;)Lorg/eclipse/swt/widgets/Control;"
    ]
  },
  {
    "frequency": 1,
    "overriddenMethods": [
      "Lorg/eclipse/jface/dialogs/ErrorDialog.configureShell(Lorg/eclipse/swt/widgets/Shell;)V"
    ]
  }
]