[
  {
    "frequency": 5,
    "overriddenMethods": []
  },
  {
    "frequency": 1,
    "overriddenMethods": [
      "Lorg/eclipse/jface/dialogs/InputDialog.createDialogArea(Lorg/eclipse/swt/widgets/Composite;)Lorg/eclipse/swt/widgets/Control;",
      "Lorg/eclipse/jface/dialogs/InputDialog.getInputTextStyle()I"
    ]
  },
  {
    "frequency": 3,
    "overriddenMethods": [
      "Lorg/eclipse/jface/dialogs/InputDialog.getInputTextStyle()I"
    ]
  },
  {
    "frequency": 1,
    "overriddenMethods": [
      "Lorg/eclipse/jface/dialogs/Dialog.getDialogBoundsSettings()Lorg/eclipse/jface/dialogs/IDialogSettings;",
      "Lorg/eclipse/jface/dialogs/Dialog.getDialogBoundsStrategy()I"
    ]
  },
  {
    "frequency": 1,
    "overriddenMethods": [
      "Lorg/eclipse/jface/dialogs/InputDialog.buttonPressed(I)V",
      "Lorg/eclipse/jface/dialogs/InputDialog.createDialogArea(Lorg/eclipse/swt/widgets/Composite;)Lorg/eclipse/swt/widgets/Control;",
      "Lorg/eclipse/jface/dialogs/InputDialog.validateInput()V"
    ]
  },
  {
    "frequency": 2,
    "overriddenMethods": [
      "Lorg/eclipse/jface/dialogs/Dialog.okPressed()V",
      "Lorg/eclipse/jface/dialogs/InputDialog.createDialogArea(Lorg/eclipse/swt/widgets/Composite;)Lorg/eclipse/swt/widgets/Control;"
    ]
  },
  {
    "frequency": 3,
    "overriddenMethods": [
      "Lorg/eclipse/jface/window/Window.open()I"
    ]
  },
  {
    "frequency": 1,
    "overriddenMethods": [
      "Lorg/eclipse/jface/dialogs/Dialog.create()V",
      "Lorg/eclipse/jface/dialogs/InputDialog.buttonPressed(I)V",
      "Lorg/eclipse/jface/dialogs/InputDialog.createDialogArea(Lorg/eclipse/swt/widgets/Composite;)Lorg/eclipse/swt/widgets/Control;"
    ]
  },
  {
    "frequency": 1,
    "overriddenMethods": [
      "Lorg/eclipse/jface/dialogs/InputDialog.buttonPressed(I)V",
      "Lorg/eclipse/jface/dialogs/InputDialog.createButtonsForButtonBar(Lorg/eclipse/swt/widgets/Composite;)V",
      "Lorg/eclipse/jface/dialogs/InputDialog.createDialogArea(Lorg/eclipse/swt/widgets/Composite;)Lorg/eclipse/swt/widgets/Control;",
      "Lorg/eclipse/jface/dialogs/InputDialog.setErrorMessage(Ljava/lang/String;)V"
    ]
  },
  {
    "frequency": 2,
    "overriddenMethods": [
      "Lorg/eclipse/jface/dialogs/InputDialog.buttonPressed(I)V",
      "Lorg/eclipse/jface/dialogs/InputDialog.createButtonsForButtonBar(Lorg/eclipse/swt/widgets/Composite;)V"
    ]
  },
  {
    "frequency": 1,
    "overriddenMethods": [
      "Lorg/eclipse/jface/dialogs/Dialog.close()Z",
      "Lorg/eclipse/jface/dialogs/InputDialog.createDialogArea(Lorg/eclipse/swt/widgets/Composite;)Lorg/eclipse/swt/widgets/Control;"
    ]
  },
  {
    "frequency": 1,
    "overriddenMethods": [
      "Lorg/eclipse/jface/dialogs/Dialog.getInitialSize()Lorg/eclipse/swt/graphics/Point;",
      "Lorg/eclipse/jface/dialogs/Dialog.isResizable()Z",
      "Lorg/eclipse/jface/dialogs/InputDialog.createDialogArea(Lorg/eclipse/swt/widgets/Composite;)Lorg/eclipse/swt/widgets/Control;",
      "Lorg/eclipse/jface/dialogs/InputDialog.getInputTextStyle()I"
    ]
  },
  {
    "frequency": 1,
    "overriddenMethods": [
      "Lorg/eclipse/jface/dialogs/InputDialog.buttonPressed(I)V",
      "Lorg/eclipse/jface/dialogs/InputDialog.createButtonsForButtonBar(Lorg/eclipse/swt/widgets/Composite;)V",
      "Lorg/eclipse/jface/dialogs/InputDialog.createDialogArea(Lorg/eclipse/swt/widgets/Composite;)Lorg/eclipse/swt/widgets/Control;",
      "Lorg/eclipse/jface/dialogs/InputDialog.getValue()Ljava/lang/String;",
      "Lorg/eclipse/jface/dialogs/InputDialog.validateInput()V"
    ]
  },
  {
    "frequency": 1,
    "overriddenMethods": [
      "Lorg/eclipse/jface/dialogs/InputDialog.buttonPressed(I)V",
      "Lorg/eclipse/jface/dialogs/InputDialog.createButtonsForButtonBar(Lorg/eclipse/swt/widgets/Composite;)V",
      "Lorg/eclipse/jface/dialogs/InputDialog.createDialogArea(Lorg/eclipse/swt/widgets/Composite;)Lorg/eclipse/swt/widgets/Control;",
      "Lorg/eclipse/jface/dialogs/InputDialog.validateInput()V"
    ]
  },
  {
    "frequency": 1,
    "overriddenMethods": [
      "Lorg/eclipse/jface/dialogs/Dialog.getInitialSize()Lorg/eclipse/swt/graphics/Point;",
      "Lorg/eclipse/jface/dialogs/Dialog.isResizable()Z",
      "Lorg/eclipse/jface/dialogs/InputDialog.createDialogArea(Lorg/eclipse/swt/widgets/Composite;)Lorg/eclipse/swt/widgets/Control;"
    ]
  },
  {
    "frequency": 2,
    "overriddenMethods": [
      "Lorg/eclipse/jface/dialogs/InputDialog.buttonPressed(I)V",
      "Lorg/eclipse/jface/dialogs/InputDialog.createButtonsForButtonBar(Lorg/eclipse/swt/widgets/Composite;)V",
      "Lorg/eclipse/jface/dialogs/InputDialog.createDialogArea(Lorg/eclipse/swt/widgets/Composite;)Lorg/eclipse/swt/widgets/Control;"
    ]
  },
  {
    "frequency": 3,
    "overriddenMethods": [
      "Lorg/eclipse/jface/dialogs/InputDialog.configureShell(Lorg/eclipse/swt/widgets/Shell;)V"
    ]
  },
  {
    "frequency": 1,
    "overriddenMethods": [
      "Lorg/eclipse/jface/dialogs/Dialog.getDialogBoundsSettings()Lorg/eclipse/jface/dialogs/IDialogSettings;",
      "Lorg/eclipse/jface/dialogs/Dialog.isResizable()Z",
      "Lorg/eclipse/jface/dialogs/InputDialog.createDialogArea(Lorg/eclipse/swt/widgets/Composite;)Lorg/eclipse/swt/widgets/Control;"
    ]
  },
  {
    "frequency": 1,
    "overriddenMethods": [
      "Lorg/eclipse/jface/dialogs/Dialog.createButtonBar(Lorg/eclipse/swt/widgets/Composite;)Lorg/eclipse/swt/widgets/Control;",
      "Lorg/eclipse/jface/dialogs/InputDialog.createDialogArea(Lorg/eclipse/swt/widgets/Composite;)Lorg/eclipse/swt/widgets/Control;",
      "Lorg/eclipse/jface/dialogs/InputDialog.getInputTextStyle()I"
    ]
  },
  {
    "frequency": 1,
    "overriddenMethods": [
      "Lorg/eclipse/jface/dialogs/Dialog.close()Z",
      "Lorg/eclipse/jface/dialogs/InputDialog.buttonPressed(I)V",
      "Lorg/eclipse/jface/dialogs/InputDialog.createButtonsForButtonBar(Lorg/eclipse/swt/widgets/Composite;)V",
      "Lorg/eclipse/jface/dialogs/InputDialog.createDialogArea(Lorg/eclipse/swt/widgets/Composite;)Lorg/eclipse/swt/widgets/Control;"
    ]
  },
  {
    "frequency": 1,
    "overriddenMethods": [
      "Lorg/eclipse/jface/dialogs/Dialog.createContents(Lorg/eclipse/swt/widgets/Composite;)Lorg/eclipse/swt/widgets/Control;"
    ]
  },
  {
    "frequency": 22,
    "overriddenMethods": [
      "Lorg/eclipse/jface/dialogs/InputDialog.createDialogArea(Lorg/eclipse/swt/widgets/Composite;)Lorg/eclipse/swt/widgets/Control;"
    ]
  },
  {
    "frequency": 4,
    "overriddenMethods": [
      "Lorg/eclipse/jface/dialogs/InputDialog.buttonPressed(I)V"
    ]
  },
  {
    "frequency": 1,
    "overriddenMethods": [
      "Lorg/eclipse/jface/dialogs/Dialog.okPressed()V",
      "Lorg/eclipse/jface/dialogs/InputDialog.createButtonsForButtonBar(Lorg/eclipse/swt/widgets/Composite;)V",
      "Lorg/eclipse/jface/dialogs/InputDialog.createDialogArea(Lorg/eclipse/swt/widgets/Composite;)Lorg/eclipse/swt/widgets/Control;"
    ]
  },
  {
    "frequency": 5,
    "overriddenMethods": [
      "Lorg/eclipse/jface/dialogs/InputDialog.createButtonsForButtonBar(Lorg/eclipse/swt/widgets/Composite;)V"
    ]
  },
  {
    "frequency": 2,
    "overriddenMethods": [
      "Lorg/eclipse/jface/dialogs/InputDialog.buttonPressed(I)V",
      "Lorg/eclipse/jface/dialogs/InputDialog.createDialogArea(Lorg/eclipse/swt/widgets/Composite;)Lorg/eclipse/swt/widgets/Control;"
    ]
  },
  {
    "frequency": 1,
    "overriddenMethods": [
      "Lorg/eclipse/jface/dialogs/Dialog.okPressed()V",
      "Lorg/eclipse/jface/dialogs/InputDialog.configureShell(Lorg/eclipse/swt/widgets/Shell;)V",
      "Lorg/eclipse/jface/dialogs/InputDialog.createButtonsForButtonBar(Lorg/eclipse/swt/widgets/Composite;)V",
      "Lorg/eclipse/jface/dialogs/InputDialog.createDialogArea(Lorg/eclipse/swt/widgets/Composite;)Lorg/eclipse/swt/widgets/Control;",
      "Lorg/eclipse/jface/dialogs/InputDialog.validateInput()V"
    ]
  },
  {
    "frequency": 1,
    "overriddenMethods": [
      "Lorg/eclipse/jface/dialogs/InputDialog.createDialogArea(Lorg/eclipse/swt/widgets/Composite;)Lorg/eclipse/swt/widgets/Control;",
      "Lorg/eclipse/jface/dialogs/InputDialog.getValue()Ljava/lang/String;"
    ]
  },
  {
    "frequency": 6,
    "overriddenMethods": [
      "Lorg/eclipse/jface/dialogs/Dialog.okPressed()V"
    ]
  },
  {
    "frequency": 1,
    "overriddenMethods": [
      "Lorg/eclipse/jface/window/Window.getShellStyle()I"
    ]
  },
  {
    "frequency": 1,
    "overriddenMethods": [
      "Lorg/eclipse/jface/dialogs/Dialog.createContents(Lorg/eclipse/swt/widgets/Composite;)Lorg/eclipse/swt/widgets/Control;",
      "Lorg/eclipse/jface/dialogs/Dialog.isResizable()Z",
      "Lorg/eclipse/jface/dialogs/InputDialog.createDialogArea(Lorg/eclipse/swt/widgets/Composite;)Lorg/eclipse/swt/widgets/Control;",
      "Lorg/eclipse/jface/dialogs/InputDialog.getInputTextStyle()I"
    ]
  },
  {
    "frequency": 1,
    "overriddenMethods": [
      "Lorg/eclipse/jface/dialogs/Dialog.createContents(Lorg/eclipse/swt/widgets/Composite;)Lorg/eclipse/swt/widgets/Control;",
      "Lorg/eclipse/jface/dialogs/InputDialog.createDialogArea(Lorg/eclipse/swt/widgets/Composite;)Lorg/eclipse/swt/widgets/Control;",
      "Lorg/eclipse/jface/dialogs/InputDialog.getInputTextStyle()I",
      "Lorg/eclipse/jface/dialogs/InputDialog.validateInput()V"
    ]
  }
]