[
  {
    "frequency": 3,
    "overriddenMethods": []
  },
  {
    "frequency": 5,
    "overriddenMethods": [
      "Lorg/eclipse/jface/dialogs/ProgressMonitorDialog.configureShell(Lorg/eclipse/swt/widgets/Shell;)V"
    ]
  },
  {
    "frequency": 1,
    "overriddenMethods": [
      "Lorg/eclipse/jface/dialogs/ProgressMonitorDialog.createCancelButton(Lorg/eclipse/swt/widgets/Composite;)V",
      "Lorg/eclipse/jface/dialogs/ProgressMonitorDialog.createDialogArea(Lorg/eclipse/swt/widgets/Composite;)Lorg/eclipse/swt/widgets/Control;"
    ]
  },
  {
    "frequency": 1,
    "overriddenMethods": [
      "Lorg/eclipse/jface/dialogs/ProgressMonitorDialog.getImage()Lorg/eclipse/swt/graphics/Image;"
    ]
  },
  {
    "frequency": 1,
    "overriddenMethods": [
      "Lorg/eclipse/jface/dialogs/Dialog.isResizable()Z",
      "Lorg/eclipse/jface/dialogs/IconAndMessageDialog.createButtonBar(Lorg/eclipse/swt/widgets/Composite;)Lorg/eclipse/swt/widgets/Control;",
      "Lorg/eclipse/jface/dialogs/ProgressMonitorDialog.clearCursors()V",
      "Lorg/eclipse/jface/dialogs/ProgressMonitorDialog.close()Z",
      "Lorg/eclipse/jface/dialogs/ProgressMonitorDialog.createButtonsForButtonBar(Lorg/eclipse/swt/widgets/Composite;)V",
      "Lorg/eclipse/jface/dialogs/ProgressMonitorDialog.createDialogArea(Lorg/eclipse/swt/widgets/Composite;)Lorg/eclipse/swt/widgets/Control;",
      "Lorg/eclipse/jface/dialogs/ProgressMonitorDialog.getProgressMonitor()Lorg/eclipse/core/runtime/IProgressMonitor;",
      "Lorg/eclipse/jface/dialogs/ProgressMonitorDialog.run(ZZLorg/eclipse/jface/operation/IRunnableWithProgress;)V",
      "Lorg/eclipse/jface/dialogs/ProgressMonitorDialog.updateForSetBlocked(Lorg/eclipse/core/runtime/IStatus;)V"
    ]
  },
  {
    "frequency": 1,
    "overriddenMethods": [
      "Lorg/eclipse/jface/dialogs/Dialog.okPressed()V",
      "Lorg/eclipse/jface/dialogs/IconAndMessageDialog.createMessageArea(Lorg/eclipse/swt/widgets/Composite;)Lorg/eclipse/swt/widgets/Control;",
      "Lorg/eclipse/jface/dialogs/ProgressMonitorDialog.cancelPressed()V",
      "Lorg/eclipse/jface/dialogs/ProgressMonitorDialog.createButtonsForButtonBar(Lorg/eclipse/swt/widgets/Composite;)V",
      "Lorg/eclipse/jface/dialogs/ProgressMonitorDialog.createCancelButton(Lorg/eclipse/swt/widgets/Composite;)V",
      "Lorg/eclipse/jface/dialogs/ProgressMonitorDialog.createDialogArea(Lorg/eclipse/swt/widgets/Composite;)Lorg/eclipse/swt/widgets/Control;",
      "Lorg/eclipse/jface/dialogs/ProgressMonitorDialog.finishedRun()V",
      "Lorg/eclipse/jface/dialogs/ProgressMonitorDialog.getImage()Lorg/eclipse/swt/graphics/Image;"
    ]
  },
  {
    "frequency": 1,
    "overriddenMethods": [
      "Lorg/eclipse/jface/dialogs/ProgressMonitorDialog.configureShell(Lorg/eclipse/swt/widgets/Shell;)V",
      "Lorg/eclipse/jface/window/Window.getConstrainedShellBounds(Lorg/eclipse/swt/graphics/Rectangle;)Lorg/eclipse/swt/graphics/Rectangle;"
    ]
  },
  {
    "frequency": 2,
    "overriddenMethods": [
      "Lorg/eclipse/jface/dialogs/ProgressMonitorDialog.createCancelButton(Lorg/eclipse/swt/widgets/Composite;)V"
    ]
  },
  {
    "frequency": 1,
    "overriddenMethods": [
      "Lorg/eclipse/jface/dialogs/ProgressMonitorDialog.cancelPressed()V"
    ]
  },
  {
    "frequency": 1,
    "overriddenMethods": [
      "Lorg/eclipse/jface/dialogs/Dialog.getInitialLocation(Lorg/eclipse/swt/graphics/Point;)Lorg/eclipse/swt/graphics/Point;",
      "Lorg/eclipse/jface/dialogs/IconAndMessageDialog.createButtonBar(Lorg/eclipse/swt/widgets/Composite;)Lorg/eclipse/swt/widgets/Control;",
      "Lorg/eclipse/jface/dialogs/IconAndMessageDialog.createContents(Lorg/eclipse/swt/widgets/Composite;)Lorg/eclipse/swt/widgets/Control;",
      "Lorg/eclipse/jface/dialogs/IconAndMessageDialog.createMessageArea(Lorg/eclipse/swt/widgets/Composite;)Lorg/eclipse/swt/widgets/Control;",
      "Lorg/eclipse/jface/dialogs/ProgressMonitorDialog.configureShell(Lorg/eclipse/swt/widgets/Shell;)V",
      "Lorg/eclipse/jface/dialogs/ProgressMonitorDialog.createDialogArea(Lorg/eclipse/swt/widgets/Composite;)Lorg/eclipse/swt/widgets/Control;",
      "Lorg/eclipse/jface/dialogs/ProgressMonitorDialog.getImage()Lorg/eclipse/swt/graphics/Image;",
      "Lorg/eclipse/jface/dialogs/ProgressMonitorDialog.getInitialSize()Lorg/eclipse/swt/graphics/Point;"
    ]
  },
  {
    "frequency": 1,
    "overriddenMethods": [
      "Lorg/eclipse/jface/dialogs/ProgressMonitorDialog.getProgressMonitor()Lorg/eclipse/core/runtime/IProgressMonitor;"
    ]
  },
  {
    "frequency": 4,
    "overriddenMethods": [
      "Lorg/eclipse/jface/dialogs/ProgressMonitorDialog.getProgressMonitor()Lorg/eclipse/core/runtime/IProgressMonitor;",
      "Lorg/eclipse/jface/dialogs/ProgressMonitorDialog.run(ZZLorg/eclipse/jface/operation/IRunnableWithProgress;)V"
    ]
  }
]