[
  {
    "frequency": 1,
    "overriddenMethods": [
      "Lorg/eclipse/jface/resource/CompositeImageDescriptor.drawCompositeImage(II)V",
      "Lorg/eclipse/jface/resource/CompositeImageDescriptor.getSize()Lorg/eclipse/swt/graphics/Point;",
      "Lorg/eclipse/jface/resource/CompositeImageDescriptor.getTransparentPixel()I"
    ]
  },
  {
    "frequency": 4,
    "overriddenMethods": [
      "Ljava/lang/Object.equals(Ljava/lang/Object;)Z",
      "Ljava/lang/Object.hashCode()I",
      "Lorg/eclipse/jface/resource/CompositeImageDescriptor.drawCompositeImage(II)V",
      "Lorg/eclipse/jface/resource/CompositeImageDescriptor.getSize()Lorg/eclipse/swt/graphics/Point;",
      "Lorg/eclipse/jface/resource/CompositeImageDescriptor.getTransparentPixel()I"
    ]
  },
  {
    "frequency": 47,
    "overriddenMethods": [
      "Ljava/lang/Object.equals(Ljava/lang/Object;)Z",
      "Ljava/lang/Object.hashCode()I",
      "Lorg/eclipse/jface/resource/CompositeImageDescriptor.drawCompositeImage(II)V",
      "Lorg/eclipse/jface/resource/CompositeImageDescriptor.getSize()Lorg/eclipse/swt/graphics/Point;"
    ]
  },
  {
    "frequency": 83,
    "overriddenMethods": [
      "Lorg/eclipse/jface/resource/CompositeImageDescriptor.drawCompositeImage(II)V",
      "Lorg/eclipse/jface/resource/CompositeImageDescriptor.getSize()Lorg/eclipse/swt/graphics/Point;"
    ]
  }
]