[
  {
    "frequency": 2,
    "overriddenMethods": [
      "Lorg/eclipse/jface/resource/ImageDescriptor.createImage(ZLorg/eclipse/swt/graphics/Device;)Lorg/eclipse/swt/graphics/Image;",
      "Lorg/eclipse/jface/resource/ImageDescriptor.getImageData()Lorg/eclipse/swt/graphics/ImageData;"
    ]
  },
  {
    "frequency": 5,
    "overriddenMethods": []
  },
  {
    "frequency": 34,
    "overriddenMethods": [
      "Lorg/eclipse/jface/resource/ImageDescriptor.getImageData()Lorg/eclipse/swt/graphics/ImageData;"
    ]
  },
  {
    "frequency": 1,
    "overriddenMethods": [
      "Ljava/lang/Object.equals(Ljava/lang/Object;)Z",
      "Ljava/lang/Object.hashCode()I",
      "Lorg/eclipse/jface/resource/ImageDescriptor.createImage(Lorg/eclipse/swt/graphics/Device;)Lorg/eclipse/swt/graphics/Image;",
      "Lorg/eclipse/jface/resource/ImageDescriptor.createResource(Lorg/eclipse/swt/graphics/Device;)Ljava/lang/Object;",
      "Lorg/eclipse/jface/resource/ImageDescriptor.getImageData()Lorg/eclipse/swt/graphics/ImageData;"
    ]
  },
  {
    "frequency": 2,
    "overriddenMethods": [
      "Ljava/lang/Object.equals(Ljava/lang/Object;)Z",
      "Ljava/lang/Object.hashCode()I",
      "Ljava/lang/Object.toString()Ljava/lang/String;",
      "Lorg/eclipse/jface/resource/ImageDescriptor.createImage(ZLorg/eclipse/swt/graphics/Device;)Lorg/eclipse/swt/graphics/Image;",
      "Lorg/eclipse/jface/resource/ImageDescriptor.getImageData()Lorg/eclipse/swt/graphics/ImageData;"
    ]
  },
  {
    "frequency": 1,
    "overriddenMethods": [
      "Lorg/eclipse/jface/resource/ImageDescriptor.createImage()Lorg/eclipse/swt/graphics/Image;",
      "Lorg/eclipse/jface/resource/ImageDescriptor.createImage(ZLorg/eclipse/swt/graphics/Device;)Lorg/eclipse/swt/graphics/Image;",
      "Lorg/eclipse/jface/resource/ImageDescriptor.getImageData()Lorg/eclipse/swt/graphics/ImageData;"
    ]
  },
  {
    "frequency": 1,
    "overriddenMethods": [
      "Ljava/lang/Object.toString()Ljava/lang/String;",
      "Lorg/eclipse/jface/resource/ImageDescriptor.createImage()Lorg/eclipse/swt/graphics/Image;",
      "Lorg/eclipse/jface/resource/ImageDescriptor.getImageData()Lorg/eclipse/swt/graphics/ImageData;"
    ]
  },
  {
    "frequency": 2,
    "overriddenMethods": [
      "Lorg/eclipse/jface/resource/ImageDescriptor.createImage()Lorg/eclipse/swt/graphics/Image;",
      "Lorg/eclipse/jface/resource/ImageDescriptor.getImageData()Lorg/eclipse/swt/graphics/ImageData;"
    ]
  },
  {
    "frequency": 1,
    "overriddenMethods": [
      "Ljava/lang/Object.toString()Ljava/lang/String;",
      "Lorg/eclipse/jface/resource/ImageDescriptor.createImage()Lorg/eclipse/swt/graphics/Image;",
      "Lorg/eclipse/jface/resource/ImageDescriptor.createImage(ZLorg/eclipse/swt/graphics/Device;)Lorg/eclipse/swt/graphics/Image;",
      "Lorg/eclipse/jface/resource/ImageDescriptor.getImageData()Lorg/eclipse/swt/graphics/ImageData;"
    ]
  },
  {
    "frequency": 1,
    "overriddenMethods": [
      "Ljava/lang/Object.equals(Ljava/lang/Object;)Z",
      "Ljava/lang/Object.hashCode()I",
      "Ljava/lang/Object.toString()Ljava/lang/String;",
      "Lorg/eclipse/jface/resource/ImageDescriptor.getImageData()Lorg/eclipse/swt/graphics/ImageData;"
    ]
  },
  {
    "frequency": 27,
    "overriddenMethods": [
      "Ljava/lang/Object.equals(Ljava/lang/Object;)Z",
      "Ljava/lang/Object.hashCode()I",
      "Lorg/eclipse/jface/resource/ImageDescriptor.getImageData()Lorg/eclipse/swt/graphics/ImageData;"
    ]
  }
]